{
  "combos": [
    {
      "closeThreshold": 1.1094186531843695e-4,
      "finalEquity": 1.003042362390741,
      "metrics": {
        "maxDrawdown": 1.0342182398914643e-3,
        "roundTrips": 1,
        "sharpe": 30.09035100169619,
        "turnover": 1.0050251256281407e-2
      },
      "objective": "equity-dd-turnover",
      "openThreshold": 1.1094186531843695e-4,
      "operations": [
        {
          "entryEquity": 0.9989657817601085,
          "entryIndex": 71,
          "exitEquity": 1.003042362390741,
          "exitIndex": 77,
          "exitReason": "SIGNAL",
          "holdingPeriods": 6,
          "return": 4.080801069531903e-3
        }
      ],
      "params": {
        "bars": 1000,
        "baseCloseThreshold": 1.1144050668938367e-8,
        "baseOpenThreshold": 5.222339664144187e-6,
        "binanceSymbol": null,
        "blendWeight": 0.5,
        "confidenceSizing": false,
        "confirmConformal": false,
        "confirmQuantiles": false,
        "cooldownBars": 0,
        "costAwareEdge": false,
        "edgeBuffer": 0,
        "epochs": 1,
        "fee": 8.009585049097282e-4,
        "gradClip": null,
        "hiddenSize": 57,
        "interval": "5m",
        "intrabarFill": "stop-first",
        "kalmanDt": 1.7211777956152827,
        "kalmanMarketTopN": 50,
        "kalmanMeasurementVar": 2.2342225786038605e-6,
        "kalmanProcessVar": 1.6143870512038587e-5,
        "kalmanZMax": 4.744922724180078,
        "kalmanZMin": 0.4939052484863733,
        "learningRate": 5.156994528884474e-4,
        "lstmExitFlipBars": 0,
        "maxConformalWidth": null,
        "maxDailyLoss": 7.137129003044528e-2,
        "maxDrawdown": null,
        "maxHighVolProb": null,
        "maxHoldBars": 67,
        "maxOrderErrors": null,
        "maxPositionSize": 0.7298628664697487,
        "maxQuantileWidth": null,
        "maxVolatility": 1.2612936121761409,
        "method": "10",
        "minEdge": 3.851024304963512e-6,
        "minHoldBars": 6,
        "minPositionSize": 0,
        "minSignalToNoise": 7.339979922052992e-2,
        "normalization": "standard",
        "patience": 2,
        "periodsPerYear": null,
        "platform": null,
        "positioning": "long-flat",
        "slippage": 4.3036677722668417e-4,
        "spread": 3.713492217454056e-4,
        "stopLoss": null,
        "stopLossVolMult": null,
        "takeProfit": null,
        "takeProfitVolMult": null,
        "trailingStop": null,
        "trailingStopVolMult": null,
        "trendLookback": 0,
        "triLayer": true,
        "triLayerCloudPadding": 0.17316868060982693,
        "triLayerFastMult": 0.5063573411203174,
        "triLayerPriceAction": false,
        "triLayerSlowMult": 1.7962516806955018,
        "tuneStressShock": 0,
        "tuneStressVolMult": 1,
        "tuneStressWeight": 0,
        "valRatio": 0.21629943816771327,
        "volEwmaAlpha": null,
        "volFloor": 0.19709507920240257,
        "volLookback": 39,
        "volScaleMax": 1,
        "volTarget": 0.598825116758515,
        "walkForwardFolds": 1
      },
      "rank": 1,
      "score": 0.9994809847796475,
      "source": "csv"
    },
    {
      "closeThreshold": 1.1094429786460145e-4,
      "finalEquity": 1.000410916628207,
      "metrics": {
        "maxDrawdown": 8.470238058640636e-5,
        "roundTrips": 1,
        "sharpe": 18.767877284235933,
        "turnover": 1.0050251256281407e-2
      },
      "objective": "equity-dd-turnover",
      "openThreshold": 1.1094429786460145e-4,
      "operations": [
        {
          "entryEquity": 0.9990213531340734,
          "entryIndex": 71,
          "exitEquity": 1.000410916628207,
          "exitIndex": 73,
          "exitReason": "TAKE_PROFIT",
          "holdingPeriods": 2,
          "return": 1.390924718249753e-3
        }
      ],
      "params": {
        "bars": 1000,
        "baseCloseThreshold": 6.623731858645084e-7,
        "baseOpenThreshold": 7.866216981266832e-6,
        "binanceSymbol": null,
        "blendWeight": 0.5,
        "confidenceSizing": false,
        "confirmConformal": false,
        "confirmQuantiles": false,
        "cooldownBars": 0,
        "costAwareEdge": false,
        "edgeBuffer": 0,
        "epochs": 1,
        "fee": 9.489758053262685e-4,
        "gradClip": 0.19158219548093164,
        "hiddenSize": 29,
        "interval": "5m",
        "intrabarFill": "stop-first",
        "kalmanDt": 1.3449133579645756,
        "kalmanMarketTopN": 50,
        "kalmanMeasurementVar": 4.9734444557171384e-6,
        "kalmanProcessVar": 6.0543056958621115e-5,
        "kalmanZMax": 3.7953026311036044,
        "kalmanZMin": 1.2088347585556345,
        "learningRate": 1.5517445651473896e-4,
        "lstmExitFlipBars": 0,
        "maxConformalWidth": null,
        "maxDailyLoss": null,
        "maxDrawdown": null,
        "maxHighVolProb": null,
        "maxHoldBars": 42,
        "maxOrderErrors": null,
        "maxPositionSize": 0.6880464524154114,
        "maxQuantileWidth": null,
        "maxVolatility": 1.7208616204015557,
        "method": "10",
        "minEdge": 8.021969807540398e-6,
        "minHoldBars": 3,
        "minPositionSize": 0,
        "minSignalToNoise": 3.727532183988541e-2,
        "normalization": "standard",
        "patience": 10,
        "periodsPerYear": null,
        "platform": null,
        "positioning": "long-flat",
        "slippage": 2.806385987847481e-4,
        "spread": 3.854835899772805e-4,
        "stopLoss": 0.11533620933558016,
        "stopLossVolMult": null,
        "takeProfit": 3.449108057028005e-3,
        "takeProfitVolMult": null,
        "trailingStop": 7.923105595344197e-3,
        "trailingStopVolMult": null,
        "trendLookback": 0,
        "triLayer": true,
        "triLayerCloudPadding": 0.1454615616895671,
        "triLayerFastMult": 0.30757356602920455,
        "triLayerPriceAction": false,
        "triLayerSlowMult": 1.5849911339655653,
        "tuneStressShock": 0,
        "tuneStressVolMult": 1,
        "tuneStressWeight": 0,
        "valRatio": 0.21124547565947993,
        "volEwmaAlpha": null,
        "volFloor": 0.1706857343847617,
        "volLookback": 32,
        "volScaleMax": 1,
        "volTarget": null,
        "walkForwardFolds": 1
      },
      "rank": 2,
      "score": 0.9982738128060709,
      "source": "csv"
    },
    {
      "closeThreshold": 1.1090756574103642e-4,
      "finalEquity": 1.0016481759854639,
      "metrics": {
        "maxDrawdown": 1.1219901867673726e-3,
        "roundTrips": 1,
        "sharpe": 18.90407424079786,
        "turnover": 1.0050251256281407e-2
      },
      "objective": "equity-dd-turnover",
      "openThreshold": 1.1090756574103642e-4,
      "operations": [
        {
          "entryEquity": 0.9988780098132326,
          "entryIndex": 71,
          "exitEquity": 1.0016481759854639,
          "exitIndex": 76,
          "exitReason": "SIGNAL",
          "holdingPeriods": 5,
          "return": 2.7732777626661154e-3
        }
      ],
      "params": {
        "bars": 1000,
        "baseCloseThreshold": 1.568772724096867e-6,
        "baseOpenThreshold": 3.073819907862835e-8,
        "binanceSymbol": null,
        "blendWeight": 0.5,
        "confidenceSizing": false,
        "confirmConformal": false,
        "confirmQuantiles": false,
        "cooldownBars": 2,
        "costAwareEdge": false,
        "edgeBuffer": 0,
        "epochs": 1,
        "fee": 9.122988465637941e-4,
        "gradClip": null,
        "hiddenSize": 27,
        "interval": "5m",
        "intrabarFill": "stop-first",
        "kalmanDt": 1.8420172451493775,
        "kalmanMarketTopN": 50,
        "kalmanMeasurementVar": 1.0678645676517512e-5,
        "kalmanProcessVar": 1.4651709522914313e-6,
        "kalmanZMax": 0.638294383587177,
        "kalmanZMin": 5.4508020756802944e-2,
        "learningRate": 1.9048372545755107e-4,
        "lstmExitFlipBars": 0,
        "maxConformalWidth": null,
        "maxDailyLoss": null,