algorithm,comparisonWarning,completePaths,failedPaths,failureRate,horizon,meanFees,meanFunding,meanTerminalOrStoppedReturn,medianPathSharpe,paths,seed,stress,worstDrawdown,worstES95,worstTerminalOrStoppedReturn
ppo,Stopped paths have different endpoints; these descriptive aggregates cannot establish relative economic superiority.,1,29,0.9666666666666667,1,0.0014750017575489707,-3.032189046086095e-05,0.024248769915066328,2.01024383873169,30,11,base,0.14353111822749354,0.020382930433924584,-0.0484654309792838
ppo,Stopped paths have different endpoints; these descriptive aggregates cannot establish relative economic superiority.,1,29,0.9666666666666667,1,0.002209488351677273,-2.990775006475122e-05,0.022749300874460535,1.7642946466670626,30,11,cost1_5x,0.1444830643865691,0.02039056441187248,-0.053266746085217975
ppo,Stopped paths have different endpoints; these descriptive aggregates cannot establish relative economic superiority.,1,29,0.9666666666666667,1,0.0029419753079475823,-2.9495455304483848e-05,0.021253895917478165,1.5198350531424705,30,11,cost2x,0.1454340346177837,0.020398197919403283,-0.05804478284862391
ppo,Stopped paths have different endpoints; these descriptive aggregates cannot establish relative economic superiority.,1,29,0.9666666666666667,1,0.003693143890348859,-2.8929430284052092e-05,0.01974249138866594,1.4287567738187805,30,11,extreme25bp,0.14638402984604137,0.020405830961783944,-0.0627996496306149
ppo,Stopped paths have different endpoints; these descriptive aggregates cannot establish relative economic superiority.,0,30,1.0,1,0.00134548223344337,0.0002703792254281095,-0.005989428022538442,-0.43901924039018836,30,11,delay1bar,0.15374900281932902,0.02992319879018135,-0.11701558230903975
ppo,Stopped paths have different endpoints; these descriptive aggregates cannot establish relative economic superiority.,26,4,0.13333333333333333,1,0.008477865617708722,0.000998690851375006,0.0521887093445408,1.1122828230972763,30,11,partial50pct,0.17784556728276713,0.022030249417841635,-0.12809586069133072
ppo,Stopped paths have different endpoints; these descriptive aggregates cannot establish relative economic superiority.,0,30,1.0,1,0.0014262442569175039,-3.470714962088774e-05,0.024261748735531125,1.9975266514055847,30,11,missed10pct,0.1437156601339088,0.020382930433920476,-0.04543694310738222
ppo,Stopped paths have different endpoints; these descriptive aggregates cannot establish relative economic superiority.,1,29,0.9666666666666667,1,0.0014729338125424281,-2.9873025609979703e-05,0.0226670452400103,1.7640392075318254,30,11,impact10bp,0.14460846243732117,0.020384856089709413,-0.053489673404792826
ppo,Stopped paths have different endpoints; these descriptive aggregates cannot establish relative economic superiority.,1,29,0.9666666666666667,1,0.001467020010260676,-5.520922934303834e-05,0.023919451518244667,1.7348104075840718,30,11,funding2x,0.14355472535112557,0.02040792479293324,-0.049465934336904493
ppo,Stopped paths have different endpoints; these descriptive aggregates cannot establish relative economic superiority.,0,30,1.0,1,0.0009431149418960183,-0.00027208897541598927,-0.023855764880029773,-0.009127218244256576,30,23,base,0.1620941656958661,0.01843830006280811,-0.1285993381065551
ppo,Stopped paths have different endpoints; these descriptive aggregates cannot establish relative economic superiority.,0,30,1.0,1,0.001413607661165467,-0.00027238280004066755,-0.024768773161176795,-0.08978879116648819,30,23,cost1_5x,0.16264047653082392,0.018445199733809203,-0.12901374519545017
ppo,Stopped paths have different endpoints; these descriptive aggregates cannot establish relative economic superiority.,0,30,1.0,1,0.0018833923619250045,-0.00027267580608823447,-0.02568039344000003,-0.17053011170052945,30,23,cost2x,0.16318644412146222,0.018452099927353638,-0.12942800339182237
ppo,Stopped paths have different endpoints; these descriptive aggregates cannot establish relative economic superiority.,0,30,1.0,1,0.0023524704028101595,-0.00027296799507233306,-0.02659062840707601,-0.2513406508485022,30,23,extreme25bp,0.16373206868033496,0.018459000632561562,-0.12984211272472945
ppo,Stopped paths have different endpoints; these descriptive aggregates cannot establish relative economic superiority.,0,30,1.0,1,0.0009630100552219835,-0.0004813423337988661,-0.017600702128306594,0.09111560027191745,30,23,delay1bar,0.17330716771603638,0.018195042921428053,-0.1317257412891205
ppo,Stopped paths have different endpoints; these descriptive aggregates cannot establish relative economic superiority.,18,12,0.4,1,0.00788144814424786,-0.0008679653873966493,-0.05269995216463587,-0.9055604519345994,30,23,partial50pct,0.16094635803607538,0.01664765788671459,-0.12851610903472732
ppo,Stopped paths have different endpoints; these descriptive aggregates cannot establish relative economic superiority.,0,30,1.0,1,0.0008613551587278105,-0.0002708888893512813,-0.022455822543017992,0.3868578238917875,30,23,missed10pct,0.16045625490886106,0.017703601491409798,-0.12826046542281289
ppo,Stopped paths have different endpoints; these descriptive aggregates cannot establish relative economic superiority.,0,30,1.0,1,0.0009424030766386378,-0.0002723663173881863,-0.024727584366120967,-0.08349321917899204,30,23,impact10bp,0.16243371180136168,0.018439935799803076,-0.12883168188284366
ppo,Stopped paths have different endpoints; these descriptive aggregates cannot establish relative economic superiority.,0,30,1.0,1,0.0009427689316412497,-0.0005394919444374371,-0.023598818430745405,0.03494927387058184,30,23,funding2x,0.15670531580030433,0.018463296775894755,-0.13131299297642118
ppo,Stopped paths have different endpoints; these descriptive aggregates cannot establish relative economic superiority.,5,25,0.8333333333333334,1,0.004268879557019085,-0.0011451139195321973,-0.031814760459909525,-0.6013766223883499,30,47,base,0.16293527940511887,0.0165316879905528,-0.13957226550636548
ppo,Stopped paths have different endpoints; these descriptive aggregates cannot establish relative economic superiority.,5,25,0.8333333333333334,1,0.0063559827025354695,-0.0011439376009924744,-0.035903058636853266,-0.7940764298362486,30,47,cost1_5x,0.16340458574009553,0.016550425940525963,-0.1402009800162749
ppo,Stopped paths have different endpoints; these descriptive aggregates cannot establish relative economic superiority.,4,26,0.8666666666666667,1,0.007353517949397803,-0.001047430388386087,-0.036198598097610946,-0.9187382829792872,30,47,cost2x,0.16387363592140913,0.016569163740057076,-0.1408292843784068
ppo,Stopped paths have different endpoints; these descriptive aggregates cannot establish relative economic superiority.,3,27,0.9,1,0.008115590777819088,-0.0010224690387595113,-0.03677206702727358,-1.084687827986149,30,47,extreme25bp,0.16434243007339866,0.016587901389076027,-0.1414571788118002
ppo,Stopped paths have different endpoints; these descriptive aggregates cannot establish relative economic superiority.,6,24,0.8,1,0.003154973981471546,-0.0015622112170446468,-0.032187684347642555,-0.8448334653342847,30,47,delay1bar,0.17330716771590038,0.018195042921428,-0.1317257412891205
ppo,Stopped paths have different endpoints; these descriptive aggregates cannot establish relative economic superiority.,17,13,0.43333333333333335,1,0.009044233020715513,-0.0044764628097101805,-0.03678007028258411,-0.6091182776258353,30,47,partial50pct,0.16652986385550728,0.017088974634427767,-0.12704652336602662
ppo,Stopped paths have different endpoints; these descriptive aggregates cannot establish relative economic superiority.,6,24,0.8,1,0.004314093147180906,-0.0012123315540828732,-0.028732572856861375,-0.3231158073818051,30,47,missed10pct,0.16096472266550377,0.016540196976454615,-0.1295009326534391
ppo,Stopped paths have different endpoints; these descriptive aggregates cannot establish relative economic superiority.,5,25,0.8333333333333334,1,0.004236979786982024,-0.001144073744581591,-0.035852725531078766,-0.7923627087712093,30,47,impact10bp,0.16326106329881507,0.01654582428177467,-0.14001842150416388
ppo,Stopped paths have different endpoints; these descriptive aggregates cannot establish relative economic superiority.,5,25,0.8333333333333334,1,0.004265028172683959,-0.0022774342403432332,-0.0327965891999838,-0.6668336067653227,30,47,funding2x,0.1645638011771281,0.016544706473008715,-0.14211161189223676
double_dqn,Stopped paths have different endpoints; these descriptive aggregates cannot establish relative economic superiority.,2,28,0.9333333333333333,1,0.0032004626974554127,-0.00017501485237596335,-0.0029782327963081743,-0.49259396898807417,30,11,base,0.18228884598415473,0.029755271168053876,-0.16813301480001108
double_dqn,Stopped paths have different endpoints; these descriptive aggregates cannot establish relative economic superiority.,2,28,0.9333333333333333,1,0.004767736968479556,-0.00017813441534771224,-0.0046685588160183455,-0.5409855368327962,30,11,cost1_5x,0.1827373484429674,0.029773866909245217,-0.15229226395690698
double_dqn,Stopped paths have different endpoints; these descriptive aggregates cannot establish relative economic superiority.,1,29,0.9666666666666667,1,0.006064117373794493,-0.0002882247323713242,-0.007527880221568665,-0.5893818999136808,30,11,cost2x,0.18318566590830876,0.02979246272731706,-0.15260466849025
double_dqn,Stopped paths have different endpoints; these descriptive aggregates cannot establish relative economic superiority.,1,29,0.9666666666666667,1,0.007354019476483477,-0.0002439624548507266,-0.01070185266832104,-0.6627470916469025,30,11,extreme25bp,0.1836337984323544,0.029811058622097764,-0.14963456819802345
double_dqn,Stopped paths have different endpoints; these descriptive aggregates cannot establish relative economic superiority.,5,25,0.8333333333333334,1,0.003073320736220685,0.00041366717883471233,-0.008841874062066083,-0.19354187942536466,30,11,delay1bar,0.18107769672182672,0.029680611602964535,-0.12912932839302382
double_dqn,Stopped paths have different endpoints; these descriptive aggregates cannot establish relative economic superiority.,19,11,0.36666666666666664,1,0.007584908298291717,0.0017274907373534913,-0.026287469115466453,-0.28287183767797874,30,11,partial50pct,0.19548943870223234,0.01839809617638937,-0.1620699067853496
double_dqn,Stopped paths have different endpoints; these descriptive aggregates cannot establish relative economic superiority.,1,29,0.9666666666666667,1,0.00316621281661769,-0.000401780467998925,0.0012374048751767545,-0.7712108066320369,30,11,missed10pct,0.18179354907698564,0.029755271168053876,-0.16103353872400494
double_dqn,Stopped paths have different endpoints; these descriptive aggregates cannot establish relative economic superiority.,2,28,0.9333333333333333,1,0.003178666328110787,-0.00017748179550180983,-0.004447520287837052,-0.532148927841273,30,11,impact10bp,0.18254347040163288,0.029762547564671893,-0.15225822735065675
double_dqn,Stopped paths have different endpoints; these descriptive aggregates cannot establish relative economic superiority.,2,28,0.9333333333333333,1,0.003192264289028557,-0.00047465202586489263,-0.0029997919087846586,-0.4001813809645558,30,11,funding2x,0.18089098281790428,0.029730262001548158,-0.16888347321706243
double_dqn,Stopped paths have different endpoints; these descriptive aggregates cannot establish relative economic superiority.,14,16,0.5333333333333333,1,0.004243283264068826,-0.0010799093141903584,0.0030919765748438615,0.4022642194614834,30,23,base,0.16672156919738912,0.01912729285742491,-0.14718697243482093
double_dqn,Stopped paths have different endpoints; these descriptive aggregates cannot establish relative economic superiority.,13,17,0.5666666666666667,1,0.006252471156043988,-0.0012575797753057564,-0.006941169644015296,0.3030400440929847,30,23,cost1_5x,0.16789381737440745,0.01915535033907265,-0.14647634762654937
double_dqn,Stopped paths have different endpoints; these descriptive aggregates cannot establish relative economic superiority.,11,19,0.6333333333333333,1,0.0081055706241357,-0.0012432056436819429,-0.012846154797234636,0.2431949177234755,30,23,cost2x,0.16128503864944999,0.02266906666734278,-0.1500911492207495
double_dqn,Stopped paths have different endpoints; these descriptive aggregates cannot establish relative economic superiority.,11,19,0.6333333333333333,1,0.009993445281262173,-0.0012314754001082572,-0.014880334634221481,0.1833683281040009,30,23,extreme25bp,0.16217636446895478,0.02270275741436953,-0.15369124578576532
double_dqn,Stopped paths have different endpoints; these descriptive aggregates cannot establish relative economic superiority.,15,15,0.5,1,0.0032457464323492483,-0.0008898345302881064,-0.02196526676264702,-0.010746090252453475,30,23,delay1bar,0.16556826973640615,0.02192503267957603,-0.16556826973640615
double_dqn,Stopped paths have different endpoints; these descriptive aggregates cannot establish relative economic superiority.,20,10,0.3333333333333333,1,0.0039620894201078845,-0.0009359499325178716,-0.02019290971408448,0.0014692638328117347,30,23,partial50pct,0.16499082091136186,0.017483652839774485,-0.16085024769476053
double_dqn,Stopped paths have different endpoints; these descriptive aggregates cannot establish relative economic superiority.,14,16,0.5333333333333333,1,0.004094122902484042,-0.0011852068232895236,-0.011005232680402204,0.22573249025463266,30,23,missed10pct,0.16541711448527807,0.021685565400789704,-0.15153164426832177
double_dqn,Stopped paths have different endpoints; these descriptive aggregates cannot establish relative economic superiority.,13,17,0.5666666666666667,1,0.004169087730047382,-0.001255549462580326,-0.0066155557309789245,0.3071870041816486,30,23,impact10bp,0.16768550158546147,0.019153375544462847,-0.14613607421801533
double_dqn,Stopped paths have different endpoints; these descriptive aggregates cannot establish relative economic superiority.,14,16,0.5333333333333333,1,0.004239599900253471,-0.0021194584536774882,0.002091950006268014,0.3849568133066783,30,23,funding2x,0.16735091579810768,0.019149297334921773,-0.1506390239099521
double_dqn,Stopped paths have different endpoints; these descriptive aggregates cannot establish relative economic superiority.,9,21,0.7,1,0.005515266367208852,-0.0017130834665738859,-0.04754055559675527,-1.2270116870631103,30,47,base,0.1831413428170846,0.01984849788678474,-0.15290920586855739
double_dqn,Stopped paths have different endpoints; these descriptive aggregates cannot establish relative economic superiority.,9,21,0.7,1,0.008187718053443335,-0.0017119700968823805,-0.050592707994296535,-1.373711803969535,30,47,cost1_5x,0.17088507868686853,0.019867152699815465,-0.13243871829533616
double_dqn,Stopped paths have different endpoints; these descriptive aggregates cannot establish relative economic superiority.,8,22,0.7333333333333333,1,0.010775186827927767,-0.0016998817246507334,-0.055026051154814064,-1.5896507764083316,30,47,cost2x,0.16241737165711279,0.01874229267680428,-0.14130561833478938
double_dqn,Stopped paths have different endpoints; these descriptive aggregates cannot establish relative economic superiority.,7,23,0.7666666666666667,1,0.012790291891549985,-0.0016371999279433589,-0.0588601559568271,-1.7595877648312692,30,47,extreme25bp,0.1631998902982177,0.01878154535853254,-0.14558308010952425
double_dqn,Stopped paths have different endpoints; these descriptive aggregates cannot establish relative economic superiority.,5,25,0.8333333333333334,1,0.003001983295753387,-0.0017165605728312202,-0.05862929069993029,-2.2924568296886236,30,47,delay1bar,0.16053634891589008,0.019393974356107877,-0.1494568910357721
double_dqn,Stopped paths have different endpoints; these descriptive aggregates cannot establish relative economic superiority.,19,11,0.36666666666666664,1,0.0074981579495369205,-0.003053705395577306,-0.04166056311161561,-0.8969178742264057,30,47,partial50pct,0.1705828741555373,0.01953675557497329,-0.1460536433325338
double_dqn,Stopped paths have different endpoints; these descriptive aggregates cannot establish relative economic superiority.,9,21,0.7,1,0.005178881162341778,-0.0017030953968799722,-0.050515327906138795,-1.3017948447271503,30,47,missed10pct,0.1771578422893434,0.01985700687266243,-0.16030361679166372
double_dqn,Stopped paths have different endpoints; these descriptive aggregates cannot establish relative economic superiority.,9,21,0.7,1,0.005459689858341472,-0.001712216340983996,-0.05042899477532484,-1.3685288369555892,30,47,impact10bp,0.17073673494026698,0.01986183407642149,-0.13225858357997466
double_dqn,Stopped paths have different endpoints; these descriptive aggregates cannot establish relative economic superiority.,9,21,0.7,1,0.005498703464013161,-0.003399051438918407,-0.048624249136919734,-1.1880840816642753,30,47,funding2x,0.18610286586095948,0.01983116989314906,-0.15596865743482247
cql,Stopped paths have different endpoints; these descriptive aggregates cannot establish relative economic superiority.,10,20,0.6666666666666666,1,0.0009705367281729444,-0.005172939353804983,-0.03175645019669072,-0.8536796261688429,30,11,base,0.23021568196215025,0.020367739140882857,-0.2107124218186187
cql,Stopped paths have different endpoints; these descriptive aggregates cannot establish relative economic superiority.,10,20,0.6666666666666666,1,0.0014529495432023395,-0.0051711686519557805,-0.029949625395838828,-0.8724121373516667,30,11,cost1_5x,0.16134683307888753,0.020398431683918816,-0.13759035906939987
cql,Stopped paths have different endpoints; these descriptive aggregates cannot establish relative economic superiority.,10,20,0.6666666666666666,1,0.0019362034213424703,-0.0051699172622716736,-0.03088888161495368,-0.8911384159793081,30,11,cost2x,0.16174072290446695,0.02042912415805509,-0.138152599020277
cql,Stopped paths have different endpoints; these descriptive aggregates cannot establish relative economic superiority.,10,20,0.6666666666666666,1,0.0024184815659566523,-0.0051695406166332915,-0.03147065516505597,-0.9098580601918025,30,11,extreme25bp,0.16213443278236017,0.02045981656324769,-0.13871453611266993
cql,Stopped paths have different endpoints; these descriptive aggregates cannot establish relative economic superiority.,11,19,0.6333333333333333,1,0.0008184303956425162,-0.005092025852736651,-0.034253316444731355,-1.1849831198621188,30,11,delay1bar,0.22627305628140282,0.020875442005047373,-0.20160559962227065
cql,Stopped paths have different endpoints; these descriptive aggregates cannot establish relative economic superiority.,9,21,0.7,1,0.0007950130862818323,-0.005068379984527181,-0.04415374579800989,-1.2741132540290416,30,11,partial50pct,0.2400747955678606,0.02006663555158596,-0.22043538601236778
cql,Stopped paths have different endpoints; these descriptive aggregates cannot establish relative economic superiority.,10,20,0.6666666666666666,1,0.0009996103856910142,-0.004927974828075283,-0.034523471052730216,-0.9568395835331848,30,11,missed10pct,0.22928867626570548,0.020850871608219152,-0.20984463828135935
cql,Stopped paths have different endpoints; these descriptive aggregates cannot establish relative economic superiority.,10,20,0.6666666666666666,1,0.0009702859803831051,-0.005172364095799761,-0.032233118019536065,-0.8624745564669598,30,11,impact10bp,0.23069906889376057,0.020392462478998664,-0.21132795490322032
cql,Stopped paths have different endpoints; these descriptive aggregates cannot establish relative economic superiority.,10,20,0.6666666666666666,1,0.0009667330526713402,-0.010246395712772128,-0.036622926690721105,-0.9898445990934504,30,11,funding2x,0.22795022514547247,0.020390669977324926,-0.2070886836088659
cql,Stopped paths have different endpoints; these descriptive aggregates cannot establish relative economic superiority.,13,17,0.5666666666666667,1,0.0016000125729845678,-0.00017747118098379282,-0.018389771127396648,-0.707307000103721,30,23,base,0.16199381078171637,0.019756297421266,-0.13904219513384786
cql,Stopped paths have different endpoints; these descriptive aggregates cannot establish relative economic superiority.,13,17,0.5666666666666667,1,0.0023976343066628237,-0.0001827679455258265,-0.01954539413150487,-0.7232402780131024,30,23,cost1_5x,0.15888306558665422,0.01964360607573462,-0.1406868096372741
cql,Stopped paths have different endpoints; these descriptive aggregates cannot establish relative economic superiority.,13,17,0.5666666666666667,1,0.0031935656320496355,-0.00018427504667684058,-0.021141782604528404,-0.7391667008118779,30,23,cost2x,0.15922306021393373,0.019672554190529584,-0.14232850301033495
cql,Stopped paths have different endpoints; these descriptive aggregates cannot establish relative economic superiority.,13,17,0.5666666666666667,1,0.00398786393211886,-0.00018577749948950635,-0.022734843603524867,-0.7550860487070128,30,23,extreme25bp,0.1595629287955398,0.019701502703791268,-0.14396728007777915
cql,Stopped paths have different endpoints; these descriptive aggregates cannot establish relative economic superiority.,9,21,0.7,1,0.00109209525791388,0.0001865460316644327,-0.028237071311941208,-1.2352228293402323,30,23,delay1bar,0.17585847471888594,0.021876812153171186,-0.14508360320575575
cql,Stopped paths have different endpoints; these descriptive aggregates cannot establish relative economic superiority.,17,13,0.43333333333333335,1,0.0013344533898809684,-0.0005097255417568185,-0.017985613141454537,-0.860464541409826,30,23,partial50pct,0.1714509070905449,0.017497957962625172,-0.15457345867295946
cql,Stopped paths have different endpoints; these descriptive aggregates cannot establish relative economic superiority.,13,17,0.5666666666666667,1,0.0015375331854232304,-0.0001839763072208462,-0.018843854833059264,-0.8101486980832384,30,23,missed10pct,0.15856829532012862,0.019729094484389854,-0.13898160713262464
cql,Stopped paths have different endpoints; these descriptive aggregates cannot establish relative economic superiority.,13,17,0.5666666666666667,1,0.0015989315198053806,-0.00018225662977589183,-0.018964708663306285,-0.7158909279833463,30,23,impact10bp,0.15867410966888462,0.01964146188260346,-0.14045697363460563
cql,Stopped paths have different endpoints; these descriptive aggregates cannot establish relative economic superiority.,13,17,0.5666666666666667,1,0.0015997241849301095,-0.00027254333366851777,-0.018356714475660636,-0.7223928592729061,30,23,funding2x,0.1611628573754268,0.019757847912136334,-0.14392357716750492
cql,Stopped paths have different endpoints; these descriptive aggregates cannot establish relative economic superiority.,8,22,0.7333333333333333,1,0.0012798755227374998,3.5972585976279856e-05,-0.030798266722382613,-1.1491525459178982,30,47,base,0.18228884598415274,0.018956545572489235,-0.13112003224865
cql,Stopped paths have different endpoints; these descriptive aggregates cannot establish relative economic superiority.,8,22,0.7333333333333333,1,0.0019177569229838066,3.737948564072104e-05,-0.032061819442858075,-1.1910097449225814,30,47,cost1_5x,0.18273734844296785,0.018975190914746108,-0.1326182425343161
cql,Stopped paths have different endpoints; these descriptive aggregates cannot establish relative economic superiority.,8,22,0.7333333333333333,1,0.0025542733879658224,3.877981130751991e-05,-0.033322643250306205,-1.246666600654264,30,47,cost2x,0.18318566590830831,0.01899383571265767,-0.13411397080047172
cql,Stopped paths have different endpoints; these descriptive aggregates cannot establish relative economic superiority.,8,22,0.7333333333333333,1,0.0031894293877073317,4.0173586915508154e-05,-0.03458074708298766,-1.3022862035324745,30,47,extreme25bp,0.18363379843235395,0.019012479966197836,-0.13560722098563283
cql,Stopped paths have different endpoints; these descriptive aggregates cannot establish relative economic superiority.,8,22,0.7333333333333333,1,0.0010223149990188896,-0.0001243023986631425,-0.03118866413533313,-1.3497606249958172,30,47,delay1bar,0.22627305628140282,0.018793228635589056,-0.20160559962227065
cql,Stopped paths have different endpoints; these descriptive aggregates cannot establish relative economic superiority.,12,18,0.6,1,0.0019534532579181365,-0.0034085475075431473,-0.05305152777516861,-0.794505774151308,30,47,partial50pct,0.2423918277218824,0.018901208889723065,-0.22281229924831802
cql,Stopped paths have different endpoints; these descriptive aggregates cannot establish relative economic superiority.,8,22,0.7333333333333333,1,0.0012173228396332495,6.401099382571477e-06,-0.028841976982817256,-1.1207952904765222,30,47,missed10pct,0.18179354907698675,0.018926071946337674,-0.13012156033045585
cql,Stopped paths have different endpoints; these descriptive aggregates cannot establish relative economic superiority.,8,22,0.7333333333333333,1,0.001278756752335117,3.815677388410224e-05,-0.03166544236741944,-1.1843924149398346,30,47,impact10bp,0.18254347040163266,0.018969957817777994,-0.1320181815094168
cql,Stopped paths have different endpoints; these descriptive aggregates cannot establish relative economic superiority.,8,22,0.7333333333333333,1,0.0012802730323591422,0.00012184909733036151,-0.03065146240971891,-1.1999883114636818,30,47,funding2x,0.18089098281790572,0.01895277319458132,-0.13131299297642118
cql_no_inventory_penalty,Stopped paths have different endpoints; these descriptive aggregates cannot establish relative economic superiority.,10,20,0.6666666666666666,1,0.0009705367281729444,-0.005172939353804983,-0.03175645019669072,-0.8536796261688429,30,11,base,0.23021568196215025,0.020367739140882857,-0.2107124218186187
cql_no_inventory_penalty,Stopped paths have different endpoints; these descriptive aggregates cannot establish relative economic superiority.,10,20,0.6666666666666666,1,0.0014529495432023395,-0.0051711686519557805,-0.029949625395838828,-0.8724121373516667,30,11,cost1_5x,0.16134683307888753,0.020398431683918816,-0.13759035906939987
cql_no_inventory_penalty,Stopped paths have different endpoints; these descriptive aggregates cannot establish relative economic superiority.,10,20,0.6666666666666666,1,0.0019362034213424703,-0.0051699172622716736,-0.03088888161495368,-0.8911384159793081,30,11,cost2x,0.16174072290446695,0.02042912415805509,-0.138152599020277
cql_no_inventory_penalty,Stopped paths have different endpoints; these descriptive aggregates cannot establish relative economic superiority.,10,20,0.6666666666666666,1,0.0024184815659566523,-0.0051695406166332915,-0.03147065516505597,-0.9098580601918025,30,11,extreme25bp,0.16213443278236017,0.02045981656324769,-0.13871453611266993
cql_no_inventory_penalty,Stopped paths have different endpoints; these descriptive aggregates cannot establish relative economic superiority.,11,19,0.6333333333333333,1,0.0008184303956425162,-0.005092025852736651,-0.034253316444731355,-1.1849831198621188,30,11,delay1bar,0.22627305628140282,0.020875442005047373,-0.20160559962227065
cql_no_inventory_penalty,Stopped paths have different endpoints; these descriptive aggregates cannot establish relative economic superiority.,9,21,0.7,1,0.0007950130862818323,-0.005068379984527181,-0.04415374579800989,-1.2741132540290416,30,11,partial50pct,0.2400747955678606,0.02006663555158596,-0.22043538601236778
cql_no_inventory_penalty,Stopped paths have different endpoints; these descriptive aggregates cannot establish relative economic superiority.,10,20,0.6666666666666666,1,0.0009996103856910142,-0.004927974828075283,-0.034523471052730216,-0.9568395835331848,30,11,missed10pct,0.22928867626570548,0.020850871608219152,-0.20984463828135935
cql_no_inventory_penalty,Stopped paths have different endpoints; these descriptive aggregates cannot establish relative economic superiority.,10,20,0.6666666666666666,1,0.0009702859803831051,-0.005172364095799761,-0.032233118019536065,-0.8624745564669598,30,11,impact10bp,0.23069906889376057,0.020392462478998664,-0.21132795490322032
cql_no_inventory_penalty,Stopped paths have different endpoints; these descriptive aggregates cannot establish relative economic superiority.,10,20,0.6666666666666666,1,0.0009667330526713402,-0.010246395712772128,-0.036622926690721105,-0.9898445990934504,30,11,funding2x,0.22795022514547247,0.020390669977324926,-0.2070886836088659
cql_no_inventory_penalty,Stopped paths have different endpoints; these descriptive aggregates cannot establish relative economic superiority.,13,17,0.5666666666666667,1,0.0016000125729845678,-0.00017747118098379282,-0.018389771127396648,-0.707307000103721,30,23,base,0.16199381078171637,0.019756297421266,-0.13904219513384786
cql_no_inventory_penalty,Stopped paths have different endpoints; these descriptive aggregates cannot establish relative economic superiority.,13,17,0.5666666666666667,1,0.0023974567315948026,-0.00018421965347446603,-0.019571570188997793,-0.7232402780131024,30,23,cost1_5x,0.15888306558665422,0.01964360607573462,-0.14147209136206174
cql_no_inventory_penalty,Stopped paths have different endpoints; these descriptive aggregates cannot establish relative economic superiority.,13,17,0.5666666666666667,1,0.003193331143895484,-0.00018572500062545848,-0.02116785680526772,-0.7391667008118779,30,23,cost2x,0.15922306021393373,0.019672554190529584,-0.14311072903251443
cql_no_inventory_penalty,Stopped paths have different endpoints; these descriptive aggregates cannot establish relative economic superiority.,13,17,0.5666666666666667,1,0.003987573662267626,-0.00018722569259367784,-0.022760817936567864,-0.7550860487070128,30,23,extreme25bp,0.1595629287955398,0.019701502703791268,-0.14474651006906902
cql_no_inventory_penalty,Stopped paths have different endpoints; these descriptive aggregates cannot establish relative economic superiority.,10,20,0.6666666666666666,1,0.0011082769983384267,8.840202842554298e-05,-0.027900797057666495,-1.2352228293402323,30,23,delay1bar,0.17585847471888594,0.021876812153171186,-0.14508360320575575
cql_no_inventory_penalty,Stopped paths have different endpoints; these descriptive aggregates cannot establish relative economic superiority.,17,13,0.43333333333333335,1,0.0013345011154344082,-0.0005088956961766548,-0.018029011061286845,-0.860464541409826,30,23,partial50pct,0.1714509070905449,0.017497957962625172,-0.15457345867295946
cql_no_inventory_penalty,Stopped paths have different endpoints; these descriptive aggregates cannot establish relative economic superiority.,13,17,0.5666666666666667,1,0.0015375331854232304,-0.0001839763072208462,-0.018843854833059264,-0.8101486980832384,30,23,missed10pct,0.15856829532012862,0.019729094484389854,-0.13898160713262464
cql_no_inventory_penalty,Stopped paths have different endpoints; these descriptive aggregates cannot establish relative economic superiority.,13,17,0.5666666666666667,1,0.001598813101197724,-0.00018370816434807764,-0.018990929355517987,-0.7158909279833463,30,23,impact10bp,0.15867410966888462,0.01964146188260346,-0.14124359440095668
cql_no_inventory_penalty,Stopped paths have different endpoints; these descriptive aggregates cannot establish relative economic superiority.,13,17,0.5666666666666667,1,0.0015996040718384854,-0.0002754331834219802,-0.018384264768932623,-0.7223928592729061,30,23,funding2x,0.1611628573754268,0.019757847912136334,-0.14475008596566452
cql_no_inventory_penalty,Stopped paths have different endpoints; these descriptive aggregates cannot establish relative economic superiority.,8,22,0.7333333333333333,1,0.0012798755227374998,3.5972585976279856e-05,-0.030798266722382613,-1.1491525459178982,30,47,base,0.18228884598415274,0.018956545572489235,-0.13112003224865
cql_no_inventory_penalty,Stopped paths have different endpoints; these descriptive aggregates cannot establish relative economic superiority.,8,22,0.7333333333333333,1,0.0019177569229838066,3.737948564072104e-05,-0.032061819442858075,-1.1910097449225814,30,47,cost1_5x,0.18273734844296785,0.018975190914746108,-0.1326182425343161
cql_no_inventory_penalty,Stopped paths have different endpoints; these descriptive aggregates cannot establish relative economic superiority.,8,22,0.7333333333333333,1,0.0025542733879658224,3.877981130751991e-05,-0.033322643250306205,-1.246666600654264,30,47,cost2x,0.18318566590830831,0.01899383571265767,-0.13411397080047172
cql_no_inventory_penalty,Stopped paths have different endpoints; these descriptive aggregates cannot establish relative economic superiority.,8,22,0.7333333333333333,1,0.0031894293877073317,4.0173586915508154e-05,-0.03458074708298766,-1.3022862035324745,30,47,extreme25bp,0.18363379843235395,0.019012479966197836,-0.13560722098563283
cql_no_inventory_penalty,Stopped paths have different endpoints; these descriptive aggregates cannot establish relative economic superiority.,8,22,0.7333333333333333,1,0.0010223149990188896,-0.0001243023986631425,-0.03118866413533313,-1.3497606249958172,30,47,delay1bar,0.22627305628140282,0.018793228635589056,-0.20160559962227065
cql_no_inventory_penalty,Stopped paths have different endpoints; these descriptive aggregates cannot establish relative economic superiority.,12,18,0.6,1,0.001950649230755149,-0.0034119312369742163,-0.05298962843690306,-0.794505774151308,30,47,partial50pct,0.2423918277218824,0.018901208889723065,-0.22281229924831802
cql_no_inventory_penalty,Stopped paths have different endpoints; these descriptive aggregates cannot establish relative economic superiority.,8,22,0.7333333333333333,1,0.0012173228396332495,6.401099382571477e-06,-0.028841976982817256,-1.1207952904765222,30,47,missed10pct,0.18179354907698675,0.018926071946337674,-0.13012156033045585
cql_no_inventory_penalty,Stopped paths have different endpoints; these descriptive aggregates cannot establish relative economic superiority.,8,22,0.7333333333333333,1,0.001278756752335117,3.815677388410224e-05,-0.03166544236741944,-1.1843924149398346,30,47,impact10bp,0.18254347040163266,0.018969957817777994,-0.1320181815094168
cql_no_inventory_penalty,Stopped paths have different endpoints; these descriptive aggregates cannot establish relative economic superiority.,8,22,0.7333333333333333,1,0.0012802730323591422,0.00012184909733036151,-0.03065146240971891,-1.1999883114636818,30,47,funding2x,0.18089098281790572,0.01895277319458132,-0.13131299297642118
cash,Stopped paths have different endpoints; these descriptive aggregates cannot establish relative economic superiority.,30,0,0.0,1,0.0,0.0,0.0,,30,20260917,base,0.0,-0.0,0.0
cash,Stopped paths have different endpoints; these descriptive aggregates cannot establish relative economic superiority.,30,0,0.0,1,0.0,0.0,0.0,,30,20260917,cost1_5x,0.0,-0.0,0.0
cash,Stopped paths have different endpoints; these descriptive aggregates cannot establish relative economic superiority.,30,0,0.0,1,0.0,0.0,0.0,,30,20260917,cost2x,0.0,-0.0,0.0
cash,Stopped paths have different endpoints; these descriptive aggregates cannot establish relative economic superiority.,30,0,0.0,1,0.0,0.0,0.0,,30,20260917,extreme25bp,0.0,-0.0,0.0
cash,Stopped paths have different endpoints; these descriptive aggregates cannot establish relative economic superiority.,30,0,0.0,1,0.0,0.0,0.0,,30,20260917,delay1bar,0.0,-0.0,0.0
cash,Stopped paths have different endpoints; these descriptive aggregates cannot establish relative economic superiority.,30,0,0.0,1,0.0,0.0,0.0,,30,20260917,partial50pct,0.0,-0.0,0.0
cash,Stopped paths have different endpoints; these descriptive aggregates cannot establish relative economic superiority.,30,0,0.0,1,0.0,0.0,0.0,,30,20260917,missed10pct,0.0,-0.0,0.0
cash,Stopped paths have different endpoints; these descriptive aggregates cannot establish relative economic superiority.,30,0,0.0,1,0.0,0.0,0.0,,30,20260917,impact10bp,0.0,-0.0,0.0
cash,Stopped paths have different endpoints; these descriptive aggregates cannot establish relative economic superiority.,30,0,0.0,1,0.0,0.0,0.0,,30,20260917,funding2x,0.0,-0.0,0.0
constant_long,Stopped paths have different endpoints; these descriptive aggregates cannot establish relative economic superiority.,16,14,0.4666666666666667,1,0.0008866898995299991,-0.009004111824979379,-0.018023890626806243,-0.6082678343538923,30,20260917,base,0.16095276322640106,0.018956545572489235,-0.1301198457765783
constant_long,Stopped paths have different endpoints; these descriptive aggregates cannot establish relative economic superiority.,16,14,0.4666666666666667,1,0.0013294547434552848,-0.009000007667087527,-0.018886346158889074,-0.6189518635016054,30,20260917,cost1_5x,0.16134683307888753,0.018975190914746108,-0.13096489105559161
constant_long,Stopped paths have different endpoints; these descriptive aggregates cannot establish relative economic superiority.,16,14,0.4666666666666667,1,0.0017719413382383832,-0.008996405004045343,-0.019347591955368438,-0.6296350418079514,30,20260917,cost2x,0.16174072290446695,0.01899383571265767,-0.13180912485707097
constant_long,Stopped paths have different endpoints; these descriptive aggregates cannot establish relative economic superiority.,16,14,0.4666666666666667,1,0.002213960927291296,-0.008992303971426214,-0.020209066535817097,-0.6403173118505631,30,20260917,extreme25bp,0.16213443278236017,0.019012479966197836,-0.1326525479567967
constant_long,Stopped paths have different endpoints; these descriptive aggregates cannot establish relative economic superiority.,16,14,0.4666666666666667,1,0.0007117425985811912,-0.008931861602987796,-0.021448426922567484,-0.6673448235661966,30,20260917,delay1bar,0.17330716771590038,0.018793228635589056,-0.1317257412891205
constant_long,Stopped paths have different endpoints; these descriptive aggregates cannot establish relative economic superiority.,16,14,0.4666666666666667,1,0.000610823462564278,-0.009005765632779574,-0.017599703034605892,-0.6050605119185541,30,20260917,partial50pct,0.16094635803607538,0.018901208889723065,-0.12851610903472732
constant_long,Stopped paths have different endpoints; these descriptive aggregates cannot establish relative economic superiority.,16,14,0.4666666666666667,1,0.0008494068924390679,-0.009010951288453853,-0.01831370385619524,-0.6209758358090844,30,20260917,missed10pct,0.16043470334265464,0.018926071946337674,-0.13038796410436992
constant_long,Stopped paths have different endpoints; these descriptive aggregates cannot establish relative economic superiority.,16,14,0.4666666666666667,1,0.0008865574425357401,-0.009002549877272269,-0.018370464196079465,-0.6121345468989827,30,20260917,impact10bp,0.16109621567907306,0.018969957817777994,-0.13042263040623525
constant_long,Stopped paths have different endpoints; these descriptive aggregates cannot establish relative economic superiority.,15,15,0.5,1,0.0008771254725440056,-0.017719946620096832,-0.026556377803133926,-0.6596802909214261,30,20260917,funding2x,0.16065345980615597,0.01895277319458132,-0.13648073732629495
constant_short,Stopped paths have different endpoints; these descriptive aggregates cannot establish relative economic superiority.,19,11,0.36666666666666664,1,0.0015338817724454355,0.006524784494444708,-0.005692583679224883,0.288157058870778,30,20260917,base,0.22752601374223824,0.02416876666683952,-0.20795460814839872
constant_short,Stopped paths have different endpoints; these descriptive aggregates cannot establish relative economic superiority.,19,11,0.36666666666666664,1,0.0022989586876281196,0.006520798082884981,-0.007219158281273782,0.27148284094313546,30,20260917,cost1_5x,0.22827639225289942,0.024190084532360805,-0.20895268840345949
constant_short,Stopped paths have different endpoints; these descriptive aggregates cannot establish relative economic superiority.,19,11,0.36666666666666664,1,0.003062795769657665,0.00651681460949259,-0.008743278517263305,0.2548077982449403,30,20260917,cost2x,0.2290260930283855,0.024211403872314637,-0.20994960241286176
constant_short,Stopped paths have different endpoints; these descriptive aggregates cannot establish relative economic superiority.,18,12,0.4,1,0.00378602976574492,0.006483733212232912,-0.010795722640755052,0.1786170259047497,30,20260917,extreme25bp,0.22977511663931593,0.024232724686538615,-0.21094535142853754
constant_short,Stopped paths have different endpoints; these descriptive aggregates cannot establish relative economic superiority.,20,10,0.3333333333333333,1,0.0011945606500130758,0.0066939192692261704,0.0016542250633476104,0.39375081794884725,30,20260917,delay1bar,0.22627305628140282,0.023756790539988942,-0.20160559962227065
constant_short,Stopped paths have different endpoints; these descriptive aggregates cannot establish relative economic superiority.,19,11,0.36666666666666664,1,0.0009871475079319572,0.006638068282913871,-0.0040616385615016015,0.2994310416598649,30,20260917,partial50pct,0.2400747955678606,0.023731833779608153,-0.22043538601236778
constant_short,Stopped paths have different endpoints; these descriptive aggregates cannot establish relative economic superiority.,20,10,0.3333333333333333,1,0.001466653521107927,0.006604446167495636,-0.0005212821105196608,0.3483086163983628,30,20260917,missed10pct,0.22659576886384925,0.024201940595816363,-0.2070837923502541
constant_short,Stopped paths have different endpoints; these descriptive aggregates cannot establish relative economic superiority.,19,11,0.36666666666666664,1,0.0015334941356350816,0.006523393300270692,-0.006213898821517453,0.2829812950322408,30,20260917,impact10bp,0.22782836791617678,0.024181234482817303,-0.20838496924012395
constant_short,Stopped paths have different endpoints; these descriptive aggregates cannot establish relative economic superiority.,20,10,0.3333333333333333,1,0.0015507344263002085,0.013417157843079057,0.004997082715549561,0.4341300747145632,30,20260917,funding2x,0.22521512040892666,0.02419671007519066,-0.20427967366189614
historical_mean,Stopped paths have different endpoints; these descriptive aggregates cannot establish relative economic superiority.,16,14,0.4666666666666667,1,0.0008866898995299991,-0.009004111824979379,-0.018023890626806243,-0.6082678343538923,30,20260917,base,0.16095276322640106,0.018956545572489235,-0.1301198457765783
historical_mean,Stopped paths have different endpoints; these descriptive aggregates cannot establish relative economic superiority.,16,14,0.4666666666666667,1,0.0013294547434552848,-0.009000007667087527,-0.018886346158889074,-0.6189518635016054,30,20260917,cost1_5x,0.16134683307888753,0.018975190914746108,-0.13096489105559161
historical_mean,Stopped paths have different endpoints; these descriptive aggregates cannot establish relative economic superiority.,16,14,0.4666666666666667,1,0.0017719413382383832,-0.008996405004045343,-0.019347591955368438,-0.6296350418079514,30,20260917,cost2x,0.16174072290446695,0.01899383571265767,-0.13180912485707097
historical_mean,Stopped paths have different endpoints; these descriptive aggregates cannot establish relative economic superiority.,16,14,0.4666666666666667,1,0.002213960927291296,-0.008992303971426214,-0.020209066535817097,-0.6403173118505631,30,20260917,extreme25bp,0.16213443278236017,0.019012479966197836,-0.1326525479567967
historical_mean,Stopped paths have different endpoints; these descriptive aggregates cannot establish relative economic superiority.,16,14,0.4666666666666667,1,0.0007117425985811912,-0.008931861602987796,-0.021448426922567484,-0.6673448235661966,30,20260917,delay1bar,0.17330716771590038,0.018793228635589056,-0.1317257412891205
historical_mean,Stopped paths have different endpoints; these descriptive aggregates cannot establish relative economic superiority.,16,14,0.4666666666666667,1,0.000610823462564278,-0.009005765632779574,-0.017599703034605892,-0.6050605119185541,30,20260917,partial50pct,0.16094635803607538,0.018901208889723065,-0.12851610903472732
historical_mean,Stopped paths have different endpoints; these descriptive aggregates cannot establish relative economic superiority.,16,14,0.4666666666666667,1,0.0008494068924390679,-0.009010951288453853,-0.01831370385619524,-0.6209758358090844,30,20260917,missed10pct,0.16043470334265464,0.018926071946337674,-0.13038796410436992
historical_mean,Stopped paths have different endpoints; these descriptive aggregates cannot establish relative economic superiority.,16,14,0.4666666666666667,1,0.0008865574425357401,-0.009002549877272269,-0.018370464196079465,-0.6121345468989827,30,20260917,impact10bp,0.16109621567907306,0.018969957817777994,-0.13042263040623525
historical_mean,Stopped paths have different endpoints; these descriptive aggregates cannot establish relative economic superiority.,15,15,0.5,1,0.0008771254725440056,-0.017719946620096832,-0.026556377803133926,-0.6596802909214261,30,20260917,funding2x,0.16065345980615597,0.01895277319458132,-0.13648073732629495
last_return,Stopped paths have different endpoints; these descriptive aggregates cannot establish relative economic superiority.,0,30,1.0,1,0.0006478224142444764,-5.941625102329138e-06,-0.001135356952708492,-2.247436825614699,30,20260917,base,0.02251684856724534,0.02052038254248656,-0.01757140708558247
last_return,Stopped paths have different endpoints; these descriptive aggregates cannot establish relative economic superiority.,0,30,1.0,1,0.0009588892693242308,-1.85936873054376e-06,-0.0016647573643988722,-3.0685505069866865,30,20260917,cost1_5x,0.022893828061345323,0.02052810070868183,-0.018074467599449084
last_return,Stopped paths have different endpoints; these descriptive aggregates cannot establish relative economic superiority.,0,30,1.0,1,0.0012782525705773617,-1.8606458280477126e-06,-0.0023035238209692184,-3.8890156207786672,30,20260917,cost2x,0.023270680274390165,0.02053581902198298,-0.01857733492794733
last_return,Stopped paths have different endpoints; these descriptive aggregates cannot establish relative economic superiority.,0,30,1.0,1,0.0015764635433820006,-2.972755944435031e-06,-0.0028591292416824936,-4.70772768728057,30,20260917,extreme25bp,0.023647405242712916,0.020543537471501505,-0.019080009120788333
last_return,Stopped paths have different endpoints; these descriptive aggregates cannot establish relative economic superiority.,0,30,1.0,1,0.0005271490635801814,1.1051150635507008e-05,-0.00318309703213799,-2.6670355087254296,30,20260917,delay1bar,0.055248528001420105,0.029695502836784682,-0.04612094618903595
last_return,Stopped paths have different endpoints; these descriptive aggregates cannot establish relative economic superiority.,24,6,0.2,1,0.03505155627644791,-0.001731159973021393,-0.05733543864950573,-0.8246367548838716,30,20260917,partial50pct,0.1608974422469991,0.015282666365506903,-0.15045815259071005
last_return,Stopped paths have different endpoints; these descriptive aggregates cannot establish relative economic superiority.,0,30,1.0,1,0.0006565943693442663,-4.244178010226049e-06,-0.0008090066449867687,-2.247436825614699,30,20260917,missed10pct,0.02251684856724534,0.02052038254248656,-0.01757140708558247
last_return,Stopped paths have different endpoints; these descriptive aggregates cannot establish relative economic superiority.,0,30,1.0,1,0.0006392290258017175,-1.8597173115280151e-06,-0.0018159884706575443,-3.2540225865330106,30,20260917,impact10bp,0.022987540110433358,0.020522310571472135,-0.01816689333761501
last_return,Stopped paths have different endpoints; these descriptive aggregates cannot establish relative economic superiority.,0,30,1.0,1,0.0006478218492374847,-1.1883556028373163e-05,-0.0011412768435224577,-2.2337908574605456,30,20260917,funding2x,0.022468473976182013,0.020545375814115974,-0.017547233896286873
momentum,Stopped paths have different endpoints; these descriptive aggregates cannot establish relative economic superiority.,0,30,1.0,1,0.00037580265982780297,7.490210550593274e-06,0.0008925065313642714,-3.321292073631544,30,20260917,base,0.02619613950946309,0.014363298169147387,-0.020528491101542423
momentum,Stopped paths have different endpoints; these descriptive aggregates cannot establish relative economic superiority.,0,30,1.0,1,0.0005636365603167826,7.491531897288982e-06,0.0005161449654914311,-4.016441415229622,30,20260917,cost1_5x,0.02657317920607427,0.014374151834498416,-0.02078769378382983
momentum,Stopped paths have different endpoints; these descriptive aggregates cannot establish relative economic superiority.,0,30,1.0,1,0.0007514255150904406,7.492853030946648e-06,0.0001398732760802231,-4.711524793776707,30,20260917,cost2x,0.026950181012102115,0.014385039480256046,-0.021046895637866436
momentum,Stopped paths have different endpoints; these descriptive aggregates cannot establish relative economic superiority.,0,30,1.0,1,0.0009391695295802618,7.49417395159206e-06,-0.000236308547711687,-5.405263628062888,30,20260917,extreme25bp,0.027327144894474853,0.014395961119170853,-0.021306096663652685
momentum,Stopped paths have different endpoints; these descriptive aggregates cannot establish relative economic superiority.,0,30,1.0,1,0.0005027017335573976,4.1414062283950194e-05,-0.0021231315115136985,-0.9896321902844328,30,20260917,delay1bar,0.03994359180339002,0.029695502836784682,-0.027329451215233558
momentum,Stopped paths have different endpoints; these descriptive aggregates cannot establish relative economic superiority.,21,9,0.3,1,0.024165557113036997,-0.0023664099381626837,-0.0595786959492173,-0.8467400372024559,30,20260917,partial50pct,0.16680019014626257,0.018110299012972182,-0.15759651889250936
momentum,Stopped paths have different endpoints; these descriptive aggregates cannot establish relative economic superiority.,0,30,1.0,1,0.00037591173246661924,4.152772322125217e-06,0.0005907860705622807,-3.321292073631544,30,20260917,missed10pct,0.02619613950946309,0.014363298169147387,-0.020528491101542423
momentum,Stopped paths have different endpoints; these descriptive aggregates cannot establish relative economic superiority.,0,30,1.0,1,0.0003757503002876264,7.491780849936788e-06,0.0004748396124140353,-4.193425201149699,30,20260917,impact10bp,0.026661584303687258,0.0143675686598429,-0.020783520767405195
momentum,Stopped paths have different endpoints; these descriptive aggregates cannot establish relative economic superiority.,0,30,1.0,1,0.0003758056756962087,1.4986864064765601e-05,0.0008999861835232049,-3.356880774192251,30,20260917,funding2x,0.026190250074906607,0.014338285666021577,-0.020478990376205153
reversal,Stopped paths have different endpoints; these descriptive aggregates cannot establish relative economic superiority.,0,30,1.0,1,0.0003725656316960147,-7.697756554957307e-06,-0.0024235944828217264,0.1308815240981338,30,20260917,base,0.032282010868722066,0.023932357114346714,-0.0294479407894902
reversal,Stopped paths have different endpoints; these descriptive aggregates cannot establish relative economic superiority.,0,30,1.0,1,0.0005587822711852831,-7.698945984663614e-06,-0.002795330538614164,-0.7421873372610679,30,20260917,cost1_5x,0.03266614176181526,0.023941321228227896,-0.029955339874280118
reversal,Stopped paths have different endpoints; these descriptive aggregates cannot establish relative economic superiority.,0,30,1.0,1,0.0007449548001996146,-7.700135221849406e-06,-0.003166978356377577,-3.3208044756847768,30,20260917,cost2x,0.03305026351813678,0.02395028452361303,-0.030462663008218982
reversal,Stopped paths have different endpoints; these descriptive aggregates cannot establish relative economic superiority.,0,30,1.0,1,0.0009310832240675316,-7.701324266543939e-06,-0.0035385379467901506,-6.628936251302624,30,20260917,extreme25bp,0.03343437612560407,0.023959247011091533,-0.030969910146644408
reversal,Stopped paths have different endpoints; these descriptive aggregates cannot establish relative economic superiority.,0,30,1.0,1,0.0004958472192520709,-4.209780219317023e-05,5.4269084859925874e-05,-0.530644660344816,30,20260917,delay1bar,0.0327151928613999,0.028499167345155785,-0.02657197104660891
reversal,Stopped paths have different endpoints; these descriptive aggregates cannot establish relative economic superiority.,22,8,0.26666666666666666,1,0.024122202484036646,0.001968241995550392,-0.046547545717210946,-0.7529395590966607,30,20260917,partial50pct,0.156248852789573,0.0182775655730702,-0.15506453218856975
reversal,Stopped paths have different endpoints; these descriptive aggregates cannot establish relative economic superiority.,0,30,1.0,1,0.0003726841370800147,-4.501397136457271e-06,-0.0021337799498644633,0.41313720799181564,30,20260917,missed10pct,0.032282010868722066,0.023932357114346714,-0.0294479407894902
reversal,Stopped paths have different endpoints; these descriptive aggregates cannot establish relative economic superiority.,0,30,1.0,1,0.0003725136754084477,-7.69926866804394e-06,-0.0028389437315846718,-0.9438282989528521,30,20260917,impact10bp,0.032757108634543064,0.023934783096865586,-0.030045484327932415
reversal,Stopped paths have different endpoints; these descriptive aggregates cannot establish relative economic superiority.,0,30,1.0,1,0.0003725626604180507,-1.5389283854254776e-05,-0.0024312902093229375,0.1732163444625754,30,20260917,funding2x,0.03222069145600304,0.023957348957617253,-0.02938041444602779
ridge_optimizer,Stopped paths have different endpoints; these descriptive aggregates cannot establish relative economic superiority.,0,30,1.0,1,0.0005229035199554018,-7.74420888698869e-05,0.005330587725799926,2.679720876811692,30,20260917,base,0.02528925836234197,0.023932357114346714,-0.019840780559275628
ridge_optimizer,Stopped paths have different endpoints; these descriptive aggregates cannot establish relative economic superiority.,0,30,1.0,1,0.0007841791700749848,-7.740867843774709e-05,0.004803441658873227,2.3735534984514577,30,20260917,cost1_5x,0.02542058118580015,0.023941321228227896,-0.02009591126175081
ridge_optimizer,Stopped paths have different endpoints; these descriptive aggregates cannot establish relative economic superiority.,0,30,1.0,1,0.0010453374517708507,-7.737527599482832e-05,0.004276531478793004,2.069053365654316,30,20260917,cost2x,0.025789445942680955,0.02395028452361303,-0.020350977389910763
ridge_optimizer,Stopped paths have different endpoints; these descriptive aggregates cannot establish relative economic superiority.,0,30,1.0,1,0.0013063783936691253,-7.73418815446157e-05,0.003749857128504286,1.7663801186251793,30,20260917,extreme25bp,0.02667057004677731,0.023959247011091533,-0.02060597896737071
ridge_optimizer,Stopped paths have different endpoints; these descriptive aggregates cannot establish relative economic superiority.,0,30,1.0,1,0.0004245536414115871,-4.940374349328765e-05,-0.01793314890571683,-8.281350707921241,30,20260917,delay1bar,0.056951988770111206,0.028512907292687628,-0.05548292606927252
ridge_optimizer,Stopped paths have different endpoints; these descriptive aggregates cannot establish relative economic superiority.,14,16,0.5333333333333333,1,0.012970726728967803,-0.003332044386137438,-0.07209885468071647,-1.4908696035161606,30,20260917,partial50pct,0.21417522275855672,0.016136750698536782,-0.16539924826584462
ridge_optimizer,Stopped paths have different endpoints; these descriptive aggregates cannot establish relative economic superiority.,0,30,1.0,1,0.0005872158248490391,-0.00016090987407587381,0.006850363907114491,3.086830578156094,30,20260917,missed10pct,0.04261802848024443,0.023932357114346714,-0.021424739494390388
ridge_optimizer,Stopped paths have different endpoints; these descriptive aggregates cannot establish relative economic superiority.,0,30,1.0,1,0.0005227618644782803,-7.73999814729251e-05,0.004707854027790045,2.3445149976688877,30,20260917,impact10bp,0.025413681058244042,0.023934783096865586,-0.020090207797564208
ridge_optimizer,Stopped paths have different endpoints; these descriptive aggregates cannot establish relative economic superiority.,0,30,1.0,1,0.0005228837395088115,-0.00015487232766774327,0.005252864987704646,2.6430626715776175,30,20260917,funding2x,0.025268087021441343,0.023957348957617253,-0.019914764185887
logistic,Stopped paths have different endpoints; these descriptive aggregates cannot establish relative economic superiority.,30,0,0.0,1,0.00046300222587822347,0.0002777789062977503,0.0007460551126831675,0.09358261989603724,30,20260917,base,0.06821290355493681,0.0038725662430444804,-0.034663239752997344
logistic,Stopped paths have different endpoints; these descriptive aggregates cannot establish relative economic superiority.,30,0,0.0,1,0.0006941309680419583,0.0002776337086938769,0.00028164878990587136,0.03502508445382794,30,20260917,cost1_5x,0.0685809146769133,0.003914345097876167,-0.03565407909871299
logistic,Stopped paths have different endpoints; these descriptive aggregates cannot establish relative economic superiority.,30,0,0.0,1,0.0009250118942611177,0.00027748862215355,-0.0001822588763107739,-0.023357375388363417,30,20260917,cost2x,0.06894876439746211,0.0039561228324794025,-0.03713203692562095
logistic,Stopped paths have different endpoints; these descriptive aggregates cannot establish relative economic superiority.,30,0,0.0,1,0.001155645327404843,0.0002773436465663831,-0.0006456685354162736,-0.08153009122700222,30,20260917,extreme25bp,0.06931645278006426,0.003997899446449745,-0.038608027756168894
logistic,Stopped paths have different endpoints; these descriptive aggregates cannot establish relative economic superiority.,30,0,0.0,1,0.0003211730166044333,0.00022217054118348108,-0.0055596943977185434,-0.5087895190680313,30,20260917,delay1bar,0.10643892310919467,0.006894548661124504,-0.10467117740082621
logistic,Stopped paths have different endpoints; these descriptive aggregates cannot establish relative economic superiority.,30,0,0.0,1,0.0002896306271768012,0.00023742764129672302,-0.0016060856197408825,-0.19893714580226177,30,20260917,partial50pct,0.06011008627775738,0.004752237443315288,-0.03127087295371345
logistic,Stopped paths have different endpoints; these descriptive aggregates cannot establish relative economic superiority.,30,0,0.0,1,0.00039082867548179026,0.0002531550467874505,0.004047186756681587,0.3576766304589015,30,20260917,missed10pct,0.049817778084896625,0.0030224406774089847,-0.018862572494309227
logistic,Stopped paths have different endpoints; these descriptive aggregates cannot establish relative economic superiority.,30,0,0.0,1,0.00046276038036406673,0.000277637111627745,0.0002900116712581613,0.0356270820043365,30,20260917,impact10bp,0.06856400278040453,0.003913456429126479,-0.03561158025142963
logistic,Stopped paths have different endpoints; these descriptive aggregates cannot establish relative economic superiority.,30,0,0.0,1,0.00046321221645135793,0.0005558301249108982,0.001028182050856378,0.1127636825135144,30,20260917,funding2x,0.06807242139399772,0.003858209219073668,-0.03471237177917719
contextual_bandit,Stopped paths have different endpoints; these descriptive aggregates cannot establish relative economic superiority.,3,27,0.9,1,0.001824212930629452,0.0003953699250898173,-0.03701107898411031,-4.153898277196092,30,20260917,base,0.1504348410127091,0.023932357114346714,-0.14613658300951704
contextual_bandit,Stopped paths have different endpoints; these descriptive aggregates cannot establish relative economic superiority.,3,27,0.9,1,0.0026906985544343873,0.0004316607417598481,-0.035495600337079165,-4.394093532599791,30,20260917,cost1_5x,0.15133392256475253,0.023941321228227896,-0.1471480645112423
contextual_bandit,Stopped paths have different endpoints; these descriptive aggregates cannot establish relative economic superiority.,3,27,0.9,1,0.0035829080195491614,0.00043180300349271786,-0.03743411453771843,-4.82636935845999,30,20260917,cost2x,0.15237233737602685,0.02395028452361303,-0.14815852101048788
contextual_bandit,Stopped paths have different endpoints; these descriptive aggregates cannot establish relative economic superiority.,3,27,0.9,1,0.004452693857519959,0.0004979733433176528,-0.03711182375937485,-5.214252088945991,30,20260917,extreme25bp,0.15312962918547968,0.023959247011091533,-0.14916795338495326
contextual_bandit,Stopped paths have different endpoints; these descriptive aggregates cannot establish relative economic superiority.,4,26,0.8666666666666667,1,0.0010591891677227169,0.0013619489151942307,-0.0040088512167759695,0.3263999489229227,30,20260917,delay1bar,0.1529831167428244,0.023920406490388846,-0.13449718486657503
contextual_bandit,Stopped paths have different endpoints; these descriptive aggregates cannot establish relative economic superiority.,16,14,0.4666666666666667,1,0.006144785616566754,0.003307247474553868,-0.06863598724629795,-0.9044396483574864,30,20260917,partial50pct,0.1726052091396063,0.020603488218634874,-0.1726052091396063
contextual_bandit,Stopped paths have different endpoints; these descriptive aggregates cannot establish relative economic superiority.,3,27,0.9,1,0.001945920020611698,0.000548388594442836,-0.033661752493776564,-3.491349644305015,30,20260917,missed10pct,0.15609344290623717,0.023932357114346714,-0.14641257979694966
contextual_bandit,Stopped paths have different endpoints; these descriptive aggregates cannot establish relative economic superiority.,3,27,0.9,1,0.001793809747617697,0.0004316599686532141,-0.03540186068022327,-4.3977042702202365,30,20260917,impact10bp,0.15139272771227708,0.023934783096865586,-0.14720564097951783
contextual_bandit,Stopped paths have different endpoints; these descriptive aggregates cannot establish relative economic superiority.,3,27,0.9,1,0.0018246503713798025,0.0007951560923017548,-0.03670860161877951,-4.131238612491245,30,20260917,funding2x,0.15108389361476215,0.023957348957617253,-0.14656246429532205
behavior_uniform,Stopped paths have different endpoints; these descriptive aggregates cannot establish relative economic superiority.,0,30,1.0,1,0.001414013987715159,3.995340023210571e-05,-0.003459028626448213,-2.6594675958763254,30,20260917,base,0.031295348028808956,0.014057687686650944,-0.022777300590266614
behavior_uniform,Stopped paths have different endpoints; these descriptive aggregates cannot establish relative economic superiority.,0,30,1.0,1,0.0021197249926027165,3.994068329924894e-05,-0.004866250076228055,-3.4825521757559557,30,20260917,cost1_5x,0.03289875200404213,0.014189643790787243,-0.024521078896757587
behavior_uniform,Stopped paths have different endpoints; these descriptive aggregates cannot establish relative economic superiority.,0,30,1.0,1,0.002824576100685723,3.9927982672305506e-05,-0.0062717561243831954,-4.353211781784002,30,20260917,cost2x,0.03450001656003221,0.014321601209748125,-0.026262250642794416
behavior_uniform,Stopped paths have different endpoints; these descriptive aggregates cannot establish relative economic superiority.,0,30,1.0,1,0.0035079217671629055,3.909920508760488e-05,-0.007443853129180637,-5.525836604578403,30,20260917,extreme25bp,0.029206185156676612,0.014453559956484119,-0.023188927774458246
behavior_uniform,Stopped paths have different endpoints; these descriptive aggregates cannot establish relative economic superiority.,0,30,1.0,1,0.0008371244367025622,2.60892858759047e-05,-0.002545020672294603,-3.3031518970555966,30,20260917,delay1bar,0.036227268485027,0.028499169011574566,-0.024399261113223214
behavior_uniform,Stopped paths have different endpoints; these descriptive aggregates cannot establish relative economic superiority.,25,5,0.16666666666666666,1,0.02792138332728096,0.00027272899063274475,-0.05196304604260384,-0.7928077736177139,30,20260917,partial50pct,0.15684056478109087,0.014270387769435478,-0.15437795335529014
behavior_uniform,Stopped paths have different endpoints; these descriptive aggregates cannot establish relative economic superiority.,0,30,1.0,1,0.0015344646597963607,4.910798724957791e-05,0.0014132495922703713,-1.7435664796160002,30,20260917,missed10pct,0.030316340022439103,0.014057687686650944,-0.01456675349174319
behavior_uniform,Stopped paths have different endpoints; these descriptive aggregates cannot establish relative economic superiority.,0,30,1.0,1,0.001413153040652862,3.994024889675524e-05,-0.004919277596605868,-3.4765066032269676,30,20260917,impact10bp,0.033087833747244,0.014194147127229328,-0.02470752363671913
behavior_uniform,Stopped paths have different endpoints; these descriptive aggregates cannot establish relative economic superiority.,0,30,1.0,1,0.00141406105832692,7.990707982430387e-05,-0.003419273362060312,-2.5970734768441237,30,20260917,funding2x,0.031244671961755732,0.014032680645310713,-0.022706658534337287
behavior_clone,Stopped paths have different endpoints; these descriptive aggregates cannot establish relative economic superiority.,23,7,0.23333333333333334,1,0.0011506850473606228,0.0015462656289501435,0.020411542932489233,0.524705439666727,30,20260917,base,0.22752601374223824,0.02416876666683952,-0.20795460814839872
behavior_clone,Stopped paths have different endpoints; these descriptive aggregates cannot establish relative economic superiority.,23,7,0.23333333333333334,1,0.001724533258617684,0.0015453592792682648,0.01926244456572614,0.5081778964438046,30,20260917,cost1_5x,0.22827639225289942,0.024190084532360805,-0.20895268840345949
behavior_clone,Stopped paths have different endpoints; these descriptive aggregates cannot establish relative economic superiority.,23,7,0.23333333333333334,1,0.002297387623165459,0.0015444537783319613,0.01811530551554795,0.4916514307716372,30,20260917,cost2x,0.2290260930283855,0.024211403872314637,-0.20994960241286176
behavior_clone,Stopped paths have different endpoints; these descriptive aggregates cannot establish relative economic superiority.,22,8,0.26666666666666666,1,0.0028301861609421487,0.0015183607990143023,0.016201368235135415,0.47512609843451314,30,20260917,extreme25bp,0.22977511663931593,0.024232724686538615,-0.21094535142853754
behavior_clone,Stopped paths have different endpoints; these descriptive aggregates cannot establish relative economic superiority.,24,6,0.2,1,0.0008982153011676372,0.001658444233475899,0.024742869289362326,0.5646676287450967,30,20260917,delay1bar,0.22627305628140282,0.023756790539988942,-0.20160559962227065
behavior_clone,Stopped paths have different endpoints; these descriptive aggregates cannot establish relative economic superiority.,23,7,0.23333333333333334,1,0.0007345808056100505,0.0016179795491591679,0.02044393121019633,0.5443741213231026,30,20260917,partial50pct,0.2400747955678606,0.023731833779608153,-0.22043538601236778
behavior_clone,Stopped paths have different endpoints; these descriptive aggregates cannot establish relative economic superiority.,24,6,0.2,1,0.0010998116920024287,0.0016249945764396844,0.025210650453664954,0.5533147965639132,30,20260917,missed10pct,0.22659576886384925,0.024201940595816363,-0.2070837923502541
behavior_clone,Stopped paths have different endpoints; these descriptive aggregates cannot establish relative economic superiority.,23,7,0.23333333333333334,1,0.001150373067944489,0.0015459457078994719,0.020023101088144132,0.5192516221334085,30,20260917,impact10bp,0.22782836791617678,0.024181234482817303,-0.20838496924012395
behavior_clone,Stopped paths have different endpoints; these descriptive aggregates cannot establish relative economic superiority.,24,6,0.2,1,0.0011625984491421967,0.003273928894922273,0.026540352253201924,0.5342071940343508,30,20260917,funding2x,0.22521512040892666,0.02419671007519066,-0.20427967366189614
ppo,Stopped paths have different endpoints; these descriptive aggregates cannot establish relative economic superiority.,3,27,0.9,3,0.0011652347213456963,-0.000650373844011235,-0.018753685093272427,-1.811688268609237,30,11,base,0.16352263460680927,0.016266521776847086,-0.1266812979425468
ppo,Stopped paths have different endpoints; these descriptive aggregates cannot establish relative economic superiority.,3,27,0.9,3,0.0017456150654807949,-0.0006480379229025501,-0.019521224251300366,-1.9036305649516447,30,11,cost1_5x,0.16374851151621594,0.016282452948664095,-0.12702411626617094
ppo,Stopped paths have different endpoints; these descriptive aggregates cannot establish relative economic superiority.,3,27,0.9,3,0.0023109000111635036,-0.0006470143407222861,-0.020131409226818633,-1.9955994953474865,30,11,cost2x,0.16397434695752233,0.01629838428939919,-0.1273668057487859
ppo,Stopped paths have different endpoints; these descriptive aggregates cannot establish relative economic superiority.,3,27,0.9,3,0.0028843355872753486,-0.00064714502192929,-0.021268542299538416,-2.0875607575749404,30,11,extreme25bp,0.16420014093475532,0.016314315798928846,-0.1277093664216713
ppo,Stopped paths have different endpoints; these descriptive aggregates cannot establish relative economic superiority.,3,27,0.9,3,0.0010639990911258765,-0.0006035872839052889,-0.018193510662787384,-1.8278389653071163,30,11,delay1bar,0.15853984359869078,0.015621441085272558,-0.13251506903598675
ppo,Stopped paths have different endpoints; these descriptive aggregates cannot establish relative economic superiority.,20,10,0.3333333333333333,3,0.002659464533603879,-0.001581213864789924,-0.01760922047408339,-0.791958308302738,30,11,partial50pct,0.16305344133346222,0.017513760585454136,-0.12463066849985371
ppo,Stopped paths have different endpoints; these descriptive aggregates cannot establish relative economic superiority.,4,26,0.8666666666666667,3,0.0011262620973947494,-0.0006542998070165967,-0.016441909953224077,-2.233665582946503,30,11,missed10pct,0.16491829776734335,0.016335808443419097,-0.12799005613344572
ppo,Stopped paths have different endpoints; these descriptive aggregates cannot establish relative economic superiority.,3,27,0.9,3,0.001163693630903492,-0.0006480760779560968,-0.019529510967944124,-1.9092651573422978,30,11,impact10bp,0.1636472649060593,0.01627922065145142,-0.12690947685203613
ppo,Stopped paths have different endpoints; these descriptive aggregates cannot establish relative economic superiority.,3,27,0.9,3,0.0011641965829386964,-0.0012985031731788095,-0.019355938558418606,-1.803479511862659,30,11,funding2x,0.1645155148105768,0.016263134079158848,-0.1294039193815837
ppo,Stopped paths have different endpoints; these descriptive aggregates cannot establish relative economic superiority.,7,23,0.7666666666666667,3,0.001295002556890785,-0.0013446064826210511,-0.04600311423203396,-1.3886760372906197,30,23,base,0.16530906556774005,0.019493541421307558,-0.15327524843187246
ppo,Stopped paths have different endpoints; these descriptive aggregates cannot establish relative economic superiority.,7,23,0.7666666666666667,3,0.0019405012239655354,-0.0013448432281790421,-0.04726434307891947,-1.4693478572845882,30,23,cost1_5x,0.1655415077840282,0.019508116805734988,-0.15487329147257256
ppo,Stopped paths have different endpoints; these descriptive aggregates cannot establish relative economic superiority.,7,23,0.7666666666666667,3,0.0025846700755143832,-0.0013450783087731097,-0.04852294714788225,-1.5402376238410531,30,23,cost2x,0.16577390533020708,0.01952269222419841,-0.15646860102643623
ppo,Stopped paths have different endpoints; these descriptive aggregates cannot establish relative economic superiority.,7,23,0.7666666666666667,3,0.0032275130372256752,-0.001345311728776482,-0.04977893423582946,-1.6325667161925952,30,23,extreme25bp,0.16600625820622794,0.019537267676648373,-0.15806118128292268
ppo,Stopped paths have different endpoints; these descriptive aggregates cannot establish relative economic superiority.,9,21,0.7,3,0.0014756805021972459,-0.0014529212798471331,-0.05620387815204513,-2.018295588323772,30,23,delay1bar,0.1589991739711374,0.027999948544671582,-0.1406851980734084
ppo,Stopped paths have different endpoints; these descriptive aggregates cannot establish relative economic superiority.,18,12,0.4,3,0.002202090650761831,-0.0009874278572229334,-0.037713312811096654,-0.7534360309502708,30,23,partial50pct,0.16305344133346222,0.018913782966127647,-0.12756386598409863
ppo,Stopped paths have different endpoints; these descriptive aggregates cannot establish relative economic superiority.,7,23,0.7666666666666667,3,0.0013560642209749089,-0.0012383379053423715,-0.04559504979696184,-1.1982134750835491,30,23,missed10pct,0.16813519847230762,0.01964885554567185,-0.158474550945083
ppo,Stopped paths have different endpoints; these descriptive aggregates cannot establish relative economic superiority.,7,23,0.7666666666666667,3,0.0012937374780690157,-0.0013450778624414866,-0.0471360182311587,-1.4704300205041316,30,23,impact10bp,0.16544085653794183,0.01950567303348232,-0.15480296175897135
ppo,Stopped paths have different endpoints; these descriptive aggregates cannot establish relative economic superiority.,7,23,0.7666666666666667,3,0.0012948553514511975,-0.002647701876322993,-0.047279048114814974,-1.3701749972219994,30,23,funding2x,0.16638206711813874,0.019490379702432413,-0.15544076340830226
ppo,Stopped paths have different endpoints; these descriptive aggregates cannot establish relative economic superiority.,30,0,0.0,3,0.002524169279543838,-0.0010716851104796957,-0.01276400800363956,-0.4012730771904952,30,47,base,0.11782820469349253,0.012094455147386659,-0.09725379870287432
ppo,Stopped paths have different endpoints; these descriptive aggregates cannot establish relative economic superiority.,30,0,0.0,3,0.0037693878336623947,-0.0010730460170948325,-0.015617220222809636,-0.5411587017467866,30,47,cost1_5x,0.12095679133952353,0.012107030353243639,-0.11102474134303264
ppo,Stopped paths have different endpoints; these descriptive aggregates cannot establish relative economic superiority.,30,0,0.0,3,0.0050077642375478525,-0.0010703816266996067,-0.018054441722979334,-0.6808125063939577,30,47,cost2x,0.12407472563895372,0.012119604626104246,-0.11798905758134903
ppo,Stopped paths have different endpoints; these descriptive aggregates cannot establish relative economic superiority.,30,0,0.0,3,0.006237209043265862,-0.0010677285060261485,-0.020474057335238063,-0.813605390758251,30,47,extreme25bp,0.127182042403847,0.012132177964902964,-0.12489980697576963
ppo,Stopped paths have different endpoints; these descriptive aggregates cannot establish relative economic superiority.,30,0,0.0,3,0.0025381807638348245,-0.0010579115520362823,-0.006502697042149315,-0.14684334182868902,30,47,delay1bar,0.12933716133243445,0.011852671800773543,-0.10545062486884305
ppo,Stopped paths have different endpoints; these descriptive aggregates cannot establish relative economic superiority.,30,0,0.0,3,0.0014338677763625286,-0.001072265110309198,-0.005406264130840744,-0.22892759381660557,30,47,partial50pct,0.11946800533648372,0.010667778905537202,-0.076852629502281
ppo,Stopped paths have different endpoints; these descriptive aggregates cannot establish relative economic superiority.,30,0,0.0,3,0.0024282413490685256,-0.0010708685268591546,-0.009517194091967267,-0.2911866783194059,30,47,missed10pct,0.11936429542966198,0.012090582550354305,-0.08535203724173179
ppo,Stopped paths have different endpoints; these descriptive aggregates cannot establish relative economic superiority.,30,0,0.0,3,0.002513154168679028,-0.0010731371651149073,-0.015570448428948917,-0.5390549723150203,30,47,impact10bp,0.1208885797691408,0.012106413038495538,-0.11087684700421152
ppo,Stopped paths have different endpoints; these descriptive aggregates cannot establish relative economic superiority.,30,0,0.0,3,0.0025173442888422716,-0.002139104436841779,-0.014195221059681733,-0.4823293711046859,30,47,funding2x,0.11983356849375859,0.01211336470107391,-0.10922038576522108
double_dqn,Stopped paths have different endpoints; these descriptive aggregates cannot establish relative economic superiority.,13,17,0.5666666666666667,3,0.0034342093054295065,-0.002255074299193303,-0.03947186918422916,-1.1179666792295668,30,11,base,0.16703332910767,0.01791204535679421,-0.14917607682301204
double_dqn,Stopped paths have different endpoints; these descriptive aggregates cannot establish relative economic superiority.,13,17,0.5666666666666667,3,0.005097723782969654,-0.002225808835633151,-0.0379458500154645,-1.1780216527557457,30,11,cost1_5x,0.16758294582749034,0.01792392784322104,-0.14757758387313336
double_dqn,Stopped paths have different endpoints; these descriptive aggregates cannot establish relative economic superiority.,13,17,0.5666666666666667,3,0.006779646661228872,-0.0022105200368786487,-0.04033663587744255,-1.146348879499322,30,11,cost2x,0.16813225914436736,0.01793581017906345,-0.14833262398525404
double_dqn,Stopped paths have different endpoints; these descriptive aggregates cannot establish relative economic superiority.,13,17,0.5666666666666667,3,0.008373534714112695,-0.0021343184809807882,-0.046628209121846495,-1.266547499428858,30,11,extreme25bp,0.16868126917319404,0.017947692363118477,-0.1490871130110658
double_dqn,Stopped paths have different endpoints; these descriptive aggregates cannot establish relative economic superiority.,12,18,0.6,3,0.00328877623830823,-0.002211772793931338,-0.051519656137189694,-1.4751159461183532,30,11,delay1bar,0.17056532408258818,0.01808046578496267,-0.15372264917813006
double_dqn,Stopped paths have different endpoints; these descriptive aggregates cannot establish relative economic superiority.,19,11,0.36666666666666664,3,0.0024978264409351914,-0.0028813859599587533,-0.034735706794073985,-1.145419468668233,30,11,partial50pct,0.16890386511278088,0.017620823388831617,-0.14720618264227814
double_dqn,Stopped paths have different endpoints; these descriptive aggregates cannot establish relative economic superiority.,13,17,0.5666666666666667,3,0.0028646523550126513,-0.0021580530994539274,-0.03078103101073856,-0.8727877068681309,30,11,missed10pct,0.16716388893551104,0.01785980867031557,-0.14610388362542215
double_dqn,Stopped paths have different endpoints; these descriptive aggregates cannot establish relative economic superiority.,13,17,0.5666666666666667,3,0.003398543806445155,-0.0022259080501587916,-0.03787323199936396,-1.1767784625605775,30,11,impact10bp,0.16751958566448344,0.017922529983523776,-0.14749417276471666
double_dqn,Stopped paths have different endpoints; these descriptive aggregates cannot establish relative economic superiority.,13,17,0.5666666666666667,3,0.0034473478946827553,-0.004388922959460876,-0.03916433409362982,-1.2071893373777112,30,11,funding2x,0.1684419124989257,0.017929192136565703,-0.14777861594495367
double_dqn,Stopped paths have different endpoints; these descriptive aggregates cannot establish relative economic superiority.,8,22,0.7333333333333333,3,0.0014265387179696447,-0.004406481428378469,-0.031483217793270867,-0.7659422057270244,30,23,base,0.16352263460680927,0.020154794649749938,-0.14236107182770186
double_dqn,Stopped paths have different endpoints; these descriptive aggregates cannot establish relative economic superiority.,8,22,0.7333333333333333,3,0.0021372917668012947,-0.004404225526613984,-0.03301741381632975,-0.7924400862650366,30,23,cost1_5x,0.16374851151621594,0.020181010526895957,-0.14277169764172748
double_dqn,Stopped paths have different endpoints; these descriptive aggregates cannot establish relative economic superiority.,8,22,0.7333333333333333,3,0.0028315158106367575,-0.004405633659467532,-0.03391520017856911,-0.7992168577909657,30,23,cost2x,0.16397434695752233,0.020207227447177997,-0.1455029976325256
double_dqn,Stopped paths have different endpoints; these descriptive aggregates cannot establish relative economic superiority.,8,22,0.7333333333333333,3,0.003496717923858305,-0.004403680838613715,-0.03513437419615384,-0.8360803234311631,30,23,extreme25bp,0.16420014093475532,0.02023344541101922,-0.14887681599139901
double_dqn,Stopped paths have different endpoints; these descriptive aggregates cannot establish relative economic superiority.,9,21,0.7,3,0.0015589306058960669,-0.004813638936252623,-0.03714197210426617,-0.8522375246252583,30,23,delay1bar,0.1749725919902222,0.020115880156564934,-0.15578720460407702
double_dqn,Stopped paths have different endpoints; these descriptive aggregates cannot establish relative economic superiority.,12,18,0.6,3,0.0013403693889816493,-0.005371688192215058,-0.039010452978550596,-0.9482536237402835,30,23,partial50pct,0.16305344133346222,0.019331095099864887,-0.12906247261877846
double_dqn,Stopped paths have different endpoints; these descriptive aggregates cannot establish relative economic superiority.,9,21,0.7,3,0.0014027812326157572,-0.004872197878970317,-0.022687652699774564,-0.6688019912239279,30,23,missed10pct,0.16491829776734335,0.020161307773117948,-0.14544752724886723
double_dqn,Stopped paths have different endpoints; these descriptive aggregates cannot establish relative economic superiority.,8,22,0.7333333333333333,3,0.0014247872820696236,-0.004406112602313103,-0.03301659603316302,-0.7892286548169873,30,23,impact10bp,0.1636472649060593,0.020183164022165342,-0.1426919970122429
double_dqn,Stopped paths have different endpoints; these descriptive aggregates cannot establish relative economic superiority.,8,22,0.7333333333333333,3,0.0014065549411852937,-0.008717138951166848,-0.03388960475069217,-0.8384724569887109,30,23,funding2x,0.1645155148105768,0.020046432011629187,-0.1371162721371978
double_dqn,Stopped paths have different endpoints; these descriptive aggregates cannot establish relative economic superiority.,16,14,0.4666666666666667,3,0.0035155983375850333,-0.006309109888732169,-0.019403803735047808,0.11879575856139188,30,47,base,0.25538364051077267,0.01641321150375051,-0.2282073240739303
double_dqn,Stopped paths have different endpoints; these descriptive aggregates cannot establish relative economic superiority.,15,15,0.5,3,0.005182913667790664,-0.006258954827351071,-0.021332922328488896,0.025730451715161883,30,47,cost1_5x,0.25737824125945785,0.016433083518426664,-0.23080156027537957
double_dqn,Stopped paths have different endpoints; these descriptive aggregates cannot establish relative economic superiority.,15,15,0.5,3,0.006865330219713698,-0.006248927083534956,-0.020860190827727186,-0.04827816403321367,30,47,cost2x,0.1598854513380763,0.016167660881010466,-0.1526979843599494
double_dqn,Stopped paths have different endpoints; these descriptive aggregates cannot establish relative economic superiority.,15,15,0.5,3,0.008562926347967856,-0.006230652868526595,-0.02473559896772839,-0.1616651839871724,30,47,extreme25bp,0.16257154044861577,0.016182999102340195,-0.1554934806434921
double_dqn,Stopped paths have different endpoints; these descriptive aggregates cannot establish relative economic superiority.,18,12,0.4,3,0.0037352527308737796,-0.006482991518024099,-0.0021026752362810265,0.1383418852103466,30,47,delay1bar,0.22845345338467737,0.017096656390590877,-0.2141964703073389
double_dqn,Stopped paths have different endpoints; these descriptive aggregates cannot establish relative economic superiority.,25,5,0.16666666666666666,3,0.0027109800581987544,-0.006032589865483361,-0.010255646499457979,0.014848421433673056,30,47,partial50pct,0.24215894939118643,0.015768002225161847,-0.20884490147596546
double_dqn,Stopped paths have different endpoints; these descriptive aggregates cannot establish relative economic superiority.,16,14,0.4666666666666667,3,0.003163364495300415,-0.006138345963159012,-0.020340435795421066,-0.0482098002848915,30,47,missed10pct,0.2319759334335496,0.018450754566909096,-0.20379106591538843
double_dqn,Stopped paths have different endpoints; these descriptive aggregates cannot establish relative economic superiority.,15,15,0.5,3,0.0034557223293031547,-0.006261633516835649,-0.021186467830283103,0.02685623499965919,30,47,impact10bp,0.2573470380592221,0.016436741784391612,-0.23072653813998056
double_dqn,Stopped paths have different endpoints; these descriptive aggregates cannot establish relative economic superiority.,13,17,0.5666666666666667,3,0.0033813499585738844,-0.012093934356877622,-0.025942355070142333,0.09998847632623317,30,47,funding2x,0.2542907297892565,0.0164253896682897,-0.22867628488968073
cql,Stopped paths have different endpoints; these descriptive aggregates cannot establish relative economic superiority.,15,15,0.5,3,0.0007309272461454443,-0.00893747498710035,-0.013691832158254712,-0.5752257875104245,30,11,base,0.16706883247437443,0.019894950666026298,-0.13002180132488594
cql,Stopped paths have different endpoints; these descriptive aggregates cannot establish relative economic superiority.,15,15,0.5,3,0.0010959904812802644,-0.008934372727622101,-0.014402267338862188,-0.583983781413173,30,11,cost1_5x,0.1674802504174192,0.019909032820286124,-0.13063539152199477
cql,Stopped paths have different endpoints; these descriptive aggregates cannot establish relative economic superiority.,15,15,0.5,3,0.0014601687738187278,-0.008931780791245294,-0.01470271396564495,-0.5927395028170523,30,11,cost2x,0.16789147813334138,0.01992311863613379,-0.1312485433305416
cql,Stopped paths have different endpoints; these descriptive aggregates cannot establish relative economic superiority.,15,15,0.5,3,0.0018245451080764453,-0.008928680558366129,-0.015412194641876082,-0.6014928723488887,30,11,extreme25bp,0.16830251571084986,0.019937208115992238,-0.13186125706744967
cql,Stopped paths have different endpoints; these descriptive aggregates cannot establish relative economic superiority.,16,14,0.4666666666666667,3,0.0007649130586533801,-0.00886101326354908,-0.02276879516272424,-0.6415207049101013,30,11,delay1bar,0.18414673299472617,0.01964281661549743,-0.13251506903598675
cql,Stopped paths have different endpoints; these descriptive aggregates cannot establish relative economic superiority.,15,15,0.5,3,0.0005049560280011542,-0.009030126954270077,-0.012391470313525155,-0.5364360535001785,30,11,partial50pct,0.17124765120389662,0.019223262726762558,-0.12463066849985371
cql,Stopped paths have different endpoints; these descriptive aggregates cannot establish relative economic superiority.,15,15,0.5,3,0.0007113194277118759,-0.008945561866468272,-0.013828015442137628,-0.5685909625525044,30,11,missed10pct,0.16758985360924472,0.020140593990609128,-0.12870320213568076
cql,Stopped paths have different endpoints; these descriptive aggregates cannot establish relative economic superiority.,15,15,0.5,3,0.0007307723980046453,-0.008935765617395371,-0.014115196024222882,-0.5802698724382307,30,11,impact10bp,0.1673931134876787,0.019906336595650245,-0.1303056051333138
cql,Stopped paths have different endpoints; these descriptive aggregates cannot establish relative economic superiority.,14,16,0.5333333333333333,3,0.0007209668047012332,-0.017396260330096874,-0.022344553950456803,-0.6474493561955383,30,11,funding2x,0.16744623796086233,0.01989270489201162,-0.13640210023279897
cql,Stopped paths have different endpoints; these descriptive aggregates cannot establish relative economic superiority.,15,15,0.5,3,0.0006986124899844701,-0.008844993469651128,-0.014962768881771442,-0.5752257875104245,30,23,base,0.16530906556774005,0.019493541421307558,-0.13932467647478286
cql,Stopped paths have different endpoints; these descriptive aggregates cannot establish relative economic superiority.,15,15,0.5,3,0.0010475260139554343,-0.008841761265457977,-0.015646347997218597,-0.583983781413173,30,23,cost1_5x,0.1655415077840282,0.019508116805734988,-0.13999326936188394
cql,Stopped paths have different endpoints; these descriptive aggregates cannot establish relative economic superiority.,15,15,0.5,3,0.0013955720078979255,-0.008839029452383896,-0.01592807767024634,-0.5927395028170523,30,23,cost2x,0.16577390533020708,0.01952269222419841,-0.14066133779391732
cql,Stopped paths have different endpoints; these descriptive aggregates cannot establish relative economic superiority.,15,15,0.5,3,0.0017438119755490591,-0.008835799635789482,-0.016610718441770558,-0.6014928723488887,30,23,extreme25bp,0.16600625820622794,0.019537267676648373,-0.14132888217511463
cql,Stopped paths have different endpoints; these descriptive aggregates cannot establish relative economic superiority.,16,14,0.4666666666666667,3,0.0007179409524755453,-0.009052043217122498,-0.01785480415000417,-0.6415207049101013,30,23,delay1bar,0.1589991739711374,0.018839121322234642,-0.13251506903598675
cql,Stopped paths have different endpoints; these descriptive aggregates cannot establish relative economic superiority.,15,15,0.5,3,0.000491131406050318,-0.00889919619744037,-0.011086398743195483,-0.5364360535001785,30,23,partial50pct,0.16305344133346222,0.018913782966127647,-0.12463066849985371
cql,Stopped paths have different endpoints; these descriptive aggregates cannot establish relative economic superiority.,15,15,0.5,3,0.0006795104973622,-0.008853744799390486,-0.015031516469868104,-0.5685909625525044,30,23,missed10pct,0.16813519847230762,0.01964885554567185,-0.1388866618682124
cql,Stopped paths have different endpoints; these descriptive aggregates cannot establish relative economic superiority.,15,15,0.5,3,0.0006984573381331526,-0.008843125468891305,-0.015364201854412026,-0.5802698724382307,30,23,impact10bp,0.16544085653794183,0.01950567303348232,-0.13979311660104232
cql,Stopped paths have different endpoints; these descriptive aggregates cannot establish relative economic superiority.,14,16,0.5333333333333333,3,0.0006887992712467545,-0.01721511263790519,-0.023283117095479432,-0.6474493561955383,30,23,funding2x,0.16638206711813874,0.019490379702432413,-0.1446449715165512
cql,Stopped paths have different endpoints; these descriptive aggregates cannot establish relative economic superiority.,13,17,0.5666666666666667,3,0.0012152653622111778,-0.005261513806474581,-0.010744941698220512,-0.17599728049969052,30,47,base,0.22945983101612188,0.019493541421307558,-0.20885944701442327
cql,Stopped paths have different endpoints; these descriptive aggregates cannot establish relative economic superiority.,13,17,0.5666666666666667,3,0.001821462529456543,-0.005256266643197679,-0.01185232599154508,-0.20110707778164513,30,47,cost1_5x,0.230124467406135,0.019508116805734988,-0.2097144860463085
cql,Stopped paths have different endpoints; these descriptive aggregates cannot establish relative economic superiority.,13,17,0.5666666666666667,3,0.0024267859723409047,-0.005253098949674644,-0.013038062000433821,-0.2262098335290804,30,47,cost2x,0.23078864403251387,0.01952269222419841,-0.21056870087692525
cql,Stopped paths have different endpoints; these descriptive aggregates cannot establish relative economic superiority.,13,17,0.5666666666666667,3,0.0030311966195981544,-0.005249934411100562,-0.014222013161286759,-0.25130424622500813,30,47,extreme25bp,0.23145236113006784,0.019537267676648373,-0.21142209221924135
cql,Stopped paths have different endpoints; these descriptive aggregates cannot establish relative economic superiority.,13,17,0.5666666666666667,3,0.0011937301061870386,-0.005167924511358927,-0.0161815344158326,-0.3001353832537976,30,47,delay1bar,0.18965451338702377,0.018839121322234642,-0.1642377324420411
cql,Stopped paths have different endpoints; these descriptive aggregates cannot establish relative economic superiority.,15,15,0.5,3,0.0008855445467782461,-0.005273923592529825,-0.01596752954206919,-0.1661992657882606,30,47,partial50pct,0.2483377253011465,0.018913782966127647,-0.23025769611503655
cql,Stopped paths have different endpoints; these descriptive aggregates cannot establish relative economic superiority.,13,17,0.5666666666666667,3,0.0011350699620752997,-0.0050875091988549235,-0.011883085785507648,-0.2306138134945786,30,47,missed10pct,0.2295641672857217,0.01964885554567185,-0.20918421472979487
cql,Stopped paths have different endpoints; these descriptive aggregates cannot establish relative economic superiority.,13,17,0.5666666666666667,3,0.0012144817141812522,-0.0052568855865356935,-0.011567061315082568,-0.19552060015121114,30,47,impact10bp,0.23003232926175432,0.01950567303348232,-0.20955906518299883
cql,Stopped paths have different endpoints; these descriptive aggregates cannot establish relative economic superiority.,13,17,0.5666666666666667,3,0.0012106373557375263,-0.010319317313676924,-0.014978462010180382,-0.11120095655712231,30,47,funding2x,0.22743905330568026,0.019490379702432413,-0.20547565308917481
cql_no_inventory_penalty,Stopped paths have different endpoints; these descriptive aggregates cannot establish relative economic superiority.,15,15,0.5,3,0.0007309272461454443,-0.00893747498710035,-0.013691832158254712,-0.5752257875104245,30,11,base,0.16706883247437443,0.019894950666026298,-0.13002180132488594
cql_no_inventory_penalty,Stopped paths have different endpoints; these descriptive aggregates cannot establish relative economic superiority.,15,15,0.5,3,0.0010959904812802644,-0.008934372727622101,-0.014402267338862188,-0.583983781413173,30,11,cost1_5x,0.1674802504174192,0.019909032820286124,-0.13063539152199477
cql_no_inventory_penalty,Stopped paths have different endpoints; these descriptive aggregates cannot establish relative economic superiority.,15,15,0.5,3,0.0014601687738187278,-0.008931780791245294,-0.01470271396564495,-0.5927395028170523,30,11,cost2x,0.16789147813334138,0.01992311863613379,-0.1312485433305416
cql_no_inventory_penalty,Stopped paths have different endpoints; these descriptive aggregates cannot establish relative economic superiority.,15,15,0.5,3,0.0018245451080764453,-0.008928680558366129,-0.015412194641876082,-0.6014928723488887,30,11,extreme25bp,0.16830251571084986,0.019937208115992238,-0.13186125706744967
cql_no_inventory_penalty,Stopped paths have different endpoints; these descriptive aggregates cannot establish relative economic superiority.,16,14,0.4666666666666667,3,0.0007649130586533801,-0.00886101326354908,-0.02276879516272424,-0.6415207049101013,30,11,delay1bar,0.18414673299472617,0.01964281661549743,-0.13251506903598675
cql_no_inventory_penalty,Stopped paths have different endpoints; these descriptive aggregates cannot establish relative economic superiority.,15,15,0.5,3,0.0005049560280011542,-0.009030126954270077,-0.012391470313525155,-0.5364360535001785,30,11,partial50pct,0.17124765120389662,0.019223262726762558,-0.12463066849985371
cql_no_inventory_penalty,Stopped paths have different endpoints; these descriptive aggregates cannot establish relative economic superiority.,15,15,0.5,3,0.0007113194277118759,-0.008945561866468272,-0.013828015442137628,-0.5685909625525044,30,11,missed10pct,0.16758985360924472,0.020140593990609128,-0.12870320213568076
cql_no_inventory_penalty,Stopped paths have different endpoints; these descriptive aggregates cannot establish relative economic superiority.,15,15,0.5,3,0.0007307723980046453,-0.008935765617395371,-0.014115196024222882,-0.5802698724382307,30,11,impact10bp,0.1673931134876787,0.019906336595650245,-0.1303056051333138
cql_no_inventory_penalty,Stopped paths have different endpoints; these descriptive aggregates cannot establish relative economic superiority.,14,16,0.5333333333333333,3,0.0007209668047012332,-0.017396260330096874,-0.022344553950456803,-0.6474493561955383,30,11,funding2x,0.16744623796086233,0.01989270489201162,-0.13640210023279897
cql_no_inventory_penalty,Stopped paths have different endpoints; these descriptive aggregates cannot establish relative economic superiority.,15,15,0.5,3,0.0006986124899844701,-0.008844993469651128,-0.014962768881771442,-0.5752257875104245,30,23,base,0.16530906556774005,0.019493541421307558,-0.13932467647478286
cql_no_inventory_penalty,Stopped paths have different endpoints; these descriptive aggregates cannot establish relative economic superiority.,15,15,0.5,3,0.0010475260139554343,-0.008841761265457977,-0.015646347997218597,-0.583983781413173,30,23,cost1_5x,0.1655415077840282,0.019508116805734988,-0.13999326936188394
cql_no_inventory_penalty,Stopped paths have different endpoints; these descriptive aggregates cannot establish relative economic superiority.,15,15,0.5,3,0.0013955720078979255,-0.008839029452383896,-0.01592807767024634,-0.5927395028170523,30,23,cost2x,0.16577390533020708,0.01952269222419841,-0.14066133779391732
cql_no_inventory_penalty,Stopped paths have different endpoints; these descriptive aggregates cannot establish relative economic superiority.,15,15,0.5,3,0.0017438119755490591,-0.008835799635789482,-0.016610718441770558,-0.6014928723488887,30,23,extreme25bp,0.16600625820622794,0.019537267676648373,-0.14132888217511463
cql_no_inventory_penalty,Stopped paths have different endpoints; these descriptive aggregates cannot establish relative economic superiority.,16,14,0.4666666666666667,3,0.0007179409524755453,-0.009052043217122498,-0.01785480415000417,-0.6415207049101013,30,23,delay1bar,0.1589991739711374,0.018839121322234642,-0.13251506903598675
cql_no_inventory_penalty,Stopped paths have different endpoints; these descriptive aggregates cannot establish relative economic superiority.,15,15,0.5,3,0.000491131406050318,-0.00889919619744037,-0.011086398743195483,-0.5364360535001785,30,23,partial50pct,0.16305344133346222,0.018913782966127647,-0.12463066849985371
cql_no_inventory_penalty,Stopped paths have different endpoints; these descriptive aggregates cannot establish relative economic superiority.,15,15,0.5,3,0.0006795104973622,-0.008853744799390486,-0.015031516469868104,-0.5685909625525044,30,23,missed10pct,0.16813519847230762,0.01964885554567185,-0.1388866618682124
cql_no_inventory_penalty,Stopped paths have different endpoints; these descriptive aggregates cannot establish relative economic superiority.,15,15,0.5,3,0.0006984573381331526,-0.008843125468891305,-0.015364201854412026,-0.5802698724382307,30,23,impact10bp,0.16544085653794183,0.01950567303348232,-0.13979311660104232
cql_no_inventory_penalty,Stopped paths have different endpoints; these descriptive aggregates cannot establish relative economic superiority.,14,16,0.5333333333333333,3,0.0006887992712467545,-0.01721511263790519,-0.023283117095479432,-0.6474493561955383,30,23,funding2x,0.16638206711813874,0.019490379702432413,-0.1446449715165512
cql_no_inventory_penalty,Stopped paths have different endpoints; these descriptive aggregates cannot establish relative economic superiority.,13,17,0.5666666666666667,3,0.0012152653622111778,-0.005261513806474581,-0.010744941698220512,-0.17599728049969052,30,47,base,0.22945983101612188,0.019493541421307558,-0.20885944701442327
cql_no_inventory_penalty,Stopped paths have different endpoints; these descriptive aggregates cannot establish relative economic superiority.,13,17,0.5666666666666667,3,0.001821462529456543,-0.005256266643197679,-0.01185232599154508,-0.20110707778164513,30,47,cost1_5x,0.230124467406135,0.019508116805734988,-0.2097144860463085
cql_no_inventory_penalty,Stopped paths have different endpoints; these descriptive aggregates cannot establish relative economic superiority.,13,17,0.5666666666666667,3,0.0024267859723409047,-0.005253098949674644,-0.013038062000433821,-0.2262098335290804,30,47,cost2x,0.23078864403251387,0.01952269222419841,-0.21056870087692525
cql_no_inventory_penalty,Stopped paths have different endpoints; these descriptive aggregates cannot establish relative economic superiority.,13,17,0.5666666666666667,3,0.0030311966195981544,-0.005249934411100562,-0.014222013161286759,-0.25130424622500813,30,47,extreme25bp,0.23145236113006784,0.019537267676648373,-0.21142209221924135
cql_no_inventory_penalty,Stopped paths have different endpoints; these descriptive aggregates cannot establish relative economic superiority.,13,17,0.5666666666666667,3,0.001185661764910312,-0.005164223323367484,-0.01630283409089083,-0.3001353832537976,30,47,delay1bar,0.18965451338702377,0.018839121322234642,-0.1642377324420411
cql_no_inventory_penalty,Stopped paths have different endpoints; these descriptive aggregates cannot establish relative economic superiority.,15,15,0.5,3,0.0008855445467782461,-0.005273923592529825,-0.01596752954206919,-0.1661992657882606,30,47,partial50pct,0.2483377253011465,0.018913782966127647,-0.23025769611503655
cql_no_inventory_penalty,Stopped paths have different endpoints; these descriptive aggregates cannot establish relative economic superiority.,13,17,0.5666666666666667,3,0.0011350699620752997,-0.0050875091988549235,-0.011883085785507648,-0.2306138134945786,30,47,missed10pct,0.2295641672857217,0.01964885554567185,-0.20918421472979487
cql_no_inventory_penalty,Stopped paths have different endpoints; these descriptive aggregates cannot establish relative economic superiority.,13,17,0.5666666666666667,3,0.0012144817141812522,-0.0052568855865356935,-0.011567061315082568,-0.19552060015121114,30,47,impact10bp,0.23003232926175432,0.01950567303348232,-0.20955906518299883
cql_no_inventory_penalty,Stopped paths have different endpoints; these descriptive aggregates cannot establish relative economic superiority.,13,17,0.5666666666666667,3,0.0012106373557375263,-0.010319317313676924,-0.014978462010180382,-0.11120095655712231,30,47,funding2x,0.22743905330568026,0.019490379702432413,-0.20547565308917481
cash,Stopped paths have different endpoints; these descriptive aggregates cannot establish relative economic superiority.,30,0,0.0,3,0.0,0.0,0.0,,30,20260917,base,0.0,-0.0,0.0
cash,Stopped paths have different endpoints; these descriptive aggregates cannot establish relative economic superiority.,30,0,0.0,3,0.0,0.0,0.0,,30,20260917,cost1_5x,0.0,-0.0,0.0
cash,Stopped paths have different endpoints; these descriptive aggregates cannot establish relative economic superiority.,30,0,0.0,3,0.0,0.0,0.0,,30,20260917,cost2x,0.0,-0.0,0.0
cash,Stopped paths have different endpoints; these descriptive aggregates cannot establish relative economic superiority.,30,0,0.0,3,0.0,0.0,0.0,,30,20260917,extreme25bp,0.0,-0.0,0.0
cash,Stopped paths have different endpoints; these descriptive aggregates cannot establish relative economic superiority.,30,0,0.0,3,0.0,0.0,0.0,,30,20260917,delay1bar,0.0,-0.0,0.0
cash,Stopped paths have different endpoints; these descriptive aggregates cannot establish relative economic superiority.,30,0,0.0,3,0.0,0.0,0.0,,30,20260917,partial50pct,0.0,-0.0,0.0
cash,Stopped paths have different endpoints; these descriptive aggregates cannot establish relative economic superiority.,30,0,0.0,3,0.0,0.0,0.0,,30,20260917,missed10pct,0.0,-0.0,0.0
cash,Stopped paths have different endpoints; these descriptive aggregates cannot establish relative economic superiority.,30,0,0.0,3,0.0,0.0,0.0,,30,20260917,impact10bp,0.0,-0.0,0.0
cash,Stopped paths have different endpoints; these descriptive aggregates cannot establish relative economic superiority.,30,0,0.0,3,0.0,0.0,0.0,,30,20260917,funding2x,0.0,-0.0,0.0
constant_long,Stopped paths have different endpoints; these descriptive aggregates cannot establish relative economic superiority.,15,15,0.5,3,0.000628564365468834,-0.008943432639656282,-0.013745458597568917,-0.592507145327769,30,20260917,base,0.16530906556774005,0.019493541421307558,-0.13002180132488594
constant_long,Stopped paths have different endpoints; these descriptive aggregates cannot establish relative economic superiority.,15,15,0.5,3,0.0009425473291595819,-0.008940555724442679,-0.01436194024303361,-0.5999661455521976,30,20260917,cost1_5x,0.1655415077840282,0.019508116805734988,-0.13063539152199477
constant_long,Stopped paths have different endpoints; these descriptive aggregates cannot establish relative economic superiority.,15,15,0.5,3,0.0012557237753680625,-0.008938179821239909,-0.014575891798652945,-0.607423150289737,30,20260917,cost2x,0.16577390533020708,0.01952269222419841,-0.1312485433305416
constant_long,Stopped paths have different endpoints; these descriptive aggregates cannot establish relative economic superiority.,15,15,0.5,3,0.0015691570485463276,-0.00893530467037763,-0.015191573419194663,-0.6148781176361515,30,20260917,extreme25bp,0.16600625820622794,0.019537267676648373,-0.13186125706744967
constant_long,Stopped paths have different endpoints; these descriptive aggregates cannot establish relative economic superiority.,16,14,0.4666666666666667,3,0.0006318413130871199,-0.009074153955372938,-0.021043924128156873,-0.662889852922045,30,20260917,delay1bar,0.1589991739711374,0.018839121322234642,-0.13251506903598675
constant_long,Stopped paths have different endpoints; these descriptive aggregates cannot establish relative economic superiority.,15,15,0.5,3,0.0004529243994285264,-0.008977925798656299,-0.01131492180654637,-0.5902993438866475,30,20260917,partial50pct,0.16305344133346222,0.018913782966127647,-0.12463066849985371
constant_long,Stopped paths have different endpoints; these descriptive aggregates cannot establish relative economic superiority.,15,15,0.5,3,0.0006092152371085806,-0.008952328041393206,-0.013782361939270397,-0.5858940609695575,30,20260917,missed10pct,0.16813519847230762,0.01964885554567185,-0.12870320213568076
constant_long,Stopped paths have different endpoints; these descriptive aggregates cannot establish relative economic superiority.,15,15,0.5,3,0.0006284645739376656,-0.00894198000998126,-0.014068771383734923,-0.5961114599036625,30,20260917,impact10bp,0.16544085653794183,0.01950567303348232,-0.1303056051333138
constant_long,Stopped paths have different endpoints; these descriptive aggregates cannot establish relative economic superiority.,14,16,0.5333333333333333,3,0.0006189852680675654,-0.01740997790898275,-0.02215471908890269,-0.6761233260286712,30,20260917,funding2x,0.16638206711813874,0.019490379702432413,-0.13640210023279897
constant_short,Stopped paths have different endpoints; these descriptive aggregates cannot establish relative economic superiority.,20,10,0.3333333333333333,3,0.0010361571206983437,0.00670482815504439,0.0005651476666172717,0.37574909672666856,30,20260917,base,0.2536262285276687,0.0237550667009451,-0.2336719329308511
constant_short,Stopped paths have different endpoints; these descriptive aggregates cannot establish relative economic superiority.,19,11,0.36666666666666664,3,0.0015437038357454327,0.006634981330272829,-0.004800681046515746,0.3134781691836145,30,20260917,cost1_5x,0.25413103924711133,0.023766396496291725,-0.23435749022347918
constant_short,Stopped paths have different endpoints; these descriptive aggregates cannot establish relative economic superiority.,19,11,0.36666666666666664,3,0.00205717123206168,0.006632157102378208,-0.005825473582162895,0.3025589347970361,30,20260917,cost2x,0.2546355612991782,0.023777727490912982,-0.23504247226869734
constant_short,Stopped paths have different endpoints; these descriptive aggregates cannot establish relative economic superiority.,19,11,0.36666666666666664,3,0.0025700896585445455,0.006629334404650976,-0.006849175852743461,0.291638991971294,30,20260917,extreme25bp,0.25513979483492555,0.023789059685046847,-0.23572687954399096
constant_short,Stopped paths have different endpoints; these descriptive aggregates cannot establish relative economic superiority.,18,12,0.4,3,0.0009998176916173526,0.006579004062876292,-0.008147636461821699,0.13619495953653532,30,20260917,delay1bar,0.22443081637538065,0.023761484559941065,-0.20010480682325893
constant_short,Stopped paths have different endpoints; these descriptive aggregates cannot establish relative economic superiority.,19,11,0.36666666666666664,3,0.0006779867394583103,0.006776189586867395,-0.00369470581703365,0.29786955432995155,30,20260917,partial50pct,0.251668576397307,0.02328729900239761,-0.23366866548646537
constant_short,Stopped paths have different endpoints; these descriptive aggregates cannot establish relative economic superiority.,19,11,0.36666666666666664,3,0.0009651337638160821,0.006673191945277195,-0.003235999979339151,0.1416447817999905,30,20260917,missed10pct,0.2537864588640827,0.024195232841765557,-0.23404724643497943
constant_short,Stopped paths have different endpoints; these descriptive aggregates cannot establish relative economic superiority.,19,11,0.36666666666666664,3,0.0010294512334125619,0.006636514445450691,-0.004238571517977733,0.31986561375755085,30,20260917,impact10bp,0.2539841829470788,0.023763622601625085,-0.2341477931739746
constant_short,Stopped paths have different endpoints; these descriptive aggregates cannot establish relative economic superiority.,20,10,0.3333333333333333,3,0.0010404351308804355,0.013651260197169716,0.006837359124857349,0.4411075163416517,30,20260917,funding2x,0.2513678847011078,0.023781528566200683,-0.23008476544224055
historical_mean,Stopped paths have different endpoints; these descriptive aggregates cannot establish relative economic superiority.,15,15,0.5,3,0.000628564365468834,-0.008943432639656282,-0.013745458597568917,-0.592507145327769,30,20260917,base,0.16530906556774005,0.019493541421307558,-0.13002180132488594
historical_mean,Stopped paths have different endpoints; these descriptive aggregates cannot establish relative economic superiority.,15,15,0.5,3,0.0009425473291595819,-0.008940555724442679,-0.01436194024303361,-0.5999661455521976,30,20260917,cost1_5x,0.1655415077840282,0.019508116805734988,-0.13063539152199477
historical_mean,Stopped paths have different endpoints; these descriptive aggregates cannot establish relative economic superiority.,15,15,0.5,3,0.0012557237753680625,-0.008938179821239909,-0.014575891798652945,-0.607423150289737,30,20260917,cost2x,0.16577390533020708,0.01952269222419841,-0.1312485433305416
historical_mean,Stopped paths have different endpoints; these descriptive aggregates cannot establish relative economic superiority.,15,15,0.5,3,0.0015691570485463276,-0.00893530467037763,-0.015191573419194663,-0.6148781176361515,30,20260917,extreme25bp,0.16600625820622794,0.019537267676648373,-0.13186125706744967
historical_mean,Stopped paths have different endpoints; these descriptive aggregates cannot establish relative economic superiority.,16,14,0.4666666666666667,3,0.0006318413130871199,-0.009074153955372938,-0.021043924128156873,-0.662889852922045,30,20260917,delay1bar,0.1589991739711374,0.018839121322234642,-0.13251506903598675
historical_mean,Stopped paths have different endpoints; these descriptive aggregates cannot establish relative economic superiority.,15,15,0.5,3,0.0004529243994285264,-0.008977925798656299,-0.01131492180654637,-0.5902993438866475,30,20260917,partial50pct,0.16305344133346222,0.018913782966127647,-0.12463066849985371
historical_mean,Stopped paths have different endpoints; these descriptive aggregates cannot establish relative economic superiority.,15,15,0.5,3,0.0006092152371085806,-0.008952328041393206,-0.013782361939270397,-0.5858940609695575,30,20260917,missed10pct,0.16813519847230762,0.01964885554567185,-0.12870320213568076
historical_mean,Stopped paths have different endpoints; these descriptive aggregates cannot establish relative economic superiority.,15,15,0.5,3,0.0006284645739376656,-0.00894198000998126,-0.014068771383734923,-0.5961114599036625,30,20260917,impact10bp,0.16544085653794183,0.01950567303348232,-0.1303056051333138
historical_mean,Stopped paths have different endpoints; these descriptive aggregates cannot establish relative economic superiority.,14,16,0.5333333333333333,3,0.0006189852680675654,-0.01740997790898275,-0.02215471908890269,-0.6761233260286712,30,20260917,funding2x,0.16638206711813874,0.019490379702432413,-0.13640210023279897
last_return,Stopped paths have different endpoints; these descriptive aggregates cannot establish relative economic superiority.,0,30,1.0,3,0.0005090136108826273,-3.7124909757664606e-06,-0.003592418233430006,-2.9249797719011497,30,20260917,base,0.03864580798063766,0.029718147753105884,-0.03610438717133624
last_return,Stopped paths have different endpoints; these descriptive aggregates cannot establish relative economic superiority.,0,30,1.0,3,0.00076336574535742,-3.7028403911240107e-06,-0.0041013942915880935,-3.180747554628307,30,20260917,cost1_5x,0.038790071942235826,0.02971818166563789,-0.03637100213963673
last_return,Stopped paths have different endpoints; these descriptive aggregates cannot establish relative economic superiority.,0,30,1.0,3,0.0010176160771045671,-3.6931948974630993e-06,-0.0046101665876329394,-3.4327083680558372,30,20260917,cost2x,0.03893433622875819,0.029718215574944695,-0.036637550405784536
last_return,Stopped paths have different endpoints; these descriptive aggregates cannot establish relative economic superiority.,0,30,1.0,3,0.001271767551027164,-3.6835536246844662e-06,-0.005118741075040301,-3.680662103154461,30,20260917,extreme25bp,0.03907860084060888,0.029718249481369585,-0.03690403199501879
last_return,Stopped paths have different endpoints; these descriptive aggregates cannot establish relative economic superiority.,0,30,1.0,3,0.00040776041828474236,2.737593203932999e-05,-0.0031285653124732008,-5.16824932272433,30,20260917,delay1bar,0.049722774561569816,0.029294445538479597,-0.049722774561569816
last_return,Stopped paths have different endpoints; these descriptive aggregates cannot establish relative economic superiority.,30,0,0.0,3,0.012612368873844407,-0.0017963950856153459,0.04103364785147668,0.8626196444514442,30,20260917,partial50pct,0.14929457285077785,0.012283444905779454,-0.0874141508503149
last_return,Stopped paths have different endpoints; these descriptive aggregates cannot establish relative economic superiority.,0,30,1.0,3,0.0005586860763148988,1.0794001112525684e-05,-0.0050700290080563535,-3.804479648450898,30,20260917,missed10pct,0.03864580798063766,0.029718147753105884,-0.03610438717133624
last_return,Stopped paths have different endpoints; these descriptive aggregates cannot establish relative economic superiority.,0,30,1.0,3,0.0005088898805801326,-3.699498638591092e-06,-0.004198071999008246,-3.2518325764079377,30,20260917,impact10bp,0.03880378236274795,0.029718150994088144,-0.03638326492982591
last_return,Stopped paths have different endpoints; these descriptive aggregates cannot establish relative economic superiority.,0,30,1.0,3,0.0005254263835460344,-1.172950652318402e-05,-0.003198831051029945,-1.862824292510903,30,20260917,funding2x,0.0385643543623041,0.02969314515947008,-0.03587611883422681
momentum,Stopped paths have different endpoints; these descriptive aggregates cannot establish relative economic superiority.,0,30,1.0,3,0.00043481204599170694,4.166511795354743e-05,-0.0009223425459311022,0.80048714434328,30,20260917,base,0.042159364816923506,0.02973291008180101,-0.04071520932885231
momentum,Stopped paths have different endpoints; these descriptive aggregates cannot establish relative economic superiority.,0,30,1.0,3,0.0006521327067742189,4.1663992565410794e-05,-0.0013558656080189283,0.6350889568485923,30,20260917,cost1_5x,0.04255258343437274,0.02974033349436178,-0.04146781431925273
momentum,Stopped paths have different endpoints; these descriptive aggregates cannot establish relative economic superiority.,0,30,1.0,3,0.0008693964745182281,4.166286864307695e-05,-0.0017892750728940698,0.44527031952642504,30,20260917,cost2x,0.042945864018156144,0.029747762470075045,-0.0422201567058168
momentum,Stopped paths have different endpoints; these descriptive aggregates cannot establish relative economic superiority.,0,30,1.0,3,0.001086603360550325,4.1661746185890915e-05,-0.002222570963182561,0.06572244028420815,30,20260917,extreme25bp,0.04333920662627888,0.02975519701624274,-0.04297223651378457
momentum,Stopped paths have different endpoints; these descriptive aggregates cannot establish relative economic superiority.,0,30,1.0,3,0.0003930332355152795,5.408263071151123e-05,0.004678588797436715,3.6057858861384426,30,20260917,delay1bar,0.03208781696178986,0.013094949037007808,-0.01721879911113844
momentum,Stopped paths have different endpoints; these descriptive aggregates cannot establish relative economic superiority.,26,4,0.13333333333333333,3,0.012263046330764733,-0.0018466001787728024,-0.024683724553620827,-0.4339597490745911,30,20260917,partial50pct,0.15863644781558706,0.013577031307646618,-0.1497078273274779
momentum,Stopped paths have different endpoints; these descriptive aggregates cannot establish relative economic superiority.,0,30,1.0,3,0.0004347439078457333,4.1644552990768516e-05,-0.0009199900088988411,0.8105847558714767,30,20260917,missed10pct,0.042159364816923506,0.02973291008180101,-0.04071520932885231
momentum,Stopped paths have different endpoints; these descriptive aggregates cannot establish relative economic superiority.,0,30,1.0,3,0.0004347481958682697,4.1663778516350376e-05,-0.001423615253645157,0.6098076932303866,30,20260917,impact10bp,0.042669304859950574,0.02974339809597304,-0.04168328297888857
momentum,Stopped paths have different endpoints; these descriptive aggregates cannot establish relative economic superiority.,0,30,1.0,3,0.00043482064263658163,8.33345846897514e-05,-0.0008806117465802954,0.758683010521658,30,20260917,funding2x,0.0421262658475674,0.029707895073353807,-0.0406318943171059
reversal,Stopped paths have different endpoints; these descriptive aggregates cannot establish relative economic superiority.,0,30,1.0,3,0.00043093849855687706,-4.170598881886304e-05,-0.0007694375996448659,-1.3849665078017903,30,20260917,base,0.05047993353055047,0.02383403190429867,-0.03662210598027171
reversal,Stopped paths have different endpoints; these descriptive aggregates cannot establish relative economic superiority.,0,30,1.0,3,0.0006463235690839424,-4.17049611442256e-05,-0.0012013168606012981,-1.5508397107311254,30,20260917,cost1_5x,0.05098267923981803,0.023837015676708928,-0.03737455425649394
reversal,Stopped paths have different endpoints; these descriptive aggregates cannot establish relative economic superiority.,0,30,1.0,3,0.0008616525353253487,-4.170393489811941e-05,-0.0016330837259697305,-1.9327451730167486,30,20260917,cost2x,0.051485325440126406,0.02384000019628707,-0.03812661442359466
reversal,Stopped paths have different endpoints; these descriptive aggregates cannot establish relative economic superiority.,0,30,1.0,3,0.0010769254084413318,-4.170291007989499e-05,-0.0020647382180981463,-2.3867524112692755,30,20260917,extreme25bp,0.05198787215769418,0.02384298546331387,-0.03887828665465776
reversal,Stopped paths have different endpoints; these descriptive aggregates cannot establish relative economic superiority.,0,30,1.0,3,0.0003714834931129835,-4.6080885429806446e-05,-0.007032760050331591,-4.871959726942983,30,20260917,delay1bar,0.044899942733039766,0.029551084440978648,-0.04021357831858563
reversal,Stopped paths have different endpoints; these descriptive aggregates cannot establish relative economic superiority.,27,3,0.1,3,0.012039849880674717,0.0016175225143896703,-0.028822744653357265,-0.35805012808983705,30,20260917,partial50pct,0.16624886734735278,0.015915479935194835,-0.15310306251639683
reversal,Stopped paths have different endpoints; these descriptive aggregates cannot establish relative economic superiority.,0,30,1.0,3,0.000430900280884996,-4.169445423733751e-05,-0.0007706042319626312,-1.3904125753747638,30,20260917,missed10pct,0.05047993353055047,0.02383403190429867,-0.03662210598027171
reversal,Stopped paths have different endpoints; these descriptive aggregates cannot establish relative economic superiority.,0,30,1.0,3,0.0004308754078979077,-4.1704850233609326e-05,-0.0012696607610890717,-1.577134092199952,30,20260917,impact10bp,0.05115755855280024,0.023837015676708928,-0.0375520053029097
reversal,Stopped paths have different endpoints; these descriptive aggregates cannot establish relative economic superiority.,0,30,1.0,3,0.0004309303980466489,-8.340760269152585e-05,-0.0008110483745129793,-1.343504369233762,30,20260917,funding2x,0.05033391007784471,0.023857816272192522,-0.03661728550893184
ridge_optimizer,Stopped paths have different endpoints; these descriptive aggregates cannot establish relative economic superiority.,0,30,1.0,3,0.0003702537493111911,-0.0005272722984779435,-0.017458788690062378,-1.8851564087155943,30,20260917,base,0.16352263460680938,0.02383403190429867,-0.1266812979425468
ridge_optimizer,Stopped paths have different endpoints; these descriptive aggregates cannot establish relative economic superiority.,0,30,1.0,3,0.0005553041537524178,-0.000527192434984028,-0.01782305508023337,-1.9096113373982468,30,20260917,cost1_5x,0.16374851151621517,0.023837015676708928,-0.12702411626617094
ridge_optimizer,Stopped paths have different endpoints; these descriptive aggregates cannot establish relative economic superiority.,0,30,1.0,3,0.0007403035900876379,-0.0005271125857276679,-0.018187221009476114,-1.934049465650729,30,20260917,cost2x,0.16397434695752222,0.02384000019628707,-0.1273668057487859
ridge_optimizer,Stopped paths have different endpoints; these descriptive aggregates cannot establish relative economic superiority.,0,30,1.0,3,0.0009252520673468646,-0.0005270327507099799,-0.018551286495758004,-1.958468586865901,30,20260917,extreme25bp,0.1642001409347562,0.02384298546331387,-0.1277093664216713
ridge_optimizer,Stopped paths have different endpoints; these descriptive aggregates cannot establish relative economic superiority.,0,30,1.0,3,0.0003623152557667745,-0.0004738616842201021,-0.02392789955402586,-3.226230496226713,30,20260917,delay1bar,0.15899917397113572,0.029551084440978648,-0.13251506903598675
ridge_optimizer,Stopped paths have different endpoints; these descriptive aggregates cannot establish relative economic superiority.,16,14,0.4666666666666667,3,0.002578930033839433,-0.006982055082700312,-0.026217982741801024,-0.451434666790784,30,20260917,partial50pct,0.1644061218862598,0.01839093467785339,-0.12463066849985371
ridge_optimizer,Stopped paths have different endpoints; these descriptive aggregates cannot establish relative economic superiority.,0,30,1.0,3,0.000367063604920141,-0.0006029464972220885,-0.015979121640615594,-1.5200358987465972,30,20260917,missed10pct,0.1649182977673429,0.02383403190429867,-0.12799005613344572
ridge_optimizer,Stopped paths have different endpoints; these descriptive aggregates cannot establish relative economic superiority.,0,30,1.0,3,0.000370210731193154,-0.0005271788957202792,-0.017799421846706926,-1.905769448960307,30,20260917,impact10bp,0.1636472649060603,0.023837015676708928,-0.12690947685203613
ridge_optimizer,Stopped paths have different endpoints; these descriptive aggregates cannot establish relative economic superiority.,0,30,1.0,3,0.00037012619760237454,-0.001050801339458613,-0.017953539996383803,-1.9064292091604635,30,20260917,funding2x,0.16451551481057602,0.023857816272192522,-0.1294039193815837
logistic,Stopped paths have different endpoints; these descriptive aggregates cannot establish relative economic superiority.,29,1,0.03333333333333333,3,0.0009243396898840573,0.00037922571407568044,0.006265374679999999,0.3555132475977151,30,20260917,base,0.08368508446430589,0.006285981757752556,-0.04416582469476149
logistic,Stopped paths have different endpoints; these descriptive aggregates cannot establish relative economic superiority.,29,1,0.03333333333333333,3,0.001385555699395512,0.00037884020506436607,0.005335199793978192,0.2835000281709987,30,20260917,cost1_5x,0.08371157888170022,0.006353981342188027,-0.045627578678701264
logistic,Stopped paths have different endpoints; these descriptive aggregates cannot establish relative economic superiority.,29,1,0.03333333333333333,3,0.0018461372714392757,0.00037845516021611423,0.0044063042909867475,0.21440375457162392,30,20260917,cost2x,0.08373810325244824,0.006421983295088048,-0.04708745286911853
logistic,Stopped paths have different endpoints; these descriptive aggregates cannot establish relative economic superiority.,29,1,0.03333333333333333,3,0.0023060854930355085,0.0003780705788882058,0.0034786859802886836,0.14587196270537472,30,20260917,extreme25bp,0.08376465757607587,0.0064899876164909,-0.04854544920957271
logistic,Stopped paths have different endpoints; these descriptive aggregates cannot establish relative economic superiority.,29,1,0.03333333333333333,3,0.0009028495676324151,0.00033619810928014495,-0.01163290534385137,-0.17409422485456794,30,20260917,delay1bar,0.12737211112932179,0.008602125074926466,-0.11924280941446286
logistic,Stopped paths have different endpoints; these descriptive aggregates cannot establish relative economic superiority.,30,0,0.0,3,0.00047596574052848496,0.00028759988790447703,0.0011426827728742595,0.2344249168547247,30,20260917,partial50pct,0.06558809871746862,0.006309540469811485,-0.03784688051242047
logistic,Stopped paths have different endpoints; these descriptive aggregates cannot establish relative economic superiority.,29,1,0.03333333333333333,3,0.0007945120294531037,0.0004030748307296432,-0.0032154268861801466,-0.2452082222449736,30,20260917,missed10pct,0.11573000152233348,0.008968091113104693,-0.046594152267389055
logistic,Stopped paths have different endpoints; these descriptive aggregates cannot establish relative economic superiority.,29,1,0.03333333333333333,3,0.0009237030271799484,0.0003788392419404187,0.005328714241414871,0.27958152879651077,30,20260917,impact10bp,0.0836956069215139,0.0063539358150464,-0.04560545259694215
logistic,Stopped paths have different endpoints; these descriptive aggregates cannot establish relative economic superiority.,29,1,0.03333333333333333,3,0.0009247012931466158,0.0007588244364223143,0.00665271431741411,0.35595761517914326,30,20260917,funding2x,0.083478459718343,0.006252178605515068,-0.0433723959123824
contextual_bandit,Stopped paths have different endpoints; these descriptive aggregates cannot establish relative economic superiority.,0,30,1.0,3,0.0006356063362106624,-8.374499280601187e-05,0.0010530097672907875,0.09252590207006442,30,20260917,base,0.07932454557363444,0.02383403190429867,-0.04346427511219486
contextual_bandit,Stopped paths have different endpoints; these descriptive aggregates cannot establish relative economic superiority.,0,30,1.0,3,0.0009654241443841309,-8.112920738321923e-05,0.00039262162174205824,-0.3778510894219467,30,20260917,cost1_5x,0.08653038070237062,0.023837015676708928,-0.04611542549095027
contextual_bandit,Stopped paths have different endpoints; these descriptive aggregates cannot establish relative economic superiority.,0,30,1.0,3,0.0012864403237500936,-8.1031433222866e-05,-0.000244449627007696,-0.5630441716195766,30,20260917,cost2x,0.08770584822211602,0.02384000019628707,-0.04875988504991369
contextual_bandit,Stopped paths have different endpoints; these descriptive aggregates cannot establish relative economic superiority.,0,30,1.0,3,0.0016070637320770337,-8.093382380530978e-05,-0.0008807442797351424,-0.7477583575960152,30,20260917,extreme25bp,0.08888012428751879,0.02384298546331387,-0.051397669171514115
contextual_bandit,Stopped paths have different endpoints; these descriptive aggregates cannot establish relative economic superiority.,0,30,1.0,3,0.0009433103609947046,-3.845367390976027e-05,-0.0028480085854258206,-1.0629154728237564,30,20260917,delay1bar,0.08560567762809435,0.029551084440978648,-0.06546581817439434
contextual_bandit,Stopped paths have different endpoints; these descriptive aggregates cannot establish relative economic superiority.,29,1,0.03333333333333333,3,0.007537543382053722,-0.001903031299893229,0.053852763563131956,0.815455086750188,30,20260917,partial50pct,0.12102036145886341,0.010495575146573436,-0.09056674107912133
contextual_bandit,Stopped paths have different endpoints; these descriptive aggregates cannot establish relative economic superiority.,0,30,1.0,3,0.0006443581994684964,-8.941114301582914e-06,0.0009963143762432311,-0.3513934720997222,30,20260917,missed10pct,0.08762650688528895,0.02383403190429867,-0.048979488060038934
contextual_bandit,Stopped paths have different endpoints; these descriptive aggregates cannot establish relative economic superiority.,0,30,1.0,3,0.0006435780456681615,-8.112107666515399e-05,0.0003305413528955081,-0.40148824716649695,30,20260917,impact10bp,0.08660023953918039,0.023837015676708928,-0.04639491139077512
contextual_bandit,Stopped paths have different endpoints; these descriptive aggregates cannot establish relative economic superiority.,0,30,1.0,3,0.0006355447726802509,-0.00016742202568637414,0.0009699003839645614,0.31330474361073346,30,20260917,funding2x,0.07954973219881345,0.023857816272192522,-0.04382803096433496
behavior_uniform,Stopped paths have different endpoints; these descriptive aggregates cannot establish relative economic superiority.,0,30,1.0,3,0.0013334227514381325,0.00017922643443814209,-0.019561443265071254,-3.3962293396822973,30,20260917,base,0.054796254670863576,0.017027652316665143,-0.05352557141808889
behavior_uniform,Stopped paths have different endpoints; these descriptive aggregates cannot establish relative economic superiority.,0,30,1.0,3,0.0019989601394136375,0.0001791670429712874,-0.020882976826586297,-3.634387262829311,30,20260917,cost1_5x,0.055057367383503975,0.017076716932079794,-0.05475429516898833
behavior_uniform,Stopped paths have different endpoints; these descriptive aggregates cannot establish relative economic superiority.,0,30,1.0,3,0.002663716320508411,0.0001791077095793861,-0.02220295689323607,-3.871477236864485,30,20260917,cost2x,0.05598161097181664,0.01712577240325382,-0.05598161097181664
behavior_uniform,Stopped paths have different endpoints; these descriptive aggregates cannot establish relative economic superiority.,0,30,1.0,3,0.003327693905440013,0.00017904843445254882,-0.02352138869964803,-4.091852111006761,30,20260917,extreme25bp,0.05720752020870312,0.017174818722498115,-0.05720752020870312
behavior_uniform,Stopped paths have different endpoints; these descriptive aggregates cannot establish relative economic superiority.,0,30,1.0,3,0.0013298758856862714,0.0001798202519680812,-0.01874392128460226,-4.429024177753082,30,20260917,delay1bar,0.07627493672742369,0.015833104072316567,-0.07429052883469711
behavior_uniform,Stopped paths have different endpoints; these descriptive aggregates cannot establish relative economic superiority.,30,0,0.0,3,0.010607879961845765,0.0004703147957547229,0.04401950138122325,0.5151213697590928,30,20260917,partial50pct,0.13157286287226888,0.0092622869513074,-0.08360186236242262
behavior_uniform,Stopped paths have different endpoints; these descriptive aggregates cannot establish relative economic superiority.,0,30,1.0,3,0.0013588725482360376,0.0001709017178439327,-0.018189718108957767,-3.305412803507231,30,20260917,missed10pct,0.054796254670863576,0.017027652316665105,-0.053509724949627024
behavior_uniform,Stopped paths have different endpoints; these descriptive aggregates cannot establish relative economic superiority.,0,30,1.0,3,0.0013326477287809028,0.00017916697030069396,-0.020901538227252763,-3.6317011067332006,30,20260917,impact10bp,0.055054691876026185,0.017077202916965167,-0.05472697993583098
behavior_uniform,Stopped paths have different endpoints; these descriptive aggregates cannot establish relative economic superiority.,0,30,1.0,3,0.0013497806095759104,0.000358465543083276,-0.019922829675890864,-3.4642857261835096,30,20260917,funding2x,0.0545957520755912,0.01701878700946861,-0.053239714634791935
behavior_clone,Stopped paths have different endpoints; these descriptive aggregates cannot establish relative economic superiority.,24,6,0.2,3,0.0005817827938869512,0.006604438657548437,-0.024879923842651523,-0.3444656180117857,30,20260917,base,0.2536262285276687,0.020154794533073617,-0.2336719329308511
behavior_clone,Stopped paths have different endpoints; these descriptive aggregates cannot establish relative economic superiority.,23,7,0.23333333333333334,3,0.0008625838083223143,0.00653457184484869,-0.029787527688698377,-0.601356345251435,30,20260917,cost1_5x,0.25413103924711133,0.020181010264308144,-0.23435749022347918
behavior_clone,Stopped paths have different endpoints; these descriptive aggregates cannot establish relative economic superiority.,23,7,0.23333333333333334,3,0.0011495993246881582,0.0065317275353330845,-0.03035467555848343,-0.6152847390720387,30,20260917,cost2x,0.2546355612991782,0.02020722698023754,-0.23504247226869734
behavior_clone,Stopped paths have different endpoints; these descriptive aggregates cannot establish relative economic superiority.,23,7,0.23333333333333334,3,0.0014363590194886788,0.006528884662829984,-0.030921312106609138,-0.6292069905262021,30,20260917,extreme25bp,0.25513979483492555,0.020233444681241025,-0.23572687954399096
behavior_clone,Stopped paths have different endpoints; these descriptive aggregates cannot establish relative economic superiority.,23,7,0.23333333333333334,3,0.0005785099219465887,0.006613442116971069,-0.027951566156197108,-0.6613890579948342,30,20260917,delay1bar,0.22443081637538065,0.021366940826795872,-0.20010480682325893
behavior_clone,Stopped paths have different endpoints; these descriptive aggregates cannot establish relative economic superiority.,23,7,0.23333333333333334,3,0.0003952828141003195,0.006589011634323861,-0.03062523550498888,-0.6476517685143661,30,20260917,partial50pct,0.251668576397307,0.01956499111150259,-0.23366866548646537
behavior_clone,Stopped paths have different endpoints; these descriptive aggregates cannot establish relative economic superiority.,23,7,0.23333333333333334,3,0.0005574207234468512,0.006546479107362119,-0.029470405799949594,-0.5843506217938421,30,20260917,missed10pct,0.2537864588640827,0.0201613076564416,-0.23404724643497943
behavior_clone,Stopped paths have different endpoints; these descriptive aggregates cannot establish relative economic superiority.,23,7,0.23333333333333334,3,0.0005751992487102301,0.006536126542890224,-0.02949130820755968,-0.594887538046987,30,20260917,impact10bp,0.2539841829470788,0.02018316384098602,-0.2341477931739746
behavior_clone,Stopped paths have different endpoints; these descriptive aggregates cannot establish relative economic superiority.,24,6,0.2,3,0.0005857134224344699,0.013439117661459268,-0.01885182719515501,-0.14521916660898015,30,20260917,funding2x,0.2513678847011078,0.02004643189517248,-0.23008476544224055
ppo,Stopped paths have different endpoints; these descriptive aggregates cannot establish relative economic superiority.,16,14,0.4666666666666667,6,0.0020159721169615862,-0.0010568509485976716,-0.029865299908012267,-0.5764517202715942,30,11,base,0.1616574541499486,0.0186981995509125,-0.1399788547376134
ppo,Stopped paths have different endpoints; these descriptive aggregates cannot establish relative economic superiority.,16,14,0.4666666666666667,6,0.0030184887891653318,-0.0010555484812191688,-0.03183872006086885,-0.655139957290854,30,11,cost1_5x,0.16182711959735752,0.018713273347852843,-0.14047422766986395
ppo,Stopped paths have different endpoints; these descriptive aggregates cannot establish relative economic superiority.,16,14,0.4666666666666667,6,0.004031637289826989,-0.0010448562250615497,-0.035073092943073585,-0.7090162461321763,30,11,cost2x,0.1621862288216115,0.018728350301045294,-0.1409693657361092
ppo,Stopped paths have different endpoints; these descriptive aggregates cannot establish relative economic superiority.,16,14,0.4666666666666667,6,0.005011188102030436,-0.0010391431716491452,-0.036740731930707635,-0.7573409497785502,30,11,extreme25bp,0.16259494203379388,0.01874343041165567,-0.14146426900949738
ppo,Stopped paths have different endpoints; these descriptive aggregates cannot establish relative economic superiority.,16,14,0.4666666666666667,6,0.002031065639981892,-0.001040931516856505,-0.024861733930489002,0.12556018022518028,30,11,delay1bar,0.16765118172966353,0.018687459905110428,-0.15142698054097625
ppo,Stopped paths have different endpoints; these descriptive aggregates cannot establish relative economic superiority.,20,10,0.3333333333333333,6,0.0012856508376631209,-0.0010653841350459078,-0.03826630188777639,-0.848880733718681,30,11,partial50pct,0.16929729020924877,0.019305915673586284,-0.15206267625926406
ppo,Stopped paths have different endpoints; these descriptive aggregates cannot establish relative economic superiority.,16,14,0.4666666666666667,6,0.0018597101543069425,-0.0009544437712142975,-0.032839533703172295,-0.4643309439190494,30,11,missed10pct,0.16702713977156725,0.019038508576415848,-0.1361297987616319
ppo,Stopped paths have different endpoints; these descriptive aggregates cannot establish relative economic superiority.,16,14,0.4666666666666667,6,0.002012401066919556,-0.0010555927375172137,-0.03178552065105008,-0.6553058568194525,30,11,impact10bp,0.16177178357760402,0.01871220785073372,-0.1404121442355306
ppo,Stopped paths have different endpoints; these descriptive aggregates cannot establish relative economic superiority.,16,14,0.4666666666666667,6,0.0020135020329207403,-0.002067301936167905,-0.0312647452675241,-0.5002577129263385,30,11,funding2x,0.16327274839093342,0.01870935976990329,-0.14199910388998793
ppo,Stopped paths have different endpoints; these descriptive aggregates cannot establish relative economic superiority.,13,17,0.5666666666666667,6,0.0013872849432059403,-0.00760736679647892,-0.0111359127697135,-0.3696553841292312,30,23,base,0.16253071822041354,0.0186732020277826,-0.1287841638925754
ppo,Stopped paths have different endpoints; these descriptive aggregates cannot establish relative economic superiority.,13,17,0.5666666666666667,6,0.002078569488625011,-0.007603757582906147,-0.012489060843000806,-0.3862983155272438,30,23,cost1_5x,0.16274447939943593,0.01867577234095691,-0.12908172633440806
ppo,Stopped paths have different endpoints; these descriptive aggregates cannot establish relative economic superiority.,13,17,0.5666666666666667,6,0.0027683303788841847,-0.007606993068408663,-0.013795674727410612,-0.402936859528137,30,23,cost2x,0.1629581929361491,0.0186783426605726,-0.12937918492067724
ppo,Stopped paths have different endpoints; these descriptive aggregates cannot establish relative economic superiority.,13,17,0.5666666666666667,6,0.003456501018408191,-0.007603366667675335,-0.015142874658510063,-0.41957044785824404,30,23,extreme25bp,0.16317185884136853,0.01868091298653727,-0.12967653967701964
ppo,Stopped paths have different endpoints; these descriptive aggregates cannot establish relative economic superiority.,13,17,0.5666666666666667,6,0.0013633114680328628,-0.007569223061841529,-0.02537407217366424,-0.6189650383809704,30,23,delay1bar,0.16063537841374875,0.018687163805272168,-0.13300759730429745
ppo,Stopped paths have different endpoints; these descriptive aggregates cannot establish relative economic superiority.,17,13,0.43333333333333335,6,0.0008522133325342094,-0.00823908035563654,-0.017060226594963996,-0.38360654822771023,30,23,partial50pct,0.1624446291514775,0.018787063378115632,-0.13876276687876998
ppo,Stopped paths have different endpoints; these descriptive aggregates cannot establish relative economic superiority.,13,17,0.5666666666666667,6,0.0012994084523939838,-0.007661369491446161,-0.010054510694271398,-0.37943716687512835,30,23,missed10pct,0.16341496823544188,0.01903850857635784,-0.12662096944116574
ppo,Stopped paths have different endpoints; these descriptive aggregates cannot establish relative economic superiority.,13,17,0.5666666666666667,6,0.0013858555888529682,-0.007604420189502813,-0.01233182481850192,-0.3838310506095519,30,23,impact10bp,0.16265364591024778,0.01867412953032648,-0.12901017209836985
ppo,Stopped paths have different endpoints; these descriptive aggregates cannot establish relative economic superiority.,13,17,0.5666666666666667,6,0.0013727741100165473,-0.014949037926249272,-0.018585130596278778,-0.470072766491224,30,23,funding2x,0.1632061909166559,0.01868436217932643,-0.131494747254296
ppo,Stopped paths have different endpoints; these descriptive aggregates cannot establish relative economic superiority.,7,23,0.7666666666666667,6,0.0022558471700168474,-0.006789388067420331,-0.01251811107136246,-0.20258481086776253,30,47,base,0.15514740190811993,0.01664984545430439,-0.14052067050785733
ppo,Stopped paths have different endpoints; these descriptive aggregates cannot establish relative economic superiority.,7,23,0.7666666666666667,6,0.0033672104585855474,-0.006777615118373946,-0.014357734318975164,-0.2535273039668973,30,47,cost1_5x,0.15296441244031878,0.016657475068773117,-0.14245496907801547
ppo,Stopped paths have different endpoints; these descriptive aggregates cannot establish relative economic superiority.,6,24,0.8,6,0.0044836696357022,-0.006776547755345943,-0.01666471192685837,-0.31614677772018807,30,47,cost2x,0.15476665022045688,0.01666510600579693,-0.14438522197150916
ppo,Stopped paths have different endpoints; these descriptive aggregates cannot establish relative economic superiority.,6,24,0.8,6,0.005596598601548972,-0.006769858140230055,-0.01924038562564814,-0.3434558636272551,30,47,extreme25bp,0.1565653438231741,0.016672738265827367,-0.14631143704043048
ppo,Stopped paths have different endpoints; these descriptive aggregates cannot establish relative economic superiority.,7,23,0.7666666666666667,6,0.002472344044028444,-0.006575410995317816,-0.003884927309739128,-0.25443649891531184,30,47,delay1bar,0.15603178021895747,0.017476844546592093,-0.13948321654163187
ppo,Stopped paths have different endpoints; these descriptive aggregates cannot establish relative economic superiority.,24,6,0.2,6,0.0024905031572669523,-0.006948913235824644,0.014208621110652282,0.39560520570469526,30,47,partial50pct,0.15725210517667976,0.016275534248151566,-0.13659656586273827
ppo,Stopped paths have different endpoints; these descriptive aggregates cannot establish relative economic superiority.,7,23,0.7666666666666667,6,0.0019558614912008622,-0.00678923122155382,-0.008785429450758615,-0.3399823253873251,30,47,missed10pct,0.15237255362758018,0.016364016000593135,-0.14119467057862867
ppo,Stopped paths have different endpoints; these descriptive aggregates cannot establish relative economic superiority.,7,23,0.7666666666666667,6,0.0022448368471106018,-0.006778094728439833,-0.014348681958206195,-0.2580056369513877,30,47,impact10bp,0.1529091373848236,0.0166566486038881,-0.14239900820710283
ppo,Stopped paths have different endpoints; these descriptive aggregates cannot establish relative economic superiority.,7,23,0.7666666666666667,6,0.0022464097131028268,-0.013436097399137422,-0.018425554693824356,-0.36116651814854145,30,47,funding2x,0.15391597752554143,0.01674756367081908,-0.1396414797427612
double_dqn,Stopped paths have different endpoints; these descriptive aggregates cannot establish relative economic superiority.,5,25,0.8333333333333334,6,0.0019338135584492627,-0.0004465576518556433,-0.04123396672536852,-1.0753195151604595,30,11,base,0.19521963813096266,0.01730416810341607,-0.13823907501556953
double_dqn,Stopped paths have different endpoints; these descriptive aggregates cannot establish relative economic superiority.,5,25,0.8333333333333334,6,0.0029320719079549582,-0.000445724491964019,-0.04336997944223331,-1.134256990538442,30,11,cost1_5x,0.19563512936406047,0.01733915136713938,-0.13873775578624103
double_dqn,Stopped paths have different endpoints; these descriptive aggregates cannot establish relative economic superiority.,6,24,0.8,6,0.0040062608554664566,-0.000597075992537248,-0.04514197844820112,-1.1930024610358894,30,11,cost2x,0.1960505134007089,0.017356814114203794,-0.13923620088508748
double_dqn,Stopped paths have different endpoints; these descriptive aggregates cannot establish relative economic superiority.,6,24,0.8,6,0.005015090026448658,-0.000522560851169017,-0.04791220389047268,-1.2515472862470638,30,11,extreme25bp,0.1964657902296686,0.017374479045427826,-0.13973441038477497
double_dqn,Stopped paths have different endpoints; these descriptive aggregates cannot establish relative economic superiority.,6,24,0.8,6,0.0017837901293365703,-0.0003526100952450826,-0.020776733928907092,-0.830533454181512,30,11,delay1bar,0.16439750896572203,0.01637882121912125,-0.1340596419608251
double_dqn,Stopped paths have different endpoints; these descriptive aggregates cannot establish relative economic superiority.,20,10,0.3333333333333333,6,0.0021797929062945883,-0.0010513630804133522,-0.04634637755612385,-1.2782699934065993,30,11,partial50pct,0.16926709208305202,0.016016652808742524,-0.13274173359123131
double_dqn,Stopped paths have different endpoints; these descriptive aggregates cannot establish relative economic superiority.,8,22,0.7333333333333333,6,0.00202077911166234,-0.0006061225596278192,-0.038281914539900146,-1.0496549414835217,30,11,missed10pct,0.19521963813096233,0.01662789148577605,-0.1361022158006262
double_dqn,Stopped paths have different endpoints; these descriptive aggregates cannot establish relative economic superiority.,5,25,0.8333333333333334,6,0.0019546936198899276,-0.0004457143611123134,-0.043371439519057434,-1.1341500429664642,30,11,impact10bp,0.19572587919212459,0.017338291461807393,-0.13867930241133375
double_dqn,Stopped paths have different endpoints; these descriptive aggregates cannot establish relative economic superiority.,7,23,0.7666666666666667,6,0.0020667072484665838,-0.0011969658823418844,-0.03898542097531254,-0.9859762787902753,30,11,funding2x,0.1952144981085685,0.017317901190190388,-0.1407801311623379
double_dqn,Stopped paths have different endpoints; these descriptive aggregates cannot establish relative economic superiority.,1,29,0.9666666666666667,6,0.0008567537773875763,-0.0010894943001813586,-0.04318708488316252,-1.7063377036831004,30,23,base,0.15832700620390994,0.020662678386604547,-0.1287841638925754
double_dqn,Stopped paths have different endpoints; these descriptive aggregates cannot establish relative economic superiority.,1,29,0.9666666666666667,6,0.0012845000623390487,-0.001089213010128431,-0.04402255131395332,-1.8029368261948377,30,23,cost1_5x,0.15852789006687862,0.02069886047084765,-0.12908172633440806
double_dqn,Stopped paths have different endpoints; these descriptive aggregates cannot establish relative economic superiority.,0,30,1.0,6,0.001711033130995969,-0.0010823866563170253,-0.04527444747946116,-1.8147344946801551,30,23,cost2x,0.1587287256365323,0.020735043949751755,-0.12937918492067724
double_dqn,Stopped paths have different endpoints; these descriptive aggregates cannot establish relative economic superiority.,0,30,1.0,6,0.0021377434020372547,-0.0010821152201458402,-0.046107256180514596,-1.8265152998989935,30,23,extreme25bp,0.1589295129284498,0.02077122882407442,-0.12967653967701964
double_dqn,Stopped paths have different endpoints; these descriptive aggregates cannot establish relative economic superiority.,0,30,1.0,6,0.000963266309755582,-0.0011636098454042563,-0.035350784903196944,-1.3136400306535585,30,23,delay1bar,0.17373391577628416,0.01964238627369752,-0.13300759730429745
double_dqn,Stopped paths have different endpoints; these descriptive aggregates cannot establish relative economic superiority.,19,11,0.36666666666666664,6,0.002363281753473632,-0.003406709190801382,-0.025951032961333546,-0.9474987663537591,30,23,partial50pct,0.16242897887283436,0.016297364604791476,-0.13876276687876998
double_dqn,Stopped paths have different endpoints; these descriptive aggregates cannot establish relative economic superiority.,1,29,0.9666666666666667,6,0.0008195163880766917,-0.0011879196463313343,-0.04395570964625685,-1.5328098877426388,30,23,missed10pct,0.1630727388022999,0.02066267838660458,-0.12662096944116574
double_dqn,Stopped paths have different endpoints; these descriptive aggregates cannot establish relative economic superiority.,1,29,0.9666666666666667,6,0.0008563257574524459,-0.0010892384407256226,-0.044039324689156965,-1.8003888564983428,30,23,impact10bp,0.158438325554226,0.02071268151187733,-0.12901017209836985
double_dqn,Stopped paths have different endpoints; these descriptive aggregates cannot establish relative economic superiority.,0,30,1.0,6,0.0008646729447408921,-0.0022566618428166182,-0.04452995208684714,-1.6823432639591185,30,23,funding2x,0.16045315894411283,0.020668595910571002,-0.131494747254296
double_dqn,Stopped paths have different endpoints; these descriptive aggregates cannot establish relative economic superiority.,18,12,0.4,6,0.0023582348278554893,-0.004480666612550866,-0.015047407579768931,-0.32565830874514357,30,47,base,0.23334111740439345,0.01696618716562694,-0.15976542100377344
double_dqn,Stopped paths have different endpoints; these descriptive aggregates cannot establish relative economic superiority.,18,12,0.4,6,0.0035226990735235087,-0.004491380192158069,-0.017666077079145453,-0.3623284446384693,30,47,cost1_5x,0.2345502905684872,0.01698289515067481,-0.1612653602837737
double_dqn,Stopped paths have different endpoints; these descriptive aggregates cannot establish relative economic superiority.,17,13,0.43333333333333335,6,0.004722224182537268,-0.004502849746877617,-0.020907720147688085,-0.3989667800996901,30,47,cost2x,0.23575779425079257,0.016537143882177165,-0.16276286920812288
double_dqn,Stopped paths have different endpoints; these descriptive aggregates cannot establish relative economic superiority.,16,14,0.4666666666666667,6,0.005829016387496113,-0.004515889339140111,-0.022756296780954914,-0.4905060591257949,30,47,extreme25bp,0.23696363051081337,0.016573140519703,-0.16425795142643373
double_dqn,Stopped paths have different endpoints; these descriptive aggregates cannot establish relative economic superiority.,16,14,0.4666666666666667,6,0.002147652206520845,-0.00466110071806184,-0.010810003908653864,-0.32093418837496324,30,47,delay1bar,0.16417272659239335,0.018606934259872705,-0.14143257040542156
double_dqn,Stopped paths have different endpoints; these descriptive aggregates cannot establish relative economic superiority.,25,5,0.16666666666666666,6,0.0019006409443529802,-0.004535620958462795,-0.004224811037187193,-0.06820470438563268,30,47,partial50pct,0.15703524241693467,0.012111090400374462,-0.09689268190379707
double_dqn,Stopped paths have different endpoints; these descriptive aggregates cannot establish relative economic superiority.,15,15,0.5,6,0.0021058965223885915,-0.004416777386318081,-0.025100899766599967,-0.4345120272495143,30,47,missed10pct,0.23335911782438667,0.021419481357437833,-0.15973263408801763
double_dqn,Stopped paths have different endpoints; these descriptive aggregates cannot establish relative economic superiority.,18,12,0.4,6,0.0023484834670821435,-0.004491516889100289,-0.01764597121845344,-0.36114551915072657,30,47,impact10bp,0.23461372404156122,0.016981401900276798,-0.16128250720801818
double_dqn,Stopped paths have different endpoints; these descriptive aggregates cannot establish relative economic superiority.,17,13,0.43333333333333335,6,0.0023412311577203906,-0.008992091791046923,-0.021618248614331006,-0.36873286387229925,30,47,funding2x,0.23444468882987002,0.016504338009929818,-0.16297049799593233
cql,Stopped paths have different endpoints; these descriptive aggregates cannot establish relative economic superiority.,13,17,0.5666666666666667,6,0.0008005255302613319,-0.007115499708398001,-0.0060019005781525745,-0.5038954861749105,30,11,base,0.166477778404728,0.021847314720484384,-0.15561922903053937
cql,Stopped paths have different endpoints; these descriptive aggregates cannot establish relative economic superiority.,13,17,0.5666666666666667,6,0.0011780718255546727,-0.0071230478393461616,-0.006572417437189422,-0.5220127304506164,30,11,cost1_5x,0.166877363045991,0.02191247948642137,-0.1497476279400225
cql,Stopped paths have different endpoints; these descriptive aggregates cannot establish relative economic superiority.,12,18,0.6,6,0.0014746421819593835,-0.007249250141167628,-0.009368400099034306,-0.649357229358244,30,11,cost2x,0.16727676672956238,0.021387680964175915,-0.1504615842552096
cql,Stopped paths have different endpoints; these descriptive aggregates cannot establish relative economic superiority.,13,17,0.5666666666666667,6,0.001875607933782073,-0.007239604638620199,-0.003523910819490017,-0.3920921520867549,30,11,extreme25bp,0.16767598952354668,0.021437869871055094,-0.15117518409521158
cql,Stopped paths have different endpoints; these descriptive aggregates cannot establish relative economic superiority.,12,18,0.6,6,0.0006537495976924848,-0.0073314346368325714,-0.006772757573353742,-0.6518518329563137,30,11,delay1bar,0.16209441366757904,0.02161029346385951,-0.13300759730429745
cql,Stopped paths have different endpoints; these descriptive aggregates cannot establish relative economic superiority.,15,15,0.5,6,0.0006935792200979513,-0.007729421471740797,-0.012273370723943062,-0.2076254038952128,30,11,partial50pct,0.2403713796381387,0.018787063378115632,-0.2256353304603098
cql,Stopped paths have different endpoints; these descriptive aggregates cannot establish relative economic superiority.,12,18,0.6,6,0.0006582427354801711,-0.007095599498952871,-0.012097185534855105,-0.6857768449621242,30,11,missed10pct,0.1676191146677587,0.021847314720484384,-0.1534210459114016
cql,Stopped paths have different endpoints; these descriptive aggregates cannot establish relative economic superiority.,13,17,0.5666666666666667,6,0.0007854472570975614,-0.007123757218897032,-0.006415040836967042,-0.52022459256899,30,11,impact10bp,0.16681019715442957,0.021930211471396583,-0.14979771270148567
cql,Stopped paths have different endpoints; these descriptive aggregates cannot establish relative economic superiority.,12,18,0.6,6,0.0008062610992974286,-0.01374626658883769,-0.006851455030616619,-0.5208885321625525,30,11,funding2x,0.16244651262063892,0.021295681457645953,-0.15526301894879369
cql,Stopped paths have different endpoints; these descriptive aggregates cannot establish relative economic superiority.,13,17,0.5666666666666667,6,0.000518634145316704,-0.008900969553786496,-0.019621862355247592,-0.6542202950831295,30,23,base,0.16253071822041443,0.0186732020277826,-0.13070658362786458
cql,Stopped paths have different endpoints; these descriptive aggregates cannot establish relative economic superiority.,13,17,0.5666666666666667,6,0.0007776522060693916,-0.008899494577596563,-0.019979476512850515,-0.6601425424138077,30,23,cost1_5x,0.16274447939943648,0.01867577234095691,-0.13120791033575663
cql,Stopped paths have different endpoints; these descriptive aggregates cannot establish relative economic superiority.,13,17,0.5666666666666667,6,0.0010366215466400778,-0.008897199328904752,-0.02048672083808459,-0.6660633798762563,30,23,cost2x,0.16295819293615033,0.0186783426605726,-0.1317089401442081
cql,Stopped paths have different endpoints; these descriptive aggregates cannot establish relative economic superiority.,13,17,0.5666666666666667,6,0.001294934102593575,-0.008895201669332256,-0.020566672885543626,-0.6719827744885376,30,23,extreme25bp,0.16317185884136853,0.01868091298653727,-0.1322096732387854
cql,Stopped paths have different endpoints; these descriptive aggregates cannot establish relative economic superiority.,14,16,0.5333333333333333,6,0.0005264331851665543,-0.009017315161139409,-0.028237416973317955,-0.7047013532443923,30,23,delay1bar,0.15893466526696332,0.018687163805272168,-0.13300759730429745
cql,Stopped paths have different endpoints; these descriptive aggregates cannot establish relative economic superiority.,14,16,0.5333333333333333,6,0.00041487922764114096,-0.00897646543591202,-0.01728919129346236,-0.6156120682047688,30,23,partial50pct,0.18238520360536026,0.018787063378115632,-0.13993355969645604
cql,Stopped paths have different endpoints; these descriptive aggregates cannot establish relative economic superiority.,13,17,0.5666666666666667,6,0.0005055652477680475,-0.008904272849617756,-0.0201120619075474,-0.6496383056427397,30,23,missed10pct,0.16341496823544188,0.01903850857635784,-0.1307001297958258
cql,Stopped paths have different endpoints; these descriptive aggregates cannot establish relative economic superiority.,13,17,0.5666666666666667,6,0.0005184884196786542,-0.008900414794991674,-0.019795118293975875,-0.6575267405176661,30,23,impact10bp,0.162653645910247,0.01867412953032648,-0.1309776248317137
cql,Stopped paths have different endpoints; these descriptive aggregates cannot establish relative economic superiority.,11,19,0.6333333333333333,6,0.0005105847108755799,-0.01732671424456574,-0.028676083508408577,-0.7565998779633537,30,23,funding2x,0.16045315894411294,0.01868436217932643,-0.13718094502967704
cql,Stopped paths have different endpoints; these descriptive aggregates cannot establish relative economic superiority.,13,17,0.5666666666666667,6,0.0012649485015886045,-0.004689838401368318,-0.011463735155880284,-0.743883657102032,30,47,base,0.16253071822041354,0.0186732020277826,-0.13070658362786458
cql,Stopped paths have different endpoints; these descriptive aggregates cannot establish relative economic superiority.,13,17,0.5666666666666667,6,0.001895051424263776,-0.004685100236642223,-0.012731251547618649,-0.7531522149602992,30,47,cost1_5x,0.16274447939943593,0.01867577234095691,-0.13120791033575663
cql,Stopped paths have different endpoints; these descriptive aggregates cannot establish relative economic superiority.,13,17,0.5666666666666667,6,0.002523579911447761,-0.00468037117434953,-0.013995621476864277,-0.7624149018769867,30,47,cost2x,0.1629581929361491,0.0186783426605726,-0.1317089401442081
cql,Stopped paths have different endpoints; these descriptive aggregates cannot establish relative economic superiority.,12,18,0.6,6,0.003120430512208212,-0.00461761908947254,-0.018644959933699,-0.7716716214013628,30,47,extreme25bp,0.16317185884136853,0.01868091298653727,-0.1322096732387854
cql,Stopped paths have different endpoints; these descriptive aggregates cannot establish relative economic superiority.,9,21,0.7,6,0.0009914120454078581,-0.0036517584993882636,-0.02500163472641113,-0.747016712656913,30,47,delay1bar,0.15893466526696332,0.018687163805272168,-0.13300759730429745
cql,Stopped paths have different endpoints; these descriptive aggregates cannot establish relative economic superiority.,17,13,0.43333333333333335,6,0.0010572141960426263,-0.005307383651124992,-0.024678039603554126,-0.7007430607332361,30,47,partial50pct,0.1624446291514775,0.018787063378115632,-0.13876276687876998
cql,Stopped paths have different endpoints; these descriptive aggregates cannot establish relative economic superiority.,13,17,0.5666666666666667,6,0.0012590800925079508,-0.005508377980710829,-0.016899221941500096,-0.6499897810450056,30,47,missed10pct,0.16341496823544188,0.01903850857635784,-0.1307001297958258
cql,Stopped paths have different endpoints; these descriptive aggregates cannot establish relative economic superiority.,13,17,0.5666666666666667,6,0.0012632734382136818,-0.004685044495387181,-0.012706100783217952,-0.7504904776418906,30,47,impact10bp,0.16265364591024778,0.01867412953032648,-0.1309776248317137
cql,Stopped paths have different endpoints; these descriptive aggregates cannot establish relative economic superiority.,13,17,0.5666666666666667,6,0.001251418994355722,-0.009311787728303326,-0.016343615900103636,-0.7629086920613353,30,47,funding2x,0.16045315894411294,0.01868436217932643,-0.13718094502967704
cql_no_inventory_penalty,Stopped paths have different endpoints; these descriptive aggregates cannot establish relative economic superiority.,13,17,0.5666666666666667,6,0.00080035376002424,-0.007113288759764758,-0.006377866420681277,-0.5038954861749105,30,11,base,0.166477778404728,0.021847314720484384,-0.15561922903053937
cql_no_inventory_penalty,Stopped paths have different endpoints; these descriptive aggregates cannot establish relative economic superiority.,13,17,0.5666666666666667,6,0.001177814428529482,-0.00712083752984007,-0.0069479162396516156,-0.5220127304506164,30,11,cost1_5x,0.166877363045991,0.02191247948642137,-0.1497476279400225
cql_no_inventory_penalty,Stopped paths have different endpoints; these descriptive aggregates cannot establish relative economic superiority.,12,18,0.6,6,0.0014447280095884003,-0.007199098459500568,-0.009386411336226586,-0.649357229358244,30,11,cost2x,0.16727676672956238,0.021387680964175915,-0.1504615842552096
cql_no_inventory_penalty,Stopped paths have different endpoints; these descriptive aggregates cannot establish relative economic superiority.,12,18,0.6,6,0.0017851590473318018,-0.007194478287869761,-0.0100115948080384,-0.6575772330458195,30,11,extreme25bp,0.16767598952354668,0.021437869871055094,-0.15117518409521158
cql_no_inventory_penalty,Stopped paths have different endpoints; these descriptive aggregates cannot establish relative economic superiority.,12,18,0.6,6,0.0006537495976924848,-0.0073314346368325714,-0.006772757573353742,-0.6518518329563137,30,11,delay1bar,0.16209441366757904,0.02161029346385951,-0.13300759730429745
cql_no_inventory_penalty,Stopped paths have different endpoints; these descriptive aggregates cannot establish relative economic superiority.,15,15,0.5,6,0.0006864635786041825,-0.00777122448499636,-0.013515243563004976,-0.2076254038952128,30,11,partial50pct,0.2403713796381387,0.018787063378115632,-0.2256353304603098
cql_no_inventory_penalty,Stopped paths have different endpoints; these descriptive aggregates cannot establish relative economic superiority.,12,18,0.6,6,0.0006582427354801711,-0.007095599498952871,-0.012097185534855105,-0.6857768449621242,30,11,missed10pct,0.1676191146677587,0.021847314720484384,-0.1534210459114016
cql_no_inventory_penalty,Stopped paths have different endpoints; these descriptive aggregates cannot establish relative economic superiority.,13,17,0.5666666666666667,6,0.0007852756252005423,-0.007121546614090265,-0.006790591061255113,-0.52022459256899,30,11,impact10bp,0.16681019715442957,0.021930211471396583,-0.14979771270148567
cql_no_inventory_penalty,Stopped paths have different endpoints; these descriptive aggregates cannot establish relative economic superiority.,11,19,0.6333333333333333,6,0.0007437664850363455,-0.013890517908001283,-0.00979693970539123,-0.6554061724929823,30,11,funding2x,0.16244651262063892,0.021295681457645953,-0.15526301894879369
cql_no_inventory_penalty,Stopped paths have different endpoints; these descriptive aggregates cannot establish relative economic superiority.,13,17,0.5666666666666667,6,0.000518634145316704,-0.008900969553786496,-0.019621862355247592,-0.6542202950831295,30,23,base,0.16253071822041443,0.0186732020277826,-0.13070658362786458
cql_no_inventory_penalty,Stopped paths have different endpoints; these descriptive aggregates cannot establish relative economic superiority.,13,17,0.5666666666666667,6,0.0007776522060693916,-0.008899494577596563,-0.019979476512850515,-0.6601425424138077,30,23,cost1_5x,0.16274447939943648,0.01867577234095691,-0.13120791033575663
cql_no_inventory_penalty,Stopped paths have different endpoints; these descriptive aggregates cannot establish relative economic superiority.,13,17,0.5666666666666667,6,0.0010366215466400778,-0.008897199328904752,-0.02048672083808459,-0.6660633798762563,30,23,cost2x,0.16295819293615033,0.0186783426605726,-0.1317089401442081
cql_no_inventory_penalty,Stopped paths have different endpoints; these descriptive aggregates cannot establish relative economic superiority.,13,17,0.5666666666666667,6,0.001294934102593575,-0.008895201669332256,-0.020566672885543626,-0.6719827744885376,30,23,extreme25bp,0.16317185884136853,0.01868091298653727,-0.1322096732387854
cql_no_inventory_penalty,Stopped paths have different endpoints; these descriptive aggregates cannot establish relative economic superiority.,14,16,0.5333333333333333,6,0.0005264331851665543,-0.009017315161139409,-0.028237416973317955,-0.7047013532443923,30,23,delay1bar,0.15893466526696332,0.018687163805272168,-0.13300759730429745
cql_no_inventory_penalty,Stopped paths have different endpoints; these descriptive aggregates cannot establish relative economic superiority.,14,16,0.5333333333333333,6,0.00041487922764114096,-0.00897646543591202,-0.01728919129346236,-0.6156120682047688,30,23,partial50pct,0.18238520360536026,0.018787063378115632,-0.13993355969645604
cql_no_inventory_penalty,Stopped paths have different endpoints; these descriptive aggregates cannot establish relative economic superiority.,13,17,0.5666666666666667,6,0.0005055652477680475,-0.008904272849617756,-0.0201120619075474,-0.6496383056427397,30,23,missed10pct,0.16341496823544188,0.01903850857635784,-0.1307001297958258
cql_no_inventory_penalty,Stopped paths have different endpoints; these descriptive aggregates cannot establish relative economic superiority.,13,17,0.5666666666666667,6,0.0005184884196786542,-0.008900414794991674,-0.019795118293975875,-0.6575267405176661,30,23,impact10bp,0.162653645910247,0.01867412953032648,-0.1309776248317137
cql_no_inventory_penalty,Stopped paths have different endpoints; these descriptive aggregates cannot establish relative economic superiority.,11,19,0.6333333333333333,6,0.0005105847108755799,-0.01732671424456574,-0.028676083508408577,-0.7565998779633537,30,23,funding2x,0.16045315894411294,0.01868436217932643,-0.13718094502967704
cql_no_inventory_penalty,Stopped paths have different endpoints; these descriptive aggregates cannot establish relative economic superiority.,13,17,0.5666666666666667,6,0.0012289117998458012,-0.004737479884273805,-0.012253429024965335,-0.743883657102032,30,47,base,0.16253071822041354,0.0186732020277826,-0.13070658362786458
cql_no_inventory_penalty,Stopped paths have different endpoints; these descriptive aggregates cannot establish relative economic superiority.,13,17,0.5666666666666667,6,0.0018411786708845761,-0.004732808687493539,-0.013483128710575517,-0.7531522149602992,30,47,cost1_5x,0.16274447939943593,0.01867577234095691,-0.13120791033575663
cql_no_inventory_penalty,Stopped paths have different endpoints; these descriptive aggregates cannot establish relative economic superiority.,13,17,0.5666666666666667,6,0.002451991875439044,-0.004728145975443092,-0.014709928153779939,-0.7624149018769867,30,47,cost2x,0.1629581929361491,0.0186783426605726,-0.1317089401442081
cql_no_inventory_penalty,Stopped paths have different endpoints; these descriptive aggregates cannot establish relative economic superiority.,13,17,0.5666666666666667,6,0.003039395245969317,-0.004724241962393772,-0.016179953959492403,-0.7716716214013628,30,47,extreme25bp,0.16317185884136853,0.01868091298653727,-0.1322096732387854
cql_no_inventory_penalty,Stopped paths have different endpoints; these descriptive aggregates cannot establish relative economic superiority.,9,21,0.7,6,0.0009761908019588955,-0.0037660799682911967,-0.023940206428045195,-0.747016712656913,30,47,delay1bar,0.15893466526696332,0.018687163805272168,-0.13300759730429745
cql_no_inventory_penalty,Stopped paths have different endpoints; these descriptive aggregates cannot establish relative economic superiority.,17,13,0.43333333333333335,6,0.0010495976901829657,-0.0053366209538503444,-0.023789938764464374,-0.7007430607332361,30,47,partial50pct,0.1624446291514775,0.018787063378115632,-0.13876276687876998
cql_no_inventory_penalty,Stopped paths have different endpoints; these descriptive aggregates cannot establish relative economic superiority.,13,17,0.5666666666666667,6,0.0012234855717216798,-0.005554184525758415,-0.017653445445477978,-0.6499897810450056,30,47,missed10pct,0.16341496823544188,0.01903850857635784,-0.1307001297958258
cql_no_inventory_penalty,Stopped paths have different endpoints; these descriptive aggregates cannot establish relative economic superiority.,13,17,0.5666666666666667,6,0.0012273862528955426,-0.004732791651767964,-0.013446735971749594,-0.7504904776418906,30,47,impact10bp,0.16265364591024778,0.01867412953032648,-0.1309776248317137
cql_no_inventory_penalty,Stopped paths have different endpoints; these descriptive aggregates cannot establish relative economic superiority.,13,17,0.5666666666666667,6,0.0012518091239440276,-0.009320071582826626,-0.01608833655144677,-0.7629086920613353,30,47,funding2x,0.16045315894411294,0.01868436217932643,-0.13718094502967704
cash,Stopped paths have different endpoints; these descriptive aggregates cannot establish relative economic superiority.,30,0,0.0,6,0.0,0.0,0.0,,30,20260917,base,0.0,-0.0,0.0
cash,Stopped paths have different endpoints; these descriptive aggregates cannot establish relative economic superiority.,30,0,0.0,6,0.0,0.0,0.0,,30,20260917,cost1_5x,0.0,-0.0,0.0
cash,Stopped paths have different endpoints; these descriptive aggregates cannot establish relative economic superiority.,30,0,0.0,6,0.0,0.0,0.0,,30,20260917,cost2x,0.0,-0.0,0.0
cash,Stopped paths have different endpoints; these descriptive aggregates cannot establish relative economic superiority.,30,0,0.0,6,0.0,0.0,0.0,,30,20260917,extreme25bp,0.0,-0.0,0.0
cash,Stopped paths have different endpoints; these descriptive aggregates cannot establish relative economic superiority.,30,0,0.0,6,0.0,0.0,0.0,,30,20260917,delay1bar,0.0,-0.0,0.0
cash,Stopped paths have different endpoints; these descriptive aggregates cannot establish relative economic superiority.,30,0,0.0,6,0.0,0.0,0.0,,30,20260917,partial50pct,0.0,-0.0,0.0
cash,Stopped paths have different endpoints; these descriptive aggregates cannot establish relative economic superiority.,30,0,0.0,6,0.0,0.0,0.0,,30,20260917,missed10pct,0.0,-0.0,0.0
cash,Stopped paths have different endpoints; these descriptive aggregates cannot establish relative economic superiority.,30,0,0.0,6,0.0,0.0,0.0,,30,20260917,impact10bp,0.0,-0.0,0.0
cash,Stopped paths have different endpoints; these descriptive aggregates cannot establish relative economic superiority.,30,0,0.0,6,0.0,0.0,0.0,,30,20260917,funding2x,0.0,-0.0,0.0
constant_long,Stopped paths have different endpoints; these descriptive aggregates cannot establish relative economic superiority.,15,15,0.5,6,0.0005117831442141726,-0.008991297472463921,-0.01354413404865219,-0.6059474779403734,30,20260917,base,0.16253071822041354,0.0186732020277826,-0.13070658362786458
constant_long,Stopped paths have different endpoints; these descriptive aggregates cannot establish relative economic superiority.,15,15,0.5,6,0.0007674923462436176,-0.00898895885365791,-0.014047126884749617,-0.6122307502681543,30,20260917,cost1_5x,0.16274447939943593,0.01867577234095691,-0.13120791033575663
constant_long,Stopped paths have different endpoints; these descriptive aggregates cannot establish relative economic superiority.,15,15,0.5,6,0.0010230800447447847,-0.008986620688835751,-0.014549880042218999,-0.6185120711849659,30,20260917,cost2x,0.1629581929361491,0.0186783426605726,-0.1317089401442081
constant_long,Stopped paths have different endpoints; these descriptive aggregates cannot establish relative economic superiority.,15,15,0.5,6,0.0012785462970773037,-0.008984282977870206,-0.015052393634181498,-0.6247914058393732,30,20260917,extreme25bp,0.16317185884136853,0.01868091298653727,-0.1322096732387854
constant_long,Stopped paths have different endpoints; these descriptive aggregates cannot establish relative economic superiority.,16,14,0.4666666666666667,6,0.0005098727143085066,-0.009124100825986681,-0.022217293884247705,-0.6493901796178229,30,20260917,delay1bar,0.15893466526696332,0.018687163805272168,-0.13300759730429745
constant_long,Stopped paths have different endpoints; these descriptive aggregates cannot establish relative economic superiority.,15,15,0.5,6,0.000385356653742772,-0.009017941992270446,-0.01393327682310418,-0.6156120682047688,30,20260917,partial50pct,0.1624446291514775,0.018787063378115632,-0.13876276687876998
constant_long,Stopped paths have different endpoints; these descriptive aggregates cannot establish relative economic superiority.,15,15,0.5,6,0.0004980980606680645,-0.00899497723557337,-0.013999666531039604,-0.6096756575336346,30,20260917,missed10pct,0.16341496823544188,0.01903850857635784,-0.1307001297958258
constant_long,Stopped paths have different endpoints; these descriptive aggregates cannot establish relative economic superiority.,15,15,0.5,6,0.0005117155451644247,-0.00898990668482315,-0.013850669603678693,-0.6094423324351543,30,20260917,impact10bp,0.16265364591024778,0.01867412953032648,-0.1309776248317137
constant_long,Stopped paths have different endpoints; these descriptive aggregates cannot establish relative economic superiority.,13,17,0.5666666666666667,6,0.0005040383951280538,-0.017503712436925015,-0.023278972326062342,-0.7026351134975171,30,20260917,funding2x,0.16045315894411294,0.01868436217932643,-0.13718094502967704
constant_short,Stopped paths have different endpoints; these descriptive aggregates cannot establish relative economic superiority.,19,11,0.36666666666666664,6,0.0007772171599366104,0.006756093605568145,0.0007585605135816705,0.23712249558654339,30,20260917,base,0.2529478320435107,0.023700147409918205,-0.23288358781476615
constant_short,Stopped paths have different endpoints; these descriptive aggregates cannot establish relative economic superiority.,19,11,0.36666666666666664,6,0.0011653832675523157,0.006753823836711778,-1.7522378612340924e-05,0.22833681264526362,30,20260917,cost1_5x,0.25335320214320967,0.02371712112472263,-0.2334417988408135
constant_short,Stopped paths have different endpoints; these descriptive aggregates cannot establish relative economic superiority.,19,11,0.36666666666666664,6,0.001553254691544235,0.006751554784912035,-0.0007930194296479639,0.21955361840409654,30,20260917,cost2x,0.25375840783442727,0.02373409532283131,-0.233999647830057
constant_short,Stopped paths have different endpoints; these descriptive aggregates cannot establish relative economic superiority.,19,11,0.36666666666666664,6,0.0019406000627842776,0.006747338573811664,-0.0013841418763565149,0.21077296781942995,30,20260917,extreme25bp,0.25416344917730893,0.02375107000461371,-0.2345571350148855
constant_short,Stopped paths have different endpoints; these descriptive aggregates cannot establish relative economic superiority.,19,11,0.36666666666666664,6,0.000798721617988257,0.006761737166544392,-0.00038522145294525025,0.28771886372237554,30,20260917,delay1bar,0.22166509976769155,0.02377071441977624,-0.19701751130254963
constant_short,Stopped paths have different endpoints; these descriptive aggregates cannot establish relative economic superiority.,20,10,0.3333333333333333,6,0.0005476827027519117,0.00698837104580452,0.005808681429453992,0.3315426854701472,30,20260917,partial50pct,0.252930767381917,0.02284660326057634,-0.23536872421103072
constant_short,Stopped paths have different endpoints; these descriptive aggregates cannot establish relative economic superiority.,19,11,0.36666666666666664,6,0.0007424796235130073,0.006773104760671385,-0.002652292628522061,0.1440222577244784,30,20260917,missed10pct,0.25359895913567865,0.023605363751906954,-0.23350084915852198
constant_short,Stopped paths have different endpoints; these descriptive aggregates cannot establish relative economic superiority.,19,11,0.36666666666666664,6,0.00077707096420868,0.006754865390471659,0.0003341357786889339,0.23167755225690573,30,20260917,impact10bp,0.25329285542280044,0.02371907911677097,-0.23334298622905802
constant_short,Stopped paths have different endpoints; these descriptive aggregates cannot establish relative economic superiority.,20,10,0.3333333333333333,6,0.0007850440631935187,0.01380332062326429,0.01179212641280355,0.36044269084712033,30,20260917,funding2x,0.25065649583719807,0.023703558772597184,-0.2292625104692767
historical_mean,Stopped paths have different endpoints; these descriptive aggregates cannot establish relative economic superiority.,15,15,0.5,6,0.0005117831442141726,-0.008991297472463921,-0.01354413404865219,-0.6059474779403734,30,20260917,base,0.16253071822041354,0.0186732020277826,-0.13070658362786458
historical_mean,Stopped paths have different endpoints; these descriptive aggregates cannot establish relative economic superiority.,15,15,0.5,6,0.0007674923462436176,-0.00898895885365791,-0.014047126884749617,-0.6122307502681543,30,20260917,cost1_5x,0.16274447939943593,0.01867577234095691,-0.13120791033575663
historical_mean,Stopped paths have different endpoints; these descriptive aggregates cannot establish relative economic superiority.,15,15,0.5,6,0.0010230800447447847,-0.008986620688835751,-0.014549880042218999,-0.6185120711849659,30,20260917,cost2x,0.1629581929361491,0.0186783426605726,-0.1317089401442081
historical_mean,Stopped paths have different endpoints; these descriptive aggregates cannot establish relative economic superiority.,15,15,0.5,6,0.0012785462970773037,-0.008984282977870206,-0.015052393634181498,-0.6247914058393732,30,20260917,extreme25bp,0.16317185884136853,0.01868091298653727,-0.1322096732387854
historical_mean,Stopped paths have different endpoints; these descriptive aggregates cannot establish relative economic superiority.,16,14,0.4666666666666667,6,0.0005098727143085066,-0.009124100825986681,-0.022217293884247705,-0.6493901796178229,30,20260917,delay1bar,0.15893466526696332,0.018687163805272168,-0.13300759730429745
historical_mean,Stopped paths have different endpoints; these descriptive aggregates cannot establish relative economic superiority.,15,15,0.5,6,0.000385356653742772,-0.009017941992270446,-0.01393327682310418,-0.6156120682047688,30,20260917,partial50pct,0.1624446291514775,0.018787063378115632,-0.13876276687876998
historical_mean,Stopped paths have different endpoints; these descriptive aggregates cannot establish relative economic superiority.,15,15,0.5,6,0.0004980980606680645,-0.00899497723557337,-0.013999666531039604,-0.6096756575336346,30,20260917,missed10pct,0.16341496823544188,0.01903850857635784,-0.1307001297958258
historical_mean,Stopped paths have different endpoints; these descriptive aggregates cannot establish relative economic superiority.,15,15,0.5,6,0.0005117155451644247,-0.00898990668482315,-0.013850669603678693,-0.6094423324351543,30,20260917,impact10bp,0.16265364591024778,0.01867412953032648,-0.1309776248317137
historical_mean,Stopped paths have different endpoints; these descriptive aggregates cannot establish relative economic superiority.,13,17,0.5666666666666667,6,0.0005040383951280538,-0.017503712436925015,-0.023278972326062342,-0.7026351134975171,30,20260917,funding2x,0.16045315894411294,0.01868436217932643,-0.13718094502967704
last_return,Stopped paths have different endpoints; these descriptive aggregates cannot establish relative economic superiority.,0,30,1.0,6,0.00040637884065070925,3.829994955989183e-05,-0.0056806917382633436,-1.9571809968637837,30,20260917,base,0.03835741095529688,0.020837295846283133,-0.03521693581650709
last_return,Stopped paths have different endpoints; these descriptive aggregates cannot establish relative economic superiority.,0,30,1.0,6,0.0006094641546701424,3.8281083851330456e-05,-0.006086271845710952,-2.0888763266163135,30,20260917,cost1_5x,0.03835747414875157,0.020839887708520854,-0.035705951140657666
last_return,Stopped paths have different endpoints; these descriptive aggregates cannot establish relative economic superiority.,0,30,1.0,6,0.0008124801111465076,3.826222301677342e-05,-0.006491713197080047,-2.2197531798821015,30,20260917,cost2x,0.03835753616235049,0.020842480215620185,-0.036194898927509156
last_return,Stopped paths have different endpoints; these descriptive aggregates cannot establish relative economic superiority.,0,30,1.0,6,0.0010154267450543538,3.8243367054253304e-05,-0.006897015862309545,-2.3497750304599325,30,20260917,extreme25bp,0.03838830121732717,0.02084507336782171,-0.0366837791777308
last_return,Stopped paths have different endpoints; these descriptive aggregates cannot establish relative economic superiority.,0,30,1.0,6,0.0004034824208615694,4.443452014843395e-05,-0.004716108579658125,-1.106603355146546,30,20260917,delay1bar,0.05757923668446796,0.020510074213490936,-0.05504736839168023
last_return,Stopped paths have different endpoints; these descriptive aggregates cannot establish relative economic superiority.,30,0,0.0,6,0.0064040950762061484,-0.0022123801887623962,0.05086645627287064,0.7617056784681825,30,20260917,partial50pct,0.13317169957303965,0.011813073465122344,-0.05328767216795238
last_return,Stopped paths have different endpoints; these descriptive aggregates cannot establish relative economic superiority.,0,30,1.0,6,0.0004317998074882928,3.8186104071153296e-05,-0.004672281193721905,-1.4884325006995647,30,20260917,missed10pct,0.05234454907206054,0.020837295846283133,-0.03521693581650709
last_return,Stopped paths have different endpoints; these descriptive aggregates cannot establish relative economic superiority.,0,30,1.0,6,0.00040629656850430315,3.8277638792569133e-05,-0.006143716575686031,-2.1068809571915654,30,20260917,impact10bp,0.038357417234706315,0.020839887708520854,-0.035802062039726246
last_return,Stopped paths have different endpoints; these descriptive aggregates cannot establish relative economic superiority.,0,30,1.0,6,0.00040641369430913666,7.663512040197551e-05,-0.005642313548755314,-1.8819726090157758,30,20260917,funding2x,0.03827595796324257,0.020863219322708182,-0.03514085220652263
momentum,Stopped paths have different endpoints; these descriptive aggregates cannot establish relative economic superiority.,0,30,1.0,6,0.0003446421923959323,0.00018833348401539826,-0.005008143895148069,-2.3676989492083558,30,20260917,base,0.03835741095529688,0.029718180578759967,-0.03302075972669927
momentum,Stopped paths have different endpoints; these descriptive aggregates cannot establish relative economic superiority.,0,30,1.0,6,0.0005168923039072566,0.00018830231131020683,-0.005351679780501947,-2.5577212389637074,30,20260917,cost1_5x,0.03835747414875157,0.02971822953916814,-0.033283772187947536
momentum,Stopped paths have different endpoints; these descriptive aggregates cannot establish relative economic superiority.,0,30,1.0,6,0.0006890951174020719,0.00018827115095760918,-0.005695121175051732,-2.7468389026578626,30,20260917,cost2x,0.03835753616235049,0.029718277585459196,-0.03354678124831012
momentum,Stopped paths have different endpoints; these descriptive aggregates cannot establish relative economic superiority.,0,30,1.0,6,0.0008612506517004345,0.0001882400029517983,-0.006038468116357128,-2.934854395314264,30,20260917,extreme25bp,0.0383575969956409,0.029718324717282196,-0.033809786907786576
momentum,Stopped paths have different endpoints; these descriptive aggregates cannot establish relative economic superiority.,0,30,1.0,6,0.00043410458856774076,0.0002096388013418721,-0.0037587447031822447,-1.5382185716484762,30,20260917,delay1bar,0.039542929580051234,0.019798888605112697,-0.027894129604089657
momentum,Stopped paths have different endpoints; these descriptive aggregates cannot establish relative economic superiority.,26,4,0.13333333333333333,6,0.005725836732547617,-0.0023965204374077967,-0.021573406636578214,-0.2660118232928844,30,20260917,partial50pct,0.15707937735135957,0.012785646774802657,-0.14616928931467643
momentum,Stopped paths have different endpoints; these descriptive aggregates cannot establish relative economic superiority.,0,30,1.0,6,0.00034464299991281665,0.00018839673072766625,-0.005009697297238388,-2.3676989492083558,30,20260917,missed10pct,0.03835741095529688,0.029718180578759967,-0.03302075972669927
momentum,Stopped paths have different endpoints; these descriptive aggregates cannot establish relative economic superiority.,0,30,1.0,6,0.0003445869334652562,0.00018829615514958035,-0.005384609120794666,-2.6015382313695996,30,20260917,impact10bp,0.038357417234706315,0.029718185443859513,-0.03329007598306499
momentum,Stopped paths have different endpoints; these descriptive aggregates cannot establish relative economic superiority.,0,30,1.0,6,0.0003446747785040083,0.0003767178632220438,-0.004820404094566151,-2.2734095873911313,30,20260917,funding2x,0.03827595796324257,0.029693178517296914,-0.03271550088605679
reversal,Stopped paths have different endpoints; these descriptive aggregates cannot establish relative economic superiority.,0,30,1.0,6,0.00033230565323449864,-0.00019380161631504672,0.004150423939143999,1.7542804700510117,30,20260917,base,0.03600663935091242,0.02383403190429867,-0.023951887641791347
reversal,Stopped paths have different endpoints; these descriptive aggregates cannot establish relative economic superiority.,0,30,1.0,6,0.0004983899393749836,-0.00019376990710939278,0.0038172244669324893,1.4914513207735585,30,20260917,cost1_5x,0.03601793448119517,0.023837015676708928,-0.024206738733959288
reversal,Stopped paths have different endpoints; these descriptive aggregates cannot establish relative economic superiority.,0,30,1.0,6,0.0006644285561476116,-0.00019373821035439148,0.003484116455030395,1.2295754039357731,30,20260917,cost2x,0.03602919944672445,0.02384000019628707,-0.024461523725843648
reversal,Stopped paths have different endpoints; these descriptive aggregates cannot establish relative economic superiority.,0,30,1.0,6,0.0008304215217543265,-0.00019370652604422435,0.003151099866947408,0.9689024061225164,30,20260917,extreme25bp,0.03604043424790537,0.02384298546331387,-0.02471624264088157
reversal,Stopped paths have different endpoints; these descriptive aggregates cannot establish relative economic superiority.,0,30,1.0,6,0.0004270578770044556,-0.0002083579162530605,0.001841774971909956,1.161995082463067,30,20260917,delay1bar,0.065735627951368,0.02196859030450815,-0.05445477460704029
reversal,Stopped paths have different endpoints; these descriptive aggregates cannot establish relative economic superiority.,29,1,0.03333333333333333,6,0.005933763856483102,0.002455394649874042,-0.006209758834020196,-0.17789860212821823,30,20260917,partial50pct,0.16155711427029906,0.021163432477439754,-0.1443818847087196
reversal,Stopped paths have different endpoints; these descriptive aggregates cannot establish relative economic superiority.,0,30,1.0,6,0.00033230614961695894,-0.0001938404942125229,0.004151376833402232,1.7542804700510117,30,20260917,missed10pct,0.03600663935091242,0.02383403190429867,-0.023951887641791347
reversal,Stopped paths have different endpoints; these descriptive aggregates cannot establish relative economic superiority.,0,30,1.0,6,0.00033225177894729326,-0.00019376362855067438,0.0037877720447332323,1.447976384234081,30,20260917,impact10bp,0.03601124017834578,0.023837015676708928,-0.024199983737944852
reversal,Stopped paths have different endpoints; these descriptive aggregates cannot establish relative economic superiority.,0,30,1.0,6,0.0003322767438026797,-0.0003875477999869526,0.0039559335514272416,1.6609028899082126,30,20260917,funding2x,0.036257931144998756,0.023857816272192522,-0.024350913488734416
ridge_optimizer,Stopped paths have different endpoints; these descriptive aggregates cannot establish relative economic superiority.,15,15,0.5,6,0.0005117831442141726,-0.008991297472463921,-0.01354413404865219,-0.6059474779403734,30,20260917,base,0.16253071822041354,0.0186732020277826,-0.13070658362786458
ridge_optimizer,Stopped paths have different endpoints; these descriptive aggregates cannot establish relative economic superiority.,15,15,0.5,6,0.0007674923462436176,-0.00898895885365791,-0.014047126884749617,-0.6122307502681543,30,20260917,cost1_5x,0.16274447939943593,0.01867577234095691,-0.13120791033575663
ridge_optimizer,Stopped paths have different endpoints; these descriptive aggregates cannot establish relative economic superiority.,15,15,0.5,6,0.0010230800447447847,-0.008986620688835751,-0.014549880042218999,-0.6185120711849659,30,20260917,cost2x,0.1629581929361491,0.0186783426605726,-0.1317089401442081
ridge_optimizer,Stopped paths have different endpoints; these descriptive aggregates cannot establish relative economic superiority.,15,15,0.5,6,0.0012785462970773037,-0.008984282977870206,-0.015052393634181498,-0.6247914058393732,30,20260917,extreme25bp,0.16317185884136853,0.01868091298653727,-0.1322096732387854
ridge_optimizer,Stopped paths have different endpoints; these descriptive aggregates cannot establish relative economic superiority.,16,14,0.4666666666666667,6,0.0005098727143085066,-0.009124100825986681,-0.022217293884247705,-0.6493901796178229,30,20260917,delay1bar,0.15893466526696332,0.018687163805272168,-0.13300759730429745
ridge_optimizer,Stopped paths have different endpoints; these descriptive aggregates cannot establish relative economic superiority.,15,15,0.5,6,0.000385356653742772,-0.009017941992270446,-0.01393327682310418,-0.6156120682047688,30,20260917,partial50pct,0.1624446291514775,0.018787063378115632,-0.13876276687876998
ridge_optimizer,Stopped paths have different endpoints; these descriptive aggregates cannot establish relative economic superiority.,15,15,0.5,6,0.0004980980606680645,-0.00899497723557337,-0.013999666531039604,-0.6096756575336346,30,20260917,missed10pct,0.16341496823544188,0.01903850857635784,-0.1307001297958258
ridge_optimizer,Stopped paths have different endpoints; these descriptive aggregates cannot establish relative economic superiority.,15,15,0.5,6,0.0005117155451644247,-0.00898990668482315,-0.013850669603678693,-0.6094423324351543,30,20260917,impact10bp,0.16265364591024778,0.01867412953032648,-0.1309776248317137
ridge_optimizer,Stopped paths have different endpoints; these descriptive aggregates cannot establish relative economic superiority.,13,17,0.5666666666666667,6,0.0005040383951280538,-0.017503712436925015,-0.023278972326062342,-0.7026351134975171,30,20260917,funding2x,0.16045315894411294,0.01868436217932643,-0.13718094502967704
logistic,Stopped paths have different endpoints; these descriptive aggregates cannot establish relative economic superiority.,30,0,0.0,6,3.360103120220313e-05,8.11149218275015e-05,0.0005493085971627084,0.3159755198951245,30,20260917,base,0.030433513692695646,0.001735809731160994,-0.008789034005521779
logistic,Stopped paths have different endpoints; these descriptive aggregates cannot establish relative economic superiority.,30,0,0.0,6,5.040154680330471e-05,8.11149218275015e-05,0.0005157075659605104,0.3074235850761544,30,20260917,cost1_5x,0.030558513692695688,0.0017443519171712162,-0.009034214965395915
logistic,Stopped paths have different endpoints; these descriptive aggregates cannot establish relative economic superiority.,30,0,0.0,6,6.720206240440627e-05,8.11149218275015e-05,0.0004821065347583161,0.29888203141836805,30,20260917,cost2x,0.03068351369269562,0.0017528951605492837,-0.00927939592526994
logistic,Stopped paths have different endpoints; these descriptive aggregates cannot establish relative economic superiority.,30,0,0.0,6,8.400257800550785e-05,8.11149218275015e-05,0.00044850550355609957,0.29035134334844426,30,20260917,extreme25bp,0.03080851369269566,0.001761439461678538,-0.009524576885144187
logistic,Stopped paths have different endpoints; these descriptive aggregates cannot establish relative economic superiority.,30,0,0.0,6,3.5143668218192576e-05,7.531178409469459e-05,0.003625694217376796,1.0134098307792354,30,20260917,delay1bar,0.031761479723577346,0.0011730017899626059,0.0
logistic,Stopped paths have different endpoints; these descriptive aggregates cannot establish relative economic superiority.,30,0,0.0,6,1.707499448046158e-05,4.5797913166533474e-05,0.0008283035517955062,0.4475773783377982,30,20260917,partial50pct,0.018095308338405558,0.0013551067599278156,0.0
logistic,Stopped paths have different endpoints; these descriptive aggregates cannot establish relative economic superiority.,30,0,0.0,6,3.382804269645602e-05,7.631917025278886e-05,0.0009980818111052373,0.3159755198951245,30,20260917,missed10pct,0.030433513692695646,0.001735809731160994,-0.008789034005521779
logistic,Stopped paths have different endpoints; these descriptive aggregates cannot establish relative economic superiority.,30,0,0.0,6,3.360103120220313e-05,8.11149218275015e-05,0.0005156046502818053,0.3073676300055395,30,20260917,impact10bp,0.030558513692695688,0.0017444049245018227,-0.009032389977354782
logistic,Stopped paths have different endpoints; these descriptive aggregates cannot establish relative economic superiority.,30,0,0.0,6,3.360103120220313e-05,0.000162229843655003,0.0006304235189902234,0.3361593668557112,30,20260917,funding2x,0.030129222507342512,0.001729490012167967,-0.007449625839524909
contextual_bandit,Stopped paths have different endpoints; these descriptive aggregates cannot establish relative economic superiority.,0,30,1.0,6,0.0016337470257894184,-0.00044584153918951627,-0.012289787496195545,-0.7178654168169192,30,20260917,base,0.16202679096769856,0.02383403190429867,-0.10692466528139422
contextual_bandit,Stopped paths have different endpoints; these descriptive aggregates cannot establish relative economic superiority.,0,30,1.0,6,0.00244664804252314,-0.00047493162997983674,-0.013948576322113881,-0.788801352386982,30,20260917,cost1_5x,0.16380158320373917,0.023837015676708928,-0.10333197108347092
contextual_bandit,Stopped paths have different endpoints; these descriptive aggregates cannot establish relative economic superiority.,1,29,0.9666666666666667,6,0.003453874797793664,-0.0005526643652389029,-0.015101235148179923,-0.5862658533251242,30,20260917,cost2x,0.15772112026159935,0.02384000019628707,-0.10592175014234728
contextual_bandit,Stopped paths have different endpoints; these descriptive aggregates cannot establish relative economic superiority.,2,28,0.9333333333333333,6,0.004184308171768339,-0.0005214311563200996,-0.019809748559218274,-0.7810987184978362,30,20260917,extreme25bp,0.16266475418827075,0.02384298546331387,-0.10850475899101075
contextual_bandit,Stopped paths have different endpoints; these descriptive aggregates cannot establish relative economic superiority.,1,29,0.9666666666666667,6,0.0014709288785811141,-0.000660380288438459,0.0024153205066555863,0.5821904365476209,30,20260917,delay1bar,0.16473253029964408,0.01947258896284644,-0.10680584064189902
contextual_bandit,Stopped paths have different endpoints; these descriptive aggregates cannot establish relative economic superiority.,26,4,0.13333333333333333,6,0.0030953277266086944,0.0011169345547395457,0.008578004195821139,0.5740884962748417,30,20260917,partial50pct,0.1578218196350326,0.014686430698530458,-0.09744263772124762
contextual_bandit,Stopped paths have different endpoints; these descriptive aggregates cannot establish relative economic superiority.,1,29,0.9666666666666667,6,0.001602035901727328,-0.0005137953103395388,-0.017473508319098417,-0.8121121794625058,30,20260917,missed10pct,0.1920674922028024,0.02383403190429867,-0.10510982907656352
contextual_bandit,Stopped paths have different endpoints; these descriptive aggregates cannot establish relative economic superiority.,0,30,1.0,6,0.0016308446285393018,-0.00047494770759841273,-0.01413879940746701,-0.792446334487346,30,20260917,impact10bp,0.16382100414259249,0.023837015676708928,-0.1035471327733084
contextual_bandit,Stopped paths have different endpoints; these descriptive aggregates cannot establish relative economic superiority.,0,30,1.0,6,0.0016161783887352103,-0.0008553360924910466,-0.012459931055718246,-0.7165736527854603,30,20260917,funding2x,0.1613985479723029,0.023857816272192522,-0.10276740808706686
behavior_uniform,Stopped paths have different endpoints; these descriptive aggregates cannot establish relative economic superiority.,0,30,1.0,6,0.001437705809321359,0.0003693321559003814,-0.040505484509556294,-3.279955338525423,30,20260917,base,0.13378595462141485,0.0167457214583895,-0.10154903403593396
behavior_uniform,Stopped paths have different endpoints; these descriptive aggregates cannot establish relative economic superiority.,0,30,1.0,6,0.0021551948490320504,0.0003693538852526065,-0.0419244538570729,-3.401289584776552,30,20260917,cost1_5x,0.13469331305092114,0.01674690781696127,-0.10271545481272282
behavior_uniform,Stopped paths have different endpoints; these descriptive aggregates cannot establish relative economic superiority.,0,30,1.0,6,0.0028717759575366255,0.0003693755699195995,-0.043341611739733284,-3.5224487693588338,30,20260917,cost2x,0.13559990048030357,0.01674809450337522,-0.1040130570786384
behavior_uniform,Stopped paths have different endpoints; these descriptive aggregates cannot establish relative economic superiority.,0,30,1.0,6,0.003587450117795954,0.00036939720990979976,-0.044756960126037956,-3.6424353990077813,30,20260917,extreme25bp,0.13650571740290207,0.016749281517766185,-0.1053769158495046
behavior_uniform,Stopped paths have different endpoints; these descriptive aggregates cannot establish relative economic superiority.,0,30,1.0,6,0.0013526565597686805,0.00040993487605505335,-0.03600898156427512,-2.825125807366028,30,20260917,delay1bar,0.1283911629459099,0.01678071984756228,-0.09682614450919713
behavior_uniform,Stopped paths have different endpoints; these descriptive aggregates cannot establish relative economic superiority.,30,0,0.0,6,0.005428322001433159,0.002290397772809467,0.010156834526331553,0.26327750744940404,30,20260917,partial50pct,0.10081705481299141,0.009473646617868406,-0.07971313892011045
behavior_uniform,Stopped paths have different endpoints; these descriptive aggregates cannot establish relative economic superiority.,0,30,1.0,6,0.0017186131030461113,-7.110403156442859e-05,-0.017628026567164525,-0.2263356666246532,30,20260917,missed10pct,0.14939353602409355,0.019044226195950364,-0.10159605285885576
behavior_uniform,Stopped paths have different endpoints; these descriptive aggregates cannot establish relative economic superiority.,0,30,1.0,6,0.0014368054914907073,0.0003693547475559636,-0.04198902234027334,-3.4097444956768275,30,20260917,impact10bp,0.13467688608195583,0.016746859166948735,-0.10270875215774089
behavior_uniform,Stopped paths have different endpoints; these descriptive aggregates cannot establish relative economic superiority.,0,30,1.0,6,0.0014382419009477817,0.0007388625560756208,-0.04014903170618393,-3.2554952035228526,30,20260917,funding2x,0.1333902150836772,0.01674010856870443,-0.10076527839056082
behavior_clone,Stopped paths have different endpoints; these descriptive aggregates cannot establish relative economic superiority.,26,4,0.13333333333333333,6,0.0003189199095141917,0.00015917023288326214,0.029058792748628715,0.7481214510481786,30,20260917,base,0.1624735525832086,0.023700147409918205,-0.001996309947590036
behavior_clone,Stopped paths have different endpoints; these descriptive aggregates cannot establish relative economic superiority.,26,4,0.13333333333333333,6,0.00047816838063463927,0.000159137729549923,0.028734809044855196,0.7396433776857104,30,20260917,cost1_5x,0.16279613667831738,0.02371712112472263,-0.0026155266576576297
behavior_clone,Stopped paths have different endpoints; these descriptive aggregates cannot establish relative economic superiority.,26,4,0.13333333333333333,6,0.000637276025253785,0.00015910527011911668,0.02841110378372872,0.7311656421345643,30,20260917,cost2x,0.16311863004048655,0.02373409532283131,-0.0032344563725960063
behavior_clone,Stopped paths have different endpoints; these descriptive aggregates cannot establish relative economic superiority.,26,4,0.13333333333333333,6,0.0007960934145441963,0.00015793435544908836,0.0282064778375889,0.7226882909965893,30,20260917,extreme25bp,0.16344103268645882,0.02375107000461371,-0.003853099206119426
behavior_clone,Stopped paths have different endpoints; these descriptive aggregates cannot establish relative economic superiority.,26,4,0.13333333333333333,6,0.0003424406290102672,0.00010761495899696943,0.0254115641389141,0.5742379449262267,30,20260917,delay1bar,0.15953491344980486,0.02377071441977624,0.0
behavior_clone,Stopped paths have different endpoints; these descriptive aggregates cannot establish relative economic superiority.,26,4,0.13333333333333333,6,0.00021887526832757573,0.0002569753572220484,0.030277417969196425,0.7752432293095459,30,20260917,partial50pct,0.1587163079883871,0.02284660326057634,-0.002497550837371798
behavior_clone,Stopped paths have different endpoints; these descriptive aggregates cannot establish relative economic superiority.,26,4,0.13333333333333333,6,0.00029770672184910725,0.00017528823771829246,0.025987407528208672,0.7342550167759551,30,20260917,missed10pct,0.15982004197656785,0.023605363751906954,-0.0163999157781185
behavior_clone,Stopped paths have different endpoints; these descriptive aggregates cannot establish relative economic superiority.,26,4,0.13333333333333333,6,0.00031885258059982023,0.00015914690209893167,0.028890010439693626,0.7435654522360142,30,20260917,impact10bp,0.16269112403078678,0.02371907911677097,-0.002447829983415528
behavior_clone,Stopped paths have different endpoints; these descriptive aggregates cannot establish relative economic superiority.,26,4,0.13333333333333333,6,0.0003190885604902822,0.00032731515220054823,0.02947904503991552,0.7838966580084012,30,20260917,funding2x,0.16189425020676584,0.023703558772597184,-0.0023701005327069202
