algorithm,horizon,seed,fold,symbol,status,reason,observations,netReturn,sharpe,maxDrawdown,expectedShortfall95,oodObservationRate,latencyP99Ms
ppo,1,11,0,ADAUSDT,failed,turnover_limit,190,0.0975122950628462,2.9441938008045114,0.04676566034909013,0.00800073061910186,0.0,0.05465969999999986
ppo,1,11,0,AVAXUSDT,failed,turnover_limit,183,-0.0484654309792838,-1.219402067263579,0.14353111822749354,0.019863808068195397,0.0,0.08484760000000018
ppo,1,11,0,BNBUSDT,failed,turnover_limit,185,0.08787165265763508,5.0636675485076195,0.0020714611950093387,0.0002321916674177804,0.0,0.05995416
ppo,1,11,0,BTCUSDT,complete,,599,0.03657759303926711,1.0649483298889273,0.03009764202544829,0.0032951087350628497,0.0,0.05147439999999989
ppo,1,11,0,DOGEUSDT,failed,turnover_limit,139,-0.03811650846247894,-3.8117156993783334,0.04244337965064471,0.007287160312979284,0.0,0.08412866000000006
ppo,1,11,0,ETHUSDT,failed,turnover_limit,185,0.007994853437963911,1.735392685964653,0.0029362263824482815,0.00029375074838460246,0.0,0.14931327999999994
ppo,1,11,0,LINKUSDT,failed,turnover_limit,184,0.03471550881782193,1.618101423782168,0.03743975520195264,0.00651871435770246,0.0,0.09272817999999998
ppo,1,11,0,LTCUSDT,failed,turnover_limit,185,0.07505372869213045,4.8064911208628915,0.004059577199775233,0.00045605298322332066,0.0,0.13113759999999997
ppo,1,11,0,SOLUSDT,failed,turnover_limit,184,0.061101640411652225,2.369354469927253,0.047998886575461364,0.008193834021388935,0.0,0.07084365
ppo,1,11,0,XRPUSDT,failed,turnover_limit,184,0.023547201607035717,1.7502065217686757,0.01952174732523826,0.002141943874232144,0.0,0.05885933999999993
ppo,1,23,0,ADAUSDT,failed,drawdown_limit,180,-0.05782304678679906,-1.5273335007867763,0.15137711101928153,0.015375024637409522,0.0,0.08937117000000012
ppo,1,23,0,AVAXUSDT,failed,drawdown_limit,173,-0.07318557841200535,-1.8971834147630637,0.1523481672548891,0.015948858911291792,0.0,0.07134284
ppo,1,23,0,BNBUSDT,failed,drawdown_limit,284,-0.11700891394152335,-2.3220962094215007,0.16095276322640106,0.015167672378213792,0.0,0.05364549000000003
ppo,1,23,0,BTCUSDT,failed,drawdown_limit,279,-0.11906292722182299,-3.074607255540172,0.1620941656958661,0.013240648239741819,0.0,0.051549939999999954
ppo,1,23,0,DOGEUSDT,failed,drawdown_limit,273,-0.042122232046807095,-0.5697001607406283,0.1574492273011705,0.0177839248500867,0.0,0.08464779999999977
ppo,1,23,0,ETHUSDT,failed,drawdown_limit,227,-0.08306011126844504,-2.277183610507654,0.15280596390242907,0.013756619379250387,0.0,0.1004932000000002
ppo,1,23,0,LINKUSDT,failed,drawdown_limit,174,-0.08340792684303655,-2.6961256300979617,0.1539751421586515,0.015015389299227164,0.0,0.11278845000000011
ppo,1,23,0,LTCUSDT,failed,drawdown_limit,181,-0.1033925316680222,-3.434008889341922,0.15186117279489875,0.015836640065093322,0.0,0.07115039999999936
ppo,1,23,0,SOLUSDT,failed,drawdown_limit,174,-0.03852482071570973,-0.9745588845110451,0.15071355443484002,0.01653168799055281,0.0,0.07885131000000054
ppo,1,23,0,XRPUSDT,failed,drawdown_limit,180,-0.1285993381065551,-4.633839892418913,0.15226029760268356,0.015679502670629158,0.0,0.07655072000000009
ppo,1,47,0,ADAUSDT,failed,drawdown_limit,175,-0.05762213107055414,-1.605021572746502,0.15590466644013412,0.016173985854881896,0.0,0.053394819999999975
ppo,1,47,0,AVAXUSDT,failed,drawdown_limit,174,-0.0817815085618423,-2.1267824816539282,0.1610064603792355,0.01616646966530534,0.0,0.03661442000000013
ppo,1,47,0,BNBUSDT,complete,,599,-0.0039670525474090335,0.04955866071435108,0.12642619621369078,0.01252843260630023,0.0,0.04566971999999988
ppo,1,47,0,BTCUSDT,failed,drawdown_limit,279,-0.11532933097720632,-2.9652504357497675,0.15854294487320908,0.013240648239741819,0.0,0.030707239999999976
ppo,1,47,0,DOGEUSDT,complete,,599,-0.012667528051317878,0.010053694525240716,0.12929473388187085,0.01614038719289714,0.0,0.03710189999999994
ppo,1,47,0,ETHUSDT,failed,drawdown_limit,227,-0.08193788443646122,-2.271003371069997,0.15176909781023562,0.013701933324032725,0.0,0.040175660000000044
ppo,1,47,0,LINKUSDT,failed,drawdown_limit,174,-0.08340792684303655,-2.6961256300979617,0.1539751421586515,0.015015389299227164,0.0,0.03056664000000003
ppo,1,47,0,LTCUSDT,failed,drawdown_limit,274,-0.10317760103496287,-2.177112821377913,0.15165786084235333,0.015144201593506903,0.0,0.06782758999999997
ppo,1,47,0,SOLUSDT,failed,drawdown_limit,174,-0.02884665380008633,-0.6948107306096598,0.15049909810773088,0.0165316879905528,0.0,0.07286881000000003
ppo,1,47,0,XRPUSDT,failed,drawdown_limit,182,-0.13957226550636548,-5.0207906504114375,0.16293527940511887,0.015327123585953173,0.0,0.09873782999999997
double_dqn,1,11,0,ADAUSDT,failed,turnover_limit,80,0.05453158988738971,4.592234024973533,0.018335162402432603,0.008422041100125066,0.0,0.06117070999999997
double_dqn,1,11,0,AVAXUSDT,failed,turnover_limit,80,0.0025290884281026216,0.27778149475173136,0.036575040219043786,0.01045301873892554,0.0,0.045646459999999764
double_dqn,1,11,0,BNBUSDT,failed,turnover_limit,94,-0.00844637154540695,-1.5111714803387009,0.025363717434506716,0.005203672029419892,0.0,0.03658234999999992
double_dqn,1,11,0,BTCUSDT,failed,turnover_limit,185,0.01642438004400093,1.0759465536256643,0.05209659529071664,0.00636336746097983,0.0,0.07785655999999996
double_dqn,1,11,0,DOGEUSDT,failed,turnover_limit,114,0.05176229889400763,3.13349086086957,0.035040063835796276,0.009258898607678126,0.0,0.07202295000000002
double_dqn,1,11,0,ETHUSDT,failed,turnover_limit,186,0.05814521542060547,2.7938549712610827,0.046618102888454804,0.00760129712326355,0.0,0.08788350000000014
double_dqn,1,11,0,LINKUSDT,failed,turnover_limit,95,0.02805325092932942,2.553388405821668,0.026166311455203983,0.008948990873861095,0.0,0.09727268000000004
double_dqn,1,11,0,LTCUSDT,failed,turnover_limit,95,-0.008619141203075609,-0.9749031303119835,0.033977239170316476,0.007063407583378289,0.0,0.07105688000000007
double_dqn,1,11,0,SOLUSDT,failed,turnover_limit,161,0.020218663206860166,0.8833632872611924,0.051382902097611205,0.010757613400387882,0.0,0.06610920000000005
double_dqn,1,11,0,XRPUSDT,failed,turnover_limit,152,-0.011308597999827419,-0.8766257901197945,0.04133410218640898,0.006907015296094526,0.0,0.07632996000000003
double_dqn,1,23,0,ADAUSDT,failed,turnover_limit,246,0.01749381707944697,0.4252829657751357,0.1384089943928719,0.019055272109219663,0.0,0.07595390000000007
double_dqn,1,23,0,AVAXUSDT,failed,turnover_limit,183,-0.041318246200429454,-0.908336836580666,0.11635721510743613,0.018950497152274936,0.0,0.055825720000000065
double_dqn,1,23,0,BNBUSDT,failed,drawdown_limit,279,-0.11014414839393705,-2.412859801931139,0.15442963671386511,0.01426862471176287,0.0,0.08703603999999843
double_dqn,1,23,0,BTCUSDT,failed,drawdown_limit,279,-0.11320146360340932,-2.909552000979353,0.1565190176913196,0.013240648306748029,0.0,0.08197031999999937
double_dqn,1,23,0,DOGEUSDT,failed,turnover_limit,158,0.11486590729830692,3.6255641878441787,0.06141445151918046,0.013060001944617677,0.0,0.25118694000000064
double_dqn,1,23,0,ETHUSDT,failed,drawdown_limit,273,-0.09812132868395973,-2.2244382918106242,0.16672156919738912,0.014278250080081814,0.0,0.13892391999999945
double_dqn,1,23,0,LINKUSDT,complete,,599,0.0728529334613881,0.6815461296136373,0.12056027274248793,0.015405643843778552,0.0,0.09539671999999999
double_dqn,1,23,0,LTCUSDT,failed,drawdown_limit,275,-0.10448209170897316,-2.280427246011275,0.1528918336001459,0.014517085474293858,0.0,0.09404563999999987
double_dqn,1,23,0,SOLUSDT,complete,,599,0.013916444364389324,0.22719287134833321,0.14428695681843162,0.01912729285742491,0.0,0.19459019999999985
double_dqn,1,23,0,XRPUSDT,failed,drawdown_limit,181,-0.13748475169587515,-4.94936725761239,0.1594995746190736,0.015762756742843654,0.0,0.08657179999999991
double_dqn,1,47,0,ADAUSDT,failed,turnover_limit,31,0.05414787504055063,13.246852650099907,0.008161477049794641,0.008106203489553654,0.0,0.017112099999999998
double_dqn,1,47,0,AVAXUSDT,failed,drawdown_limit,173,-0.07912707080135606,-2.1591488370868275,0.15234816725488853,0.015948858911291816,0.0,0.032276720000000016
double_dqn,1,47,0,BNBUSDT,failed,drawdown_limit,278,-0.11690127849040333,-2.452324158720268,0.16085048447266603,0.014779245517009685,0.0,0.022464330000000005
double_dqn,1,47,0,BTCUSDT,failed,drawdown_limit,279,-0.11532933097720632,-2.9652504357497675,0.15854294487320908,0.013240648239741819,0.0,0.029460039999999996
double_dqn,1,47,0,DOGEUSDT,failed,drawdown_limit,278,-0.025864955947425217,-0.31781547345644595,0.1550825918636377,0.018663785903553536,0.0,0.05047384000000014
double_dqn,1,47,0,ETHUSDT,failed,drawdown_limit,227,-0.08306011126844504,-2.277183610507654,0.15280596390242907,0.013756619379250387,0.0,0.047866800000000036
double_dqn,1,47,0,LINKUSDT,failed,drawdown_limit,174,-0.08398148262312766,-2.7214081949532067,0.15397514215865116,0.015015389299227213,0.0,0.0476436000000001
double_dqn,1,47,0,LTCUSDT,failed,drawdown_limit,181,-0.10433247950879332,-3.468643141823116,0.1518611727948994,0.015836640065093312,0.0,0.046914
double_dqn,1,47,0,SOLUSDT,failed,drawdown_limit,180,-0.10476236810464368,-2.756446468056058,0.16998865210417646,0.01984849788678474,0.0,0.040513770000000025
double_dqn,1,47,0,XRPUSDT,failed,drawdown_limit,180,-0.13202648012285456,-4.779399352711543,0.15226029760268323,0.015679502670629192,0.0,0.05485584000000005
cql,1,11,0,ADAUSDT,failed,drawdown_limit,175,-0.05762213107055414,-1.605021572746502,0.15590466644013412,0.016173985854881896,0.0,0.06689331999999992
cql,1,11,0,AVAXUSDT,failed,drawdown_limit,173,-0.07230562528548168,-1.8720119950443572,0.15234816725488876,0.015948858911291868,0.0,0.04815548000000001
cql,1,11,0,BNBUSDT,failed,drawdown_limit,284,-0.11700891394152335,-2.3220962094215007,0.16095276322640106,0.015167672378213792,0.0,0.04612881000000015
cql,1,11,0,BTCUSDT,failed,drawdown_limit,279,-0.11532933097720632,-2.9652504357497675,0.15854294487320908,0.013240648239741819,0.0,0.055091839999999885
cql,1,11,0,DOGEUSDT,failed,drawdown_limit,181,-0.05920716913143098,-1.2480856679506398,0.15169342200477498,0.018956545572489235,0.0,0.06278279999999999
cql,1,11,0,ETHUSDT,failed,drawdown_limit,227,-0.08306011126844504,-2.277183610507654,0.15280596390242907,0.013756619379250387,0.0,0.13708156000000002
cql,1,11,0,LINKUSDT,failed,drawdown_limit,174,-0.08340792684303655,-2.6961256300979617,0.1539751421586515,0.015015389299227164,0.0,0.08064468000000032
cql,1,11,0,LTCUSDT,failed,drawdown_limit,181,-0.1033925316680222,-3.434008889341922,0.15186117279489875,0.015836640065093322,0.0,0.08456679999999993
cql,1,11,0,SOLUSDT,failed,drawdown_limit,174,-0.02884665380008633,-0.6948107306096598,0.15049909810773088,0.0165316879905528,0.0,0.10156881000000013
cql,1,11,0,XRPUSDT,failed,drawdown_limit,180,-0.1285993381065551,-4.633839892418913,0.15226029760268356,0.015679502670629158,0.0,0.10103640000000032
cql,1,23,0,ADAUSDT,failed,drawdown_limit,175,-0.05762213107055414,-1.605021572746502,0.15590466644013412,0.016173985854881896,0.0,0.07724561999999992
cql,1,23,0,AVAXUSDT,failed,drawdown_limit,226,-0.0800968841480394,-1.4186480396296604,0.16199381078171637,0.019756297421266,0.0,0.05618375
cql,1,23,0,BNBUSDT,complete,,599,-0.04198464154298276,-0.32527332733157666,0.14158669037097937,0.013672313208974636,0.0,0.07080934
cql,1,23,0,BTCUSDT,failed,drawdown_limit,279,-0.11532933097720632,-2.9652504357497675,0.15854294487320908,0.013240648239741819,0.0,0.10291773999999952
cql,1,23,0,DOGEUSDT,failed,drawdown_limit,279,-0.06113011705574556,-0.8702721900375252,0.15342733123517627,0.017821503099665268,0.0,0.07006083999999972
cql,1,23,0,ETHUSDT,failed,drawdown_limit,227,-0.08306011126844504,-2.277183610507654,0.15280596390242907,0.013756619379250387,0.0,0.08733402000000001
cql,1,23,0,LINKUSDT,failed,drawdown_limit,174,-0.08340792684303655,-2.6961256300979617,0.1539751421586515,0.015015389299227164,0.0,0.08642330000000005
cql,1,23,0,LTCUSDT,complete,,599,-0.01931309394239844,-0.052560252133811096,0.12463722583910275,0.01602779305708656,0.0,0.07361909999999998
cql,1,23,0,SOLUSDT,failed,drawdown_limit,174,-0.02884665380008633,-0.6948107306096598,0.15049909810773088,0.0165316879905528,0.0,0.08209531000000046
cql,1,23,0,XRPUSDT,failed,drawdown_limit,180,-0.1285993381065551,-4.633839892418913,0.15226029760268356,0.015679502670629158,0.0,0.04541180000000002
cql,1,47,0,ADAUSDT,failed,drawdown_limit,175,-0.05762213107055414,-1.605021572746502,0.15590466644013412,0.016173985854881896,0.0,0.04160413999999985
cql,1,47,0,AVAXUSDT,failed,drawdown_limit,173,-0.07230562528548168,-1.8720119950443572,0.15234816725488876,0.015948858911291868,0.0,0.05087392
cql,1,47,0,BNBUSDT,failed,drawdown_limit,284,-0.11700891394152335,-2.3220962094215007,0.16095276322640106,0.015167672378213792,0.0,0.06914187000000015
cql,1,47,0,BTCUSDT,failed,drawdown_limit,279,-0.11532933097720632,-2.9652504357497675,0.15854294487320908,0.013240648239741819,0.0,0.06511811999999978
cql,1,47,0,DOGEUSDT,failed,drawdown_limit,181,-0.05920716913143098,-1.2480856679506398,0.15169342200477498,0.018956545572489235,0.0,0.07284039999999989
cql,1,47,0,ETHUSDT,failed,drawdown_limit,227,-0.08306011126844504,-2.277183610507654,0.15280596390242907,0.013756619379250387,0.0,0.08599848000000014
cql,1,47,0,LINKUSDT,failed,drawdown_limit,174,-0.08340792684303655,-2.6961256300979617,0.1539751421586515,0.015015389299227164,0.0,0.09462931000000016
cql,1,47,0,LTCUSDT,failed,drawdown_limit,181,-0.1033925316680222,-3.434008889341922,0.15186117279489875,0.015836640065093322,0.0,0.07802279999999971
cql,1,47,0,SOLUSDT,failed,drawdown_limit,174,-0.02884665380008633,-0.6948107306096598,0.15049909810773088,0.0165316879905528,0.0,0.055501980000000006
cql,1,47,0,XRPUSDT,failed,drawdown_limit,180,-0.1285993381065551,-4.633839892418913,0.15226029760268356,0.015679502670629158,0.0,0.05663131000000009
cql_no_inventory_penalty,1,11,0,ADAUSDT,failed,drawdown_limit,175,-0.05762213107055414,-1.605021572746502,0.15590466644013412,0.016173985854881896,0.0,0.03981815999999988
cql_no_inventory_penalty,1,11,0,AVAXUSDT,failed,drawdown_limit,173,-0.07230562528548168,-1.8720119950443572,0.15234816725488876,0.015948858911291868,0.0,0.03316792000000001
cql_no_inventory_penalty,1,11,0,BNBUSDT,failed,drawdown_limit,284,-0.11700891394152335,-2.3220962094215007,0.16095276322640106,0.015167672378213792,0.0,0.030559210000000003
cql_no_inventory_penalty,1,11,0,BTCUSDT,failed,drawdown_limit,279,-0.11532933097720632,-2.9652504357497675,0.15854294487320908,0.013240648239741819,0.0,0.026134079999999928
cql_no_inventory_penalty,1,11,0,DOGEUSDT,failed,drawdown_limit,181,-0.05920716913143098,-1.2480856679506398,0.15169342200477498,0.018956545572489235,0.0,0.0291774
cql_no_inventory_penalty,1,11,0,ETHUSDT,failed,drawdown_limit,227,-0.08306011126844504,-2.277183610507654,0.15280596390242907,0.013756619379250387,0.0,0.05794626000000004
cql_no_inventory_penalty,1,11,0,LINKUSDT,failed,drawdown_limit,174,-0.08340792684303655,-2.6961256300979617,0.1539751421586515,0.015015389299227164,0.0,0.03327476000000001
cql_no_inventory_penalty,1,11,0,LTCUSDT,failed,drawdown_limit,181,-0.1033925316680222,-3.434008889341922,0.15186117279489875,0.015836640065093322,0.0,0.028740799999999934
cql_no_inventory_penalty,1,11,0,SOLUSDT,failed,drawdown_limit,174,-0.02884665380008633,-0.6948107306096598,0.15049909810773088,0.0165316879905528,0.0,0.036631170000000074
cql_no_inventory_penalty,1,11,0,XRPUSDT,failed,drawdown_limit,180,-0.1285993381065551,-4.633839892418913,0.15226029760268356,0.015679502670629158,0.0,0.03192340000000002
cql_no_inventory_penalty,1,23,0,ADAUSDT,failed,drawdown_limit,175,-0.05762213107055414,-1.605021572746502,0.15590466644013412,0.016173985854881896,0.0,0.05765835999999998
cql_no_inventory_penalty,1,23,0,AVAXUSDT,failed,drawdown_limit,226,-0.0800968841480394,-1.4186480396296604,0.16199381078171637,0.019756297421266,0.0,0.07963925
cql_no_inventory_penalty,1,23,0,BNBUSDT,complete,,599,-0.04198464154298276,-0.32527332733157666,0.14158669037097937,0.013672313208974636,0.0,0.0662110399999999
cql_no_inventory_penalty,1,23,0,BTCUSDT,failed,drawdown_limit,279,-0.11532933097720632,-2.9652504357497675,0.15854294487320908,0.013240648239741819,0.0,0.03064867999999998
cql_no_inventory_penalty,1,23,0,DOGEUSDT,failed,drawdown_limit,279,-0.06113011705574556,-0.8702721900375252,0.15342733123517627,0.017821503099665268,0.0,0.0639525199999999
cql_no_inventory_penalty,1,23,0,ETHUSDT,failed,drawdown_limit,227,-0.08306011126844504,-2.277183610507654,0.15280596390242907,0.013756619379250387,0.0,0.04682158000000015
cql_no_inventory_penalty,1,23,0,LINKUSDT,failed,drawdown_limit,174,-0.08340792684303655,-2.6961256300979617,0.1539751421586515,0.015015389299227164,0.0,0.05356133000000001
cql_no_inventory_penalty,1,23,0,LTCUSDT,complete,,599,-0.01931309394239844,-0.052560252133811096,0.12463722583910275,0.01602779305708656,0.0,0.05091327999999991
cql_no_inventory_penalty,1,23,0,SOLUSDT,failed,drawdown_limit,174,-0.02884665380008633,-0.6948107306096598,0.15049909810773088,0.0165316879905528,0.0,0.053645670000000104
cql_no_inventory_penalty,1,23,0,XRPUSDT,failed,drawdown_limit,180,-0.1285993381065551,-4.633839892418913,0.15226029760268356,0.015679502670629158,0.0,0.06500410000000009
cql_no_inventory_penalty,1,47,0,ADAUSDT,failed,drawdown_limit,175,-0.05762213107055414,-1.605021572746502,0.15590466644013412,0.016173985854881896,0.0,0.07805631999999998
cql_no_inventory_penalty,1,47,0,AVAXUSDT,failed,drawdown_limit,173,-0.07230562528548168,-1.8720119950443572,0.15234816725488876,0.015948858911291868,0.0,0.06760036000000003
cql_no_inventory_penalty,1,47,0,BNBUSDT,failed,drawdown_limit,284,-0.11700891394152335,-2.3220962094215007,0.16095276322640106,0.015167672378213792,0.0,0.06307705000000015
cql_no_inventory_penalty,1,47,0,BTCUSDT,failed,drawdown_limit,279,-0.11532933097720632,-2.9652504357497675,0.15854294487320908,0.013240648239741819,0.0,0.04354195999999988
cql_no_inventory_penalty,1,47,0,DOGEUSDT,failed,drawdown_limit,181,-0.05920716913143098,-1.2480856679506398,0.15169342200477498,0.018956545572489235,0.0,0.03727879999999992
cql_no_inventory_penalty,1,47,0,ETHUSDT,failed,drawdown_limit,227,-0.08306011126844504,-2.277183610507654,0.15280596390242907,0.013756619379250387,0.0,0.03876978000000001
cql_no_inventory_penalty,1,47,0,LINKUSDT,failed,drawdown_limit,174,-0.08340792684303655,-2.6961256300979617,0.1539751421586515,0.015015389299227164,0.0,0.03735281000000007
cql_no_inventory_penalty,1,47,0,LTCUSDT,failed,drawdown_limit,181,-0.1033925316680222,-3.434008889341922,0.15186117279489875,0.015836640065093322,0.0,0.0477517999999999
cql_no_inventory_penalty,1,47,0,SOLUSDT,failed,drawdown_limit,174,-0.02884665380008633,-0.6948107306096598,0.15049909810773088,0.0165316879905528,0.0,0.035411600000000105
cql_no_inventory_penalty,1,47,0,XRPUSDT,failed,drawdown_limit,180,-0.1285993381065551,-4.633839892418913,0.15226029760268356,0.015679502670629158,0.0,0.03342929000000004
cash,1,20260917,0,ADAUSDT,complete,,599,0.0,,0.0,-0.0,0.0,0.0034297399999999997
cash,1,20260917,0,AVAXUSDT,complete,,599,0.0,,0.0,-0.0,0.0,0.0028645199999999993
cash,1,20260917,0,BNBUSDT,complete,,599,0.0,,0.0,-0.0,0.0,0.002692459999999995
cash,1,20260917,0,BTCUSDT,complete,,599,0.0,,0.0,-0.0,0.0,0.002800419999999997
cash,1,20260917,0,DOGEUSDT,complete,,599,0.0,,0.0,-0.0,0.0,0.005270859999999996
cash,1,20260917,0,ETHUSDT,complete,,599,0.0,,0.0,-0.0,0.0,0.004410179999999987
cash,1,20260917,0,LINKUSDT,complete,,599,0.0,,0.0,-0.0,0.0,0.0026215799999999997
cash,1,20260917,0,LTCUSDT,complete,,599,0.0,,0.0,-0.0,0.0,0.00273516
cash,1,20260917,0,SOLUSDT,complete,,599,0.0,,0.0,-0.0,0.0,0.0027572799999999995
cash,1,20260917,0,XRPUSDT,complete,,599,0.0,,0.0,-0.0,0.0,0.00273222
constant_long,1,20260917,0,ADAUSDT,failed,drawdown_limit,175,-0.05762213107055414,-1.605021572746502,0.15590466644013412,0.016173985854881896,0.0,0.008624939999999904
constant_long,1,20260917,0,AVAXUSDT,failed,drawdown_limit,173,-0.07230562528548168,-1.8720119950443572,0.15234816725488876,0.015948858911291868,0.0,0.00280816
constant_long,1,20260917,0,BNBUSDT,failed,drawdown_limit,284,-0.11700891394152335,-2.3220962094215007,0.16095276322640106,0.015167672378213792,0.0,0.0024370200000000033
constant_long,1,20260917,0,BTCUSDT,failed,drawdown_limit,279,-0.11532933097720632,-2.9652504357497675,0.15854294487320908,0.013240648239741819,0.0,0.005666879999999927
constant_long,1,20260917,0,DOGEUSDT,failed,drawdown_limit,181,-0.05920716913143098,-1.2480856679506398,0.15169342200477498,0.018956545572489235,0.0,0.0026383999999999986
constant_long,1,20260917,0,ETHUSDT,failed,drawdown_limit,227,-0.08306011126844504,-2.277183610507654,0.15280596390242907,0.013756619379250387,0.0,0.0028806
constant_long,1,20260917,0,LINKUSDT,failed,drawdown_limit,174,-0.08340792684303655,-2.6961256300979617,0.1539751421586515,0.015015389299227164,0.0,0.002080740000000002
constant_long,1,20260917,0,LTCUSDT,failed,drawdown_limit,181,-0.1033925316680222,-3.434008889341922,0.15186117279489875,0.015836640065093322,0.0,0.0024791999999999835
constant_long,1,20260917,0,SOLUSDT,failed,drawdown_limit,174,-0.02884665380008633,-0.6948107306096598,0.15049909810773088,0.0165316879905528,0.0,0.002953060000000001
constant_long,1,20260917,0,XRPUSDT,failed,drawdown_limit,180,-0.1285993381065551,-4.633839892418913,0.15226029760268356,0.015679502670629158,0.0,0.0021676200000000007
constant_short,1,20260917,0,ADAUSDT,complete,,599,0.057053616245322125,0.5229581083245977,0.11379365198151492,0.01930903941216921,0.0,0.0023343599999999997
constant_short,1,20260917,0,AVAXUSDT,failed,drawdown_limit,387,0.15553815738113674,1.3650387389949068,0.16054224225714742,0.02416876666683952,0.0,0.0018215399999999997
constant_short,1,20260917,0,BNBUSDT,complete,,599,0.015540644770113632,0.2441030959308496,0.14158669037097882,0.013149493193477187,0.0,0.0021959399999999982
constant_short,1,20260917,0,BTCUSDT,complete,,599,0.1586962869494073,1.7184749254589993,0.08246913597591099,0.01143383471614826,0.0,0.0022149799999999975
constant_short,1,20260917,0,DOGEUSDT,complete,,599,0.08777045693136731,0.7531757910298562,0.1446630861668603,0.017265516120873313,0.0,0.0020065199999999986
constant_short,1,20260917,0,ETHUSDT,failed,drawdown_limit,414,0.04920902534118121,0.6655116094055078,0.15570473946831553,0.015998020943827174,0.0,0.00202315
constant_short,1,20260917,0,LINKUSDT,complete,,599,0.033621490936818654,0.3614942566881981,0.14704393855197317,0.017997517067937563,0.0,0.001986999999999998
constant_short,1,20260917,0,LTCUSDT,complete,,599,0.11700564493118182,1.0294989002498949,0.12255723658491857,0.015186658506644505,0.0,0.0022132
constant_short,1,20260917,0,SOLUSDT,failed,drawdown_limit,387,0.04266667126692236,0.5264527710088565,0.15272209776768397,0.023173860790550567,0.0,0.0022490399999999995
constant_short,1,20260917,0,XRPUSDT,failed,drawdown_limit,584,0.04271997561503316,0.4790283667766516,0.15451642576579072,0.016442267616862457,0.0,0.0023072099999999996
historical_mean,1,20260917,0,ADAUSDT,failed,drawdown_limit,175,-0.05762213107055414,-1.605021572746502,0.15590466644013412,0.016173985854881896,0.0,1.5426798399999873
historical_mean,1,20260917,0,AVAXUSDT,failed,drawdown_limit,173,-0.07230562528548168,-1.8720119950443572,0.15234816725488876,0.015948858911291868,0.0,0.04626712
historical_mean,1,20260917,0,BNBUSDT,failed,drawdown_limit,284,-0.11700891394152335,-2.3220962094215007,0.16095276322640106,0.015167672378213792,0.0,0.05128723000000002
historical_mean,1,20260917,0,BTCUSDT,failed,drawdown_limit,279,-0.11532933097720632,-2.9652504357497675,0.15854294487320908,0.013240648239741819,0.0,0.04739127999999993
historical_mean,1,20260917,0,DOGEUSDT,failed,drawdown_limit,181,-0.05920716913143098,-1.2480856679506398,0.15169342200477498,0.018956545572489235,0.0,0.044274999999999995
historical_mean,1,20260917,0,ETHUSDT,failed,drawdown_limit,227,-0.08306011126844504,-2.277183610507654,0.15280596390242907,0.013756619379250387,0.0,0.047419900000000015
historical_mean,1,20260917,0,LINKUSDT,failed,drawdown_limit,174,-0.08340792684303655,-2.6961256300979617,0.1539751421586515,0.015015389299227164,0.0,0.059276080000000016
historical_mean,1,20260917,0,LTCUSDT,failed,drawdown_limit,181,-0.1033925316680222,-3.434008889341922,0.15186117279489875,0.015836640065093322,0.0,0.05678459999999991
historical_mean,1,20260917,0,SOLUSDT,failed,drawdown_limit,174,-0.02884665380008633,-0.6948107306096598,0.15049909810773088,0.0165316879905528,0.0,0.04876762000000004
historical_mean,1,20260917,0,XRPUSDT,failed,drawdown_limit,180,-0.1285993381065551,-4.633839892418913,0.15226029760268356,0.015679502670629158,0.0,0.05174205000000002
last_return,1,20260917,0,ADAUSDT,failed,turnover_limit,3,-0.00803998171356124,-27.327252903574404,0.00803998171356124,0.006374044522477473,0.0,0.044343679999999996
last_return,1,20260917,0,AVAXUSDT,failed,turnover_limit,7,-0.0018264592377172928,-1.1728991636205601,0.016676284842000233,0.009633553608590417,0.0,0.048968239999999996
last_return,1,20260917,0,BNBUSDT,failed,turnover_limit,2,0.00107045924811211,15.950642049251437,0.00024999999999997247,0.00024999999999997247,0.0,0.04168174
last_return,1,20260917,0,BTCUSDT,failed,turnover_limit,7,-0.013727638641845563,-13.627923138131832,0.018223106207289175,0.008768648545979918,0.0,0.05176868
last_return,1,20260917,0,DOGEUSDT,failed,turnover_limit,7,-0.012040086349655033,-13.14306160046059,0.015874088481959148,0.007821601610114692,0.0,0.04426442
last_return,1,20260917,0,ETHUSDT,failed,turnover_limit,5,-0.0011370305947555615,-1.5453909071883332,0.00797573404579599,0.006227908774159796,0.0,0.0405564
last_return,1,20260917,0,LINKUSDT,failed,turnover_limit,7,-0.014901525057118503,-11.684943798506591,0.021399633961166842,0.01058103424648782,0.0,0.04159596
last_return,1,20260917,0,LTCUSDT,failed,turnover_limit,2,-0.0015506228052590831,-34.53091330884016,0.0015506228052590831,0.0013009480422696562,0.0,0.0362029
last_return,1,20260917,0,SOLUSDT,failed,turnover_limit,6,-0.01427895217164954,-19.80177710956591,0.015343710850120096,0.00802156615718963,0.0,0.03650265
last_return,1,20260917,0,XRPUSDT,failed,turnover_limit,7,-0.005638637617358611,-5.779724429138212,0.011869413271063278,0.008359596940960556,0.0,0.04228602
momentum,1,20260917,0,ADAUSDT,failed,turnover_limit,2,-0.0019262053726132322,-31.599445379766493,0.0019262053726132322,0.0016766245287453962,0.0,0.04023173
momentum,1,20260917,0,AVAXUSDT,failed,turnover_limit,9,0.02763887338037585,13.65525941550165,0.00710769059813976,0.00710769059813976,0.0,0.11480988
momentum,1,20260917,0,BNBUSDT,failed,turnover_limit,9,0.004588229984139325,4.11190029959327,0.008480634191406655,0.0058364324617642405,0.0,0.05624656
momentum,1,20260917,0,BTCUSDT,failed,turnover_limit,2,-0.002338972779988957,-29.758810209990372,0.002338972779988957,0.002089495153777432,0.0,0.03823513
momentum,1,20260917,0,DOGEUSDT,failed,turnover_limit,2,0.0010640983177894192,15.920350740655586,0.00024999999999997247,0.00024999999999997247,0.0,0.03747781
momentum,1,20260917,0,ETHUSDT,failed,turnover_limit,7,0.001394755049936025,1.7197454716499667,0.007159748008057298,0.007159748008057298,0.0,0.09751237999999998
momentum,1,20260917,0,LINKUSDT,failed,turnover_limit,9,-0.014040451235208695,-8.362329618913055,0.02619613950946309,0.010581032931446188,0.0,0.04360664
momentum,1,20260917,0,LTCUSDT,failed,turnover_limit,9,0.0048690130319133385,4.310219833930328,0.009459172653787262,0.004978973986737967,0.0,0.07282372
momentum,1,20260917,0,SOLUSDT,failed,turnover_limit,2,-0.0015205271565496004,-34.85918495046507,0.0015205271565496004,0.0012708448677665185,0.0,0.03835559
momentum,1,20260917,0,XRPUSDT,failed,turnover_limit,2,0.0034455534375397168,20.43421126481015,0.00024999999999997247,0.00024999999999997247,0.0,0.055154390000000005
reversal,1,20260917,0,ADAUSDT,failed,turnover_limit,2,0.0009233540229744985,15.180841302756123,0.00024999999999997247,0.00024999999999997247,0.0,0.03928995
reversal,1,20260917,0,AVAXUSDT,failed,turnover_limit,9,-0.0294479407894902,-14.386528479978896,0.032282010868722066,0.013364443159126327,0.0,0.04683048
reversal,1,20260917,0,BNBUSDT,failed,turnover_limit,9,-0.007718401615546933,-6.644167480065974,0.009914924275601256,0.0067008987303779355,0.0,0.048707
reversal,1,20260917,0,BTCUSDT,failed,turnover_limit,2,0.0013353277549070786,17.025560635221655,0.00024999999999997247,0.00024999999999997247,0.0,0.04831291
reversal,1,20260917,0,DOGEUSDT,failed,turnover_limit,2,-0.002067279700165292,-30.861309117879,0.002067279700165292,0.0018177341336987896,0.0,0.03640938
reversal,1,20260917,0,ETHUSDT,failed,turnover_limit,7,-0.004509447741902317,-5.304047891955281,0.00797573404579599,0.006227908774159796,0.0,0.04265242
reversal,1,20260917,0,LINKUSDT,failed,turnover_limit,9,0.010854030433258943,6.440614735365432,0.013893891562168248,0.008352228021937802,0.0,0.03584788
reversal,1,20260917,0,LTCUSDT,failed,turnover_limit,9,-0.008004165497196292,-6.826018176642604,0.009352384543677927,0.008260927123092898,0.0,0.03528276
reversal,1,20260917,0,SOLUSDT,failed,turnover_limit,2,0.0005184381912020086,11.913335634633691,0.00024999999999997247,0.00024999999999997247,0.0,0.0350978
reversal,1,20260917,0,XRPUSDT,failed,turnover_limit,2,-0.004453448509486702,-26.357210779554254,0.004453448509486702,0.004204499634395287,0.0,0.03481729
ridge_optimizer,1,20260917,0,ADAUSDT,failed,turnover_limit,5,0.006766069787327078,14.13723008560715,0.00024999999999997247,0.00024999999999997247,0.0,1.18911768
ridge_optimizer,1,20260917,0,AVAXUSDT,failed,turnover_limit,5,-0.002619706701887714,-2.97754377402287,0.009397154886535586,0.00914944224709735,0.0,0.08228716
ridge_optimizer,1,20260917,0,BNBUSDT,failed,turnover_limit,15,0.0161308053109952,10.1993487637436,0.00816039391540846,0.006213315479172032,0.0,0.0814655
ridge_optimizer,1,20260917,0,BTCUSDT,failed,turnover_limit,15,0.011152655785947596,5.493834878719027,0.011693949066305609,0.008764273404108902,0.0,0.06790664
ridge_optimizer,1,20260917,0,DOGEUSDT,failed,turnover_limit,19,0.0046253224631616074,2.178827206621198,0.009482588798840785,0.007817680079561962,0.0,0.11608558000000002
ridge_optimizer,1,20260917,0,ETHUSDT,failed,turnover_limit,15,0.02112536338276927,11.519914588459626,0.010418487749856986,0.007159748899885798,0.0,0.05929306
ridge_optimizer,1,20260917,0,LINKUSDT,failed,turnover_limit,15,0.006848670971203452,2.5109720180116426,0.021279834724066693,0.010581033590799982,0.0,0.0652157
ridge_optimizer,1,20260917,0,LTCUSDT,failed,turnover_limit,6,0.0022592510256564946,2.848469735611741,0.006629448308507091,0.004978974603856212,0.0,0.07535935
ridge_optimizer,1,20260917,0,SOLUSDT,failed,turnover_limit,6,0.0016622265031411843,2.0441947693550344,0.007377896888707269,0.006877818809923886,0.0,0.0766363
ridge_optimizer,1,20260917,0,XRPUSDT,failed,turnover_limit,2,-0.004453448509486702,-26.357210779554254,0.004453448509486702,0.004204499634395287,0.0,0.07949455
logistic,1,20260917,0,ADAUSDT,complete,,599,-0.022619377181777756,-0.35919541761238755,0.06821290355493681,0.0038725662430444804,0.0,0.04207861999999998
logistic,1,20260917,0,AVAXUSDT,complete,,599,0.006970507515480007,0.19125777042168268,0.06057067078154865,0.0038211411847819806,0.0,0.040422679999999996
logistic,1,20260917,0,BNBUSDT,complete,,599,0.016198457806714472,0.8654276499398238,0.005463344278586413,0.00029145760714558805,0.0,0.037311999999999956
logistic,1,20260917,0,BTCUSDT,complete,,599,-0.002556953145067209,-1.490084276071239,0.002556953145067209,8.525100091913615e-05,0.0,0.03936283999999998
logistic,1,20260917,0,DOGEUSDT,complete,,599,-0.01114561516236523,-0.3272354584384933,0.056824075171506894,0.0021962021795767597,0.0,0.04001146
logistic,1,20260917,0,ETHUSDT,complete,,599,-0.0002580233162365886,-0.004092530629608214,0.018651505620144504,0.0006403908541003811,0.0,0.04192749999999998
logistic,1,20260917,0,LINKUSDT,complete,,599,-0.015686218857438594,-0.32425295750493366,0.049817778084896625,0.0031793501415367333,0.0,0.03965602
logistic,1,20260917,0,LTCUSDT,complete,,599,0.012160429593250477,0.8464688005615472,0.0073234279383835865,0.0004308830270136066,0.0,0.04566612
logistic,1,20260917,0,SOLUSDT,complete,,599,-0.034174152015472914,-0.6963128879418456,0.060519746094907845,0.003683740600981411,0.0,0.036652499999999984
logistic,1,20260917,0,XRPUSDT,complete,,599,0.035747458227503914,1.5667920033986518,0.00024999999999997247,8.333333333332416e-06,0.0,0.04186067999999999
contextual_bandit,1,20260917,0,ADAUSDT,failed,turnover_limit,97,-0.1194324211996689,-8.52423237104687,0.13215885617463718,0.01533130720463829,0.0,0.13677975999999603
contextual_bandit,1,20260917,0,AVAXUSDT,failed,turnover_limit,47,0.0072085468731024616,1.0370466624654775,0.043130384238403985,0.01265910534085272,0.0,0.04758381999999999
contextual_bandit,1,20260917,0,BNBUSDT,failed,turnover_limit,176,0.0250229106417601,1.0940918896395226,0.058031060659379796,0.008853024146176133,0.0,0.09707550000000001
contextual_bandit,1,20260917,0,BTCUSDT,failed,turnover_limit,186,-0.035134366293181674,-1.3785297295245695,0.061887355396601285,0.010449958275514648,0.0,0.07933515000000002
contextual_bandit,1,20260917,0,DOGEUSDT,failed,turnover_limit,50,-0.060071652779158935,-8.335603841523595,0.0726322617019578,0.010485246988907293,0.0,0.06084575
contextual_bandit,1,20260917,0,ETHUSDT,failed,turnover_limit,290,0.006884619267632175,0.22835238818655285,0.13587714014379715,0.01468699605112788,0.0,0.0961196400000001
contextual_bandit,1,20260917,0,LINKUSDT,failed,turnover_limit,149,0.03359878016006168,1.4122143287780722,0.08678446742440238,0.010371343644489439,0.0,0.08236248000000004
contextual_bandit,1,20260917,0,LTCUSDT,failed,turnover_limit,286,-0.009876392732185324,-0.062179199755648826,0.107302701447617,0.015996799989966302,0.0,0.13830219999999888
contextual_bandit,1,20260917,0,SOLUSDT,failed,turnover_limit,149,-0.047604607863755866,-1.6386039116704543,0.10318637082868332,0.012805904883829142,0.0,0.10391004000000026
contextual_bandit,1,20260917,0,XRPUSDT,failed,turnover_limit,316,-0.054848659838694136,-0.7938775393271492,0.1114720510454964,0.016869222853727682,0.0,0.08519805000000003
behavior_uniform,1,20260917,0,ADAUSDT,failed,turnover_limit,19,-0.0018476889973475519,-0.8801578639821395,0.010801447665850228,0.007282458604338404,0.0,1.9062534800000006
behavior_uniform,1,20260917,0,AVAXUSDT,failed,turnover_limit,19,0.00869048926388638,2.6556678339448285,0.02122400394486279,0.014057687686650944,0.0,0.06370428
behavior_uniform,1,20260917,0,BNBUSDT,failed,turnover_limit,19,-0.001230718836885858,-0.7439812175928361,0.008712288145215963,0.005836432825069959,0.0,0.05929712
behavior_uniform,1,20260917,0,BTCUSDT,failed,turnover_limit,19,-0.00979372206368645,-5.405595682441767,0.016914163627775758,0.008764272868274192,0.0,0.058973120000000004
behavior_uniform,1,20260917,0,DOGEUSDT,failed,turnover_limit,19,-0.009232791350977987,-4.7215837222152395,0.0160077383106888,0.007817679600995442,0.0,0.04630762
behavior_uniform,1,20260917,0,ETHUSDT,failed,turnover_limit,19,-0.010767641640066161,-4.8298067228820845,0.016631008687384874,0.009055310386637205,0.0,0.038080779999999995
behavior_uniform,1,20260917,0,LINKUSDT,failed,turnover_limit,21,-0.022777300590266614,-6.936336860250346,0.031295348028808956,0.01095550978730997,0.0,0.08452640000000002
behavior_uniform,1,20260917,0,LTCUSDT,failed,turnover_limit,19,-0.003603841489650761,-1.9056963298073173,0.012990238815048905,0.005099648932804457,0.0,0.04033938
behavior_uniform,1,20260917,0,SOLUSDT,failed,turnover_limit,19,-0.0062056145083270176,-2.2688649247282404,0.016488031652310053,0.007214531965492488,0.0,0.060604040000000005
behavior_uniform,1,20260917,0,XRPUSDT,failed,turnover_limit,19,0.0075523585942685045,5.396932421415223,0.003965287434431364,0.0034064145690276826,0.0,0.06894386000000001
behavior_clone,1,20260917,0,ADAUSDT,complete,,599,0.057053616245322125,0.5229581083245977,0.11379365198151492,0.01930903941216921,0.0,0.007221719999999999
behavior_clone,1,20260917,0,AVAXUSDT,failed,drawdown_limit,387,0.15553815738113674,1.3650387389949068,0.16054224225714742,0.02416876666683952,0.0,0.004090319999999999
behavior_clone,1,20260917,0,BNBUSDT,complete,,599,0.015540644770113632,0.2441030959308496,0.14158669037097882,0.013149493193477187,0.0,0.00436104
behavior_clone,1,20260917,0,BTCUSDT,complete,,599,0.1586962869494073,1.7184749254589993,0.08246913597591099,0.01143383471614826,0.0,0.004442539999999993
behavior_clone,1,20260917,0,DOGEUSDT,complete,,599,0.08777045693136731,0.7531757910298562,0.1446630861668603,0.017265516120873313,0.0,0.004141579999999986
behavior_clone,1,20260917,0,ETHUSDT,failed,drawdown_limit,414,0.04920902534118121,0.6655116094055078,0.15570473946831553,0.015998020943827174,0.0,0.00320459
behavior_clone,1,20260917,0,LINKUSDT,complete,,599,0.033621490936818654,0.3614942566881981,0.14704393855197317,0.017997517067937563,0.0,0.0038361999999999997
behavior_clone,1,20260917,0,LTCUSDT,complete,,599,0.11700564493118182,1.0294989002498949,0.12255723658491857,0.015186658506644505,0.0,0.004147939999999996
behavior_clone,1,20260917,0,SOLUSDT,failed,drawdown_limit,387,0.04266667126692236,0.5264527710088565,0.15272209776768397,0.023173860790550567,0.0,0.0029804
behavior_clone,1,20260917,0,XRPUSDT,failed,drawdown_limit,584,0.04271997561503316,0.4790283667766516,0.15451642576579072,0.016442267616862457,0.0,0.003614009999999998
ppo,1,11,1,ADAUSDT,failed,turnover_limit,18,-0.0014985089907016969,-0.3696095577713662,0.02434238534469446,0.013487625432400896,0.0,0.030529299999999995
ppo,1,11,1,AVAXUSDT,failed,turnover_limit,35,-0.02046279103272075,-2.622653715512183,0.03179985221514536,0.02005686483324176,0.0,0.06793001999999995
ppo,1,11,1,BNBUSDT,failed,turnover_limit,22,-0.0013521102779587846,-0.27555776360803286,0.028157058095380827,0.009091157243995396,0.0,0.06606092999999998
ppo,1,11,1,BTCUSDT,failed,turnover_limit,97,-0.013347311804832729,-1.0154641088835088,0.048780594200052096,0.011343585468116712,0.0,0.05847827999999992
ppo,1,11,1,DOGEUSDT,failed,turnover_limit,15,0.014716941500150016,5.254522434266375,0.009871717640856814,0.008719819845536603,0.0,0.16795729999999998
ppo,1,11,1,ETHUSDT,failed,turnover_limit,22,-0.009829986778574051,-2.6529382961341876,0.03341916256442201,0.010871226026136549,0.0,0.05676420999999998
ppo,1,11,1,LINKUSDT,failed,turnover_limit,2,-0.005818773392929133,-25.597776946908525,0.005818773392929133,0.00557016593441273,0.0,0.03928401
ppo,1,11,1,LTCUSDT,failed,turnover_limit,138,0.16887708245368027,5.65451390816998,0.03341509929523312,0.013151521714688443,0.0,0.05663260999999997
ppo,1,11,1,SOLUSDT,failed,turnover_limit,29,0.009849247854445409,1.551108634243562,0.029790450625106213,0.020382930433924584,0.0,0.09681651999999999
ppo,1,11,1,XRPUSDT,failed,turnover_limit,98,0.026258381273723375,2.270281155694704,0.023965543077308582,0.00859139448211863,0.0,0.08944618000000006
ppo,1,23,1,ADAUSDT,failed,turnover_limit,18,-0.00024366130140096587,0.017441600002469936,0.023814682454272207,0.015580704048621885,0.0,0.15325998999999987
ppo,1,23,1,AVAXUSDT,failed,turnover_limit,21,0.004161951921588747,0.9916979152097974,0.03179985221514536,0.014451257137626128,0.0,0.1061958
ppo,1,23,1,BNBUSDT,failed,turnover_limit,22,-0.00046163755661432493,-0.03569603649098309,0.027842464459503447,0.013178800810100755,0.0,0.06381864999999999
ppo,1,23,1,BTCUSDT,failed,turnover_limit,21,0.017647331223233254,5.8567676694259765,0.012862503133320713,0.006244599849594468,0.0,0.041623600000000004
ppo,1,23,1,DOGEUSDT,failed,turnover_limit,20,-0.005208880202799526,-1.403185161571755,0.02043640995146745,0.01843830006280811,0.0,0.06161626999999998
ppo,1,23,1,ETHUSDT,failed,turnover_limit,22,0.008138422874041762,2.3345447246612343,0.024740840718698087,0.010559489909762798,0.0,0.06291906999999997
ppo,1,23,1,LINKUSDT,failed,turnover_limit,2,0.0048080965194401415,21.195183785098585,0.00024999999999997247,0.00024999999999997247,0.0,0.01966099
ppo,1,23,1,LTCUSDT,failed,turnover_limit,18,-0.0031128153308357387,-1.2980351750284465,0.015720907079730173,0.011467927828371138,0.0,0.11133921999999986
ppo,1,23,1,SOLUSDT,failed,turnover_limit,21,0.020682840576009998,4.026497212742665,0.029790450625106213,0.016703951995490796,0.0,0.07077720000000001
ppo,1,23,1,XRPUSDT,failed,turnover_limit,23,0.0020199245312582104,0.7341723304495689,0.022423159062438303,0.009295363301696558,0.0,0.07952304
ppo,1,47,1,ADAUSDT,complete,,599,-0.055051542005216,-0.8162351404682355,0.06532957203038314,0.0087713222045153,0.0,0.04768645999999997
ppo,1,47,1,AVAXUSDT,complete,,599,-0.10007609564405595,-1.3781245843986607,0.11170263380614531,0.01063194805484352,0.0,0.061007559999999995
ppo,1,47,1,BNBUSDT,complete,,599,-0.04402405290173239,-1.0049632770452073,0.07213160879672653,0.006763012090032587,0.0,0.060338759999999984
ppo,1,47,1,BTCUSDT,failed,turnover_limit,191,0.020131732707241445,0.952861542011346,0.038756235256046545,0.008979691239361032,0.0,0.0530438
ppo,1,47,1,DOGEUSDT,failed,turnover_limit,242,-0.03070389166884302,-0.585147703926712,0.06233817721416246,0.012514370388494815,0.0,0.06448709000000004
ppo,1,47,1,ETHUSDT,failed,turnover_limit,346,-0.019663860475580885,-0.5175633665848464,0.04748080967387969,0.008093100859654319,0.0,0.07525675000000001
ppo,1,47,1,LINKUSDT,failed,turnover_limit,168,-0.030089821922872906,-0.968330297126787,0.07324585390781235,0.013661523831318197,0.0,0.04643625000000023
ppo,1,47,1,LTCUSDT,failed,turnover_limit,195,-0.042126342495502844,-1.257318529135463,0.08340189753038951,0.011534956135343877,0.0,0.06224480000000003
ppo,1,47,1,SOLUSDT,failed,turnover_limit,344,-0.03911247703861942,-0.6176055408499879,0.09124142349285691,0.012904253093152511,0.0,0.05066050999999992
ppo,1,47,1,XRPUSDT,failed,turnover_limit,303,-0.003956509659907459,-0.036622792628760656,0.06193488188137819,0.009141171942776319,0.0,0.07240292000000009
double_dqn,1,11,1,ADAUSDT,failed,turnover_limit,380,0.11451680600864966,1.833603738444224,0.07063096893686083,0.011705701345074293,0.0,0.12164004999999897
double_dqn,1,11,1,AVAXUSDT,failed,turnover_limit,42,-0.05600282595339123,-6.388810079566039,0.0643816222694008,0.01730843784022207,0.0,0.08613932999999986
double_dqn,1,11,1,BNBUSDT,complete,,599,0.06188520483566373,0.9787201451615999,0.06507773465481581,0.008180258600064256,0.0,0.09345589999999991
double_dqn,1,11,1,BTCUSDT,failed,turnover_limit,108,-0.029980176048145513,-1.7327505836822428,0.06687875515338593,0.014274388008188735,0.0,0.07255356999999996
double_dqn,1,11,1,DOGEUSDT,failed,turnover_limit,118,0.03248974041607511,1.674521664190649,0.05132124639076352,0.01199921692663708,0.0,0.09302450999999999
double_dqn,1,11,1,ETHUSDT,failed,turnover_limit,108,-0.012301754251445973,-0.6656598791012113,0.05703084801823244,0.01271946130856664,0.0,0.10037248999999998
double_dqn,1,11,1,LINKUSDT,failed,turnover_limit,214,-0.014594104343637948,-0.319528058874937,0.08117487798317313,0.013358094759968964,0.0,0.09888107
double_dqn,1,11,1,LTCUSDT,failed,turnover_limit,143,0.06770855238688722,2.318054124913621,0.07392507454831487,0.01524773907595657,0.0,0.11306178000000011
double_dqn,1,11,1,SOLUSDT,failed,turnover_limit,108,0.0014747293288448482,0.1874187349963099,0.06784246903970803,0.019723455080150814,0.0,0.09636701999999982
double_dqn,1,11,1,XRPUSDT,failed,drawdown_limit,465,-0.14465736106559457,-1.4569748675210257,0.18228884598415473,0.01700647122899529,0.0,0.08900360000000009
double_dqn,1,23,1,ADAUSDT,complete,,599,0.06291061485670046,1.1650503000505932,0.04063607601005437,0.007440066525674719,0.0,0.08593395999999998
double_dqn,1,23,1,AVAXUSDT,complete,,599,0.019906572299935865,0.3465448556649689,0.05928962107069646,0.00944992360651122,0.0,0.06943269999999997
double_dqn,1,23,1,BNBUSDT,complete,,599,0.04488578941363652,1.3732938646351232,0.020529821667625514,0.0040931986282983,0.0,0.08418707999999997
double_dqn,1,23,1,BTCUSDT,complete,,599,0.06143664062026999,1.7360272442544584,0.016018116544039174,0.0039075735806820295,0.001669449081803005,0.07212161999999991
double_dqn,1,23,1,DOGEUSDT,complete,,599,0.15625770554703933,1.994594871550213,0.04398770044046685,0.008223059068679187,0.0,0.08368715999999986
double_dqn,1,23,1,ETHUSDT,complete,,599,0.04772481444297716,1.4190715719390763,0.019606098131742855,0.004305697487491799,0.01001669449081803,0.07449967999999993
double_dqn,1,23,1,LINKUSDT,failed,turnover_limit,486,0.032764475694256445,0.6193228614888588,0.06380544034372349,0.00978660957505744,0.0,0.08681049999999987
double_dqn,1,23,1,LTCUSDT,failed,turnover_limit,351,0.03986231893853298,0.9674174347135547,0.07170198801001659,0.009714757737485584,0.0,0.0994755
double_dqn,1,23,1,SOLUSDT,failed,turnover_limit,447,0.021799276935186462,0.3792454731478311,0.14088038055122298,0.012585986735777006,0.0,0.10110306000000013
double_dqn,1,23,1,XRPUSDT,failed,turnover_limit,127,0.058969682424320435,3.4814162116853047,0.0282160458130829,0.007333628110803657,0.0,0.11311423999999999
double_dqn,1,47,1,ADAUSDT,complete,,599,-0.07011053897529218,-0.9856000828261814,0.11375936170375989,0.008927872057656383,0.0,0.06189241999999992
double_dqn,1,47,1,AVAXUSDT,complete,,599,-0.08903726747465668,-1.2113283641313763,0.1376125873863614,0.010295882265480135,0.0,0.06365907999999998
double_dqn,1,47,1,BNBUSDT,complete,,599,-0.0664308837807761,-1.300851791027989,0.08641327467131943,0.007416054159303084,0.0,0.047686159999999825
double_dqn,1,47,1,BTCUSDT,complete,,599,0.041875826529804705,0.832849153089014,0.05584997582017526,0.006441885918805527,0.001669449081803005,0.059120939999999955
double_dqn,1,47,1,DOGEUSDT,complete,,599,-0.09859946400823205,-1.249693048412355,0.11594683768621183,0.009677262539296365,0.0,0.056017839999999944
double_dqn,1,47,1,ETHUSDT,complete,,599,0.006853978770993363,0.17378208873838563,0.05381039674184329,0.007466824880445515,0.01001669449081803,0.036295899999999985
double_dqn,1,47,1,LINKUSDT,complete,,599,-0.08857560783509333,-1.2426950099948442,0.10503382841399955,0.009919941371726226,0.0,0.047137719999999876
double_dqn,1,47,1,LTCUSDT,complete,,599,-0.12184025150640121,-1.5149519953253867,0.13504241768298808,0.011719700839052164,0.0,0.04373791999999999
double_dqn,1,47,1,SOLUSDT,failed,drawdown_limit,364,-0.15290920586855739,-2.5199347356857213,0.1831413428170846,0.01454410326982536,0.0,0.037802890000000006
double_dqn,1,47,1,XRPUSDT,complete,,599,-0.006246720736425404,-0.017379802528154714,0.11555627919743783,0.009633692703026338,0.0,0.048344759999999994
cql,1,11,1,ADAUSDT,failed,drawdown_limit,400,-0.1174908389506284,-1.8234039194703506,0.15673575289686403,0.01280173349441282,0.0,0.03212037
cql,1,11,1,AVAXUSDT,complete,,599,0.04672130864076518,0.5621802031882442,0.13394703132042984,0.012525814302153862,0.0,0.03424935999999997
cql,1,11,1,BNBUSDT,complete,,599,-0.04420859305940261,-0.6320408813900311,0.10557992979609776,0.009416973953162338,0.0,0.02986933999999997
cql,1,11,1,BTCUSDT,complete,,599,-0.045887016856862806,-0.707457641837059,0.11530809625267191,0.009027508451761502,0.001669449081803005,0.030583779999999974
cql,1,11,1,DOGEUSDT,failed,turnover_limit,163,0.03728126974591306,1.1232824067477396,0.07966811869001,0.014490043526642873,0.0,0.026191299999999997
cql,1,11,1,ETHUSDT,complete,,599,0.033419473187901394,0.5735599401999542,0.061471416291341785,0.008511209407319338,0.01001669449081803,0.028328719999999998
cql,1,11,1,LINKUSDT,failed,drawdown_limit,400,-0.11435620768741017,-1.851567632233289,0.15314111128651353,0.013530486576216454,0.0,0.04012174999999993
cql,1,11,1,LTCUSDT,failed,drawdown_limit,98,-0.13702781612977388,-7.79531712061282,0.15153514440824956,0.020367739140882857,0.0,0.02887673000000002
cql,1,11,1,SOLUSDT,failed,drawdown_limit,364,-0.11868659314777052,-1.6718418062741214,0.15504604219214924,0.015960409362391337,0.0,0.031653
cql,1,11,1,XRPUSDT,failed,capital_floor,465,-0.2107124218186187,-2.2936355661001766,0.23021568196215025,0.01735008528418108,0.0,0.034406800000000015
cql,1,23,1,ADAUSDT,failed,turnover_limit,469,-0.006661818386154428,0.006400413877431408,0.14491086983573398,0.01172722244443189,0.0,0.035110039999999995
cql,1,23,1,AVAXUSDT,failed,drawdown_limit,364,-0.13904219513384786,-2.377156184516447,0.15251707001042758,0.014582739435692887,0.0,0.04552318
cql,1,23,1,BNBUSDT,complete,,599,-0.060032687415747854,-0.9034134004061136,0.10433227606895701,0.009362831535672614,0.0,0.036994379999999945
cql,1,23,1,BTCUSDT,complete,,599,0.03621771534844709,0.6345035395211089,0.0564924858200514,0.007817401537305283,0.001669449081803005,0.032225439999999994
cql,1,23,1,DOGEUSDT,failed,turnover_limit,163,0.012695182571491381,0.4681101070414808,0.07966811869001,0.014490043587330316,0.0,0.03235071999999997
cql,1,23,1,ETHUSDT,complete,,599,0.026153194787699396,0.4629336448936645,0.061471416291341785,0.008511209407319338,0.01001669449081803,0.033167119999999994
cql,1,23,1,LINKUSDT,complete,,599,-0.07083959689877484,-0.7198032695977823,0.1390044725287859,0.01200954136259703,0.0,0.030672579999999987
cql,1,23,1,LTCUSDT,failed,turnover_limit,425,-0.04468392401186816,-0.6017769685331524,0.1281559048045986,0.013415423328945115,0.0,0.02716823999999999
cql,1,23,1,SOLUSDT,failed,drawdown_limit,364,-0.11737973688836245,-1.7628588857361727,0.1530934461029979,0.015275605695091543,0.0,0.02654620000000001
cql,1,23,1,XRPUSDT,failed,turnover_limit,465,0.22275830958263998,2.1538304071586007,0.0669234761270937,0.010304621271471429,0.0,0.07336868000000003
cql,1,47,1,ADAUSDT,complete,,599,0.07559606950963604,0.859810961379423,0.10445280698303883,0.012636818056601828,0.0,0.04671753999999991
cql,1,47,1,AVAXUSDT,complete,,599,0.13183507394526184,1.3709832523887258,0.10904695858735469,0.012048235199594493,0.0,0.03453335999999996
cql,1,47,1,BNBUSDT,complete,,599,0.055203213365283776,0.8817579621599135,0.07096080240456537,0.008257405508683277,0.0,0.02599555999999999
cql,1,47,1,BTCUSDT,complete,,599,-0.045887016856862806,-0.707457641837059,0.11530809625267191,0.009027508451761502,0.001669449081803005,0.02767843999999998
cql,1,47,1,DOGEUSDT,complete,,599,0.046969461670079315,0.5565231297309378,0.11559797378122783,0.012496535074330335,0.0,0.02451146
cql,1,47,1,ETHUSDT,complete,,599,-0.03878355401399225,-0.563526001159324,0.10090578128341066,0.009140053828058365,0.01001669449081803,0.029633999999999994
cql,1,47,1,LINKUSDT,complete,,599,0.02319043624138173,0.33221102181070644,0.1270391554619995,0.012473913371398826,0.0,0.02843833999999999
cql,1,47,1,LTCUSDT,complete,,599,0.0653927230603506,0.7210359359021469,0.14633168074902625,0.012947540029082353,0.0,0.02714364
cql,1,47,1,SOLUSDT,failed,drawdown_limit,466,-0.10426428247154884,-1.0502194238851565,0.17059722494946372,0.01700981054862417,0.0,0.02838750000000002
cql,1,47,1,XRPUSDT,failed,drawdown_limit,465,-0.13112003224865,-1.297783973127958,0.18228884598415274,0.016756286756538636,0.0,0.025283880000000026
cql_no_inventory_penalty,1,11,1,ADAUSDT,failed,drawdown_limit,400,-0.1174908389506284,-1.8234039194703506,0.15673575289686403,0.01280173349441282,0.0,0.022359079999999996
cql_no_inventory_penalty,1,11,1,AVAXUSDT,complete,,599,0.04672130864076518,0.5621802031882442,0.13394703132042984,0.012525814302153862,0.0,0.020567139999999973
cql_no_inventory_penalty,1,11,1,BNBUSDT,complete,,599,-0.04420859305940261,-0.6320408813900311,0.10557992979609776,0.009416973953162338,0.0,0.02080612
cql_no_inventory_penalty,1,11,1,BTCUSDT,complete,,599,-0.045887016856862806,-0.707457641837059,0.11530809625267191,0.009027508451761502,0.001669449081803005,0.03372371999999999
cql_no_inventory_penalty,1,11,1,DOGEUSDT,failed,turnover_limit,163,0.03728126974591306,1.1232824067477396,0.07966811869001,0.014490043526642873,0.0,0.017442499999999996
cql_no_inventory_penalty,1,11,1,ETHUSDT,complete,,599,0.033419473187901394,0.5735599401999542,0.061471416291341785,0.008511209407319338,0.01001669449081803,0.021869319999999987
cql_no_inventory_penalty,1,11,1,LINKUSDT,failed,drawdown_limit,400,-0.11435620768741017,-1.851567632233289,0.15314111128651353,0.013530486576216454,0.0,0.02054444999999998
cql_no_inventory_penalty,1,11,1,LTCUSDT,failed,drawdown_limit,98,-0.13702781612977388,-7.79531712061282,0.15153514440824956,0.020367739140882857,0.0,0.02168465
cql_no_inventory_penalty,1,11,1,SOLUSDT,failed,drawdown_limit,364,-0.11868659314777052,-1.6718418062741214,0.15504604219214924,0.015960409362391337,0.0,0.019262750000000002
cql_no_inventory_penalty,1,11,1,XRPUSDT,failed,capital_floor,465,-0.2107124218186187,-2.2936355661001766,0.23021568196215025,0.01735008528418108,0.0,0.022014520000000017
cql_no_inventory_penalty,1,23,1,ADAUSDT,failed,turnover_limit,469,-0.006661818386154428,0.006400413877431408,0.14491086983573398,0.01172722244443189,0.0,0.020481519999999996
cql_no_inventory_penalty,1,23,1,AVAXUSDT,failed,drawdown_limit,364,-0.13904219513384786,-2.377156184516447,0.15251707001042758,0.014582739435692887,0.0,0.04121774000000002
cql_no_inventory_penalty,1,23,1,BNBUSDT,complete,,599,-0.060032687415747854,-0.9034134004061136,0.10433227606895701,0.009362831535672614,0.0,0.029044779999999992
cql_no_inventory_penalty,1,23,1,BTCUSDT,complete,,599,0.03621771534844709,0.6345035395211089,0.0564924858200514,0.007817401537305283,0.001669449081803005,0.03028325999999992
cql_no_inventory_penalty,1,23,1,DOGEUSDT,failed,turnover_limit,163,0.012695182571491381,0.4681101070414808,0.07966811869001,0.014490043587330316,0.0,0.03629625999999997
cql_no_inventory_penalty,1,23,1,ETHUSDT,complete,,599,0.026153194787699396,0.4629336448936645,0.061471416291341785,0.008511209407319338,0.01001669449081803,0.033992379999999996
cql_no_inventory_penalty,1,23,1,LINKUSDT,complete,,599,-0.07083959689877484,-0.7198032695977823,0.1390044725287859,0.01200954136259703,0.0,0.03560803999999997
cql_no_inventory_penalty,1,23,1,LTCUSDT,failed,turnover_limit,425,-0.04468392401186816,-0.6017769685331524,0.1281559048045986,0.013415423328945115,0.0,0.03768547999999999
cql_no_inventory_penalty,1,23,1,SOLUSDT,failed,drawdown_limit,364,-0.11737973688836245,-1.7628588857361727,0.1530934461029979,0.015275605695091543,0.0,0.024081210000000002
cql_no_inventory_penalty,1,23,1,XRPUSDT,failed,turnover_limit,465,0.22275830958263998,2.1538304071586007,0.0669234761270937,0.010304621271471429,0.0,0.04194656000000014
cql_no_inventory_penalty,1,47,1,ADAUSDT,complete,,599,0.07559606950963604,0.859810961379423,0.10445280698303883,0.012636818056601828,0.0,0.024004319999999937
cql_no_inventory_penalty,1,47,1,AVAXUSDT,complete,,599,0.13183507394526184,1.3709832523887258,0.10904695858735469,0.012048235199594493,0.0,0.020173239999999988
cql_no_inventory_penalty,1,47,1,BNBUSDT,complete,,599,0.055203213365283776,0.8817579621599135,0.07096080240456537,0.008257405508683277,0.0,0.023668879999999975
cql_no_inventory_penalty,1,47,1,BTCUSDT,complete,,599,-0.045887016856862806,-0.707457641837059,0.11530809625267191,0.009027508451761502,0.001669449081803005,0.0446981399999999
cql_no_inventory_penalty,1,47,1,DOGEUSDT,complete,,599,0.046969461670079315,0.5565231297309378,0.11559797378122783,0.012496535074330335,0.0,0.057997979999999894
cql_no_inventory_penalty,1,47,1,ETHUSDT,complete,,599,-0.03878355401399225,-0.563526001159324,0.10090578128341066,0.009140053828058365,0.01001669449081803,0.059640559999999954
cql_no_inventory_penalty,1,47,1,LINKUSDT,complete,,599,0.02319043624138173,0.33221102181070644,0.1270391554619995,0.012473913371398826,0.0,0.04865321999999995
cql_no_inventory_penalty,1,47,1,LTCUSDT,complete,,599,0.0653927230603506,0.7210359359021469,0.14633168074902625,0.012947540029082353,0.0,0.03239501999999999
cql_no_inventory_penalty,1,47,1,SOLUSDT,failed,drawdown_limit,466,-0.10426428247154884,-1.0502194238851565,0.17059722494946372,0.01700981054862417,0.0,0.04042510000000014
cql_no_inventory_penalty,1,47,1,XRPUSDT,failed,drawdown_limit,465,-0.13112003224865,-1.297783973127958,0.18228884598415274,0.016756286756538636,0.0,0.02375124000000001
cash,1,20260917,1,ADAUSDT,complete,,599,0.0,,0.0,-0.0,0.0,0.002539639999999998
cash,1,20260917,1,AVAXUSDT,complete,,599,0.0,,0.0,-0.0,0.0,0.00286622
cash,1,20260917,1,BNBUSDT,complete,,599,0.0,,0.0,-0.0,0.0,0.003307639999999994
cash,1,20260917,1,BTCUSDT,complete,,599,0.0,,0.0,-0.0,0.001669449081803005,0.002061999999999999
cash,1,20260917,1,DOGEUSDT,complete,,599,0.0,,0.0,-0.0,0.0,0.001971
cash,1,20260917,1,ETHUSDT,complete,,599,0.0,,0.0,-0.0,0.01001669449081803,0.0017901999999999998
cash,1,20260917,1,LINKUSDT,complete,,599,0.0,,0.0,-0.0,0.0,0.0018930599999999998
cash,1,20260917,1,LTCUSDT,complete,,599,0.0,,0.0,-0.0,0.0,0.002113019999999993
cash,1,20260917,1,SOLUSDT,complete,,599,0.0,,0.0,-0.0,0.0,0.001921
cash,1,20260917,1,XRPUSDT,complete,,599,0.0,,0.0,-0.0,0.0,0.0019714399999999997
constant_long,1,20260917,1,ADAUSDT,complete,,599,-0.07730861995419425,-0.7626012181038957,0.14491086983573487,0.011574280343700815,0.0,0.0021265999999999993
constant_long,1,20260917,1,AVAXUSDT,failed,drawdown_limit,570,-0.1301198457765783,-1.4053431910770853,0.15447670195108054,0.013538733901710434,0.0,0.002822429999999959
constant_long,1,20260917,1,BNBUSDT,complete,,599,-0.0631788591995126,-0.938656125522053,0.10733017236059827,0.009599997005471601,0.0,0.0024555799999999976
constant_long,1,20260917,1,BTCUSDT,complete,,599,0.03621771534844709,0.6345035395211089,0.0564924858200514,0.007817401537305283,0.001669449081803005,0.002154059999999999
constant_long,1,20260917,1,DOGEUSDT,complete,,599,-0.06625419669726407,-0.6067094182396648,0.1138169773886325,0.01254188569547063,0.0,0.0026330999999999998
constant_long,1,20260917,1,ETHUSDT,complete,,599,0.026153194787699396,0.4629336448936645,0.061471416291341785,0.008511209407319338,0.01001669449081803,0.0020640999999999993
constant_long,1,20260917,1,LINKUSDT,complete,,599,-0.0426893119512759,-0.38725201160612244,0.1278430617322175,0.012009541347536335,0.0,0.0019294399999999995
constant_long,1,20260917,1,LTCUSDT,complete,,599,-0.0784965046537276,-0.7195584365692083,0.1321501911892159,0.014216241792199654,0.0,0.002058879999999999
constant_long,1,20260917,1,SOLUSDT,complete,,599,0.005214496509786226,0.15017175740057345,0.1291245165436209,0.014208937366771797,0.0,0.0020525999999999995
constant_long,1,20260917,1,XRPUSDT,complete,,599,0.10491928547350993,0.9329855347093613,0.11390982245088477,0.011624912417963863,0.0,0.0021294799999999965
constant_short,1,20260917,1,ADAUSDT,complete,,599,0.06079261010257664,0.709290559370158,0.10544780103933116,0.012650943039530944,0.0,0.00196512
constant_short,1,20260917,1,AVAXUSDT,complete,,599,0.13183507394526184,1.3709832523887258,0.10904695858735469,0.012048235199594493,0.0,0.0019923799999999993
constant_short,1,20260917,1,BNBUSDT,complete,,599,0.055203213365283776,0.8817579621599135,0.07096080240456537,0.008257405508683277,0.0,0.0020797999999999967
constant_short,1,20260917,1,BTCUSDT,complete,,599,-0.045887016856862806,-0.707457641837059,0.11530809625267191,0.009027508451761502,0.001669449081803005,0.0018780199999999998
constant_short,1,20260917,1,DOGEUSDT,complete,,599,0.046969461670079315,0.5565231297309378,0.11559797378122783,0.012496535074330335,0.0,0.0018942999999999987
constant_short,1,20260917,1,ETHUSDT,complete,,599,-0.037181570932707686,-0.5357413193188681,0.10090578128341066,0.009140053828058365,0.01001669449081803,0.0018962399999999998
constant_short,1,20260917,1,LINKUSDT,complete,,599,0.02319043624138173,0.33221102181070644,0.1270391554619995,0.012473913371398826,0.0,0.0018388399999999991
constant_short,1,20260917,1,LTCUSDT,failed,drawdown_limit,432,-0.07017899930887261,-0.8371304509213843,0.15106738083388294,0.014593684902586002,0.0,0.00225369
constant_short,1,20260917,1,SOLUSDT,failed,drawdown_limit,466,-0.10426428247154884,-1.0502194238851565,0.17059722494946372,0.01700981054862417,0.0,0.00193575
constant_short,1,20260917,1,XRPUSDT,failed,capital_floor,465,-0.20795460814839872,-2.2349531299754783,0.22752601374223824,0.017661768695380647,0.0,0.0018776800000000016
historical_mean,1,20260917,1,ADAUSDT,complete,,599,-0.07730861995419425,-0.7626012181038957,0.14491086983573487,0.011574280343700815,0.0,0.21131167999999909
historical_mean,1,20260917,1,AVAXUSDT,failed,drawdown_limit,570,-0.1301198457765783,-1.4053431910770853,0.15447670195108054,0.013538733901710434,0.0,0.14156984999999858
historical_mean,1,20260917,1,BNBUSDT,complete,,599,-0.0631788591995126,-0.938656125522053,0.10733017236059827,0.009599997005471601,0.0,0.15324607999999948
historical_mean,1,20260917,1,BTCUSDT,complete,,599,0.03621771534844709,0.6345035395211089,0.0564924858200514,0.007817401537305283,0.001669449081803005,0.040108619999999984
historical_mean,1,20260917,1,DOGEUSDT,complete,,599,-0.06625419669726407,-0.6067094182396648,0.1138169773886325,0.01254188569547063,0.0,0.04051719999999995
historical_mean,1,20260917,1,ETHUSDT,complete,,599,0.026153194787699396,0.4629336448936645,0.061471416291341785,0.008511209407319338,0.01001669449081803,0.06084485999999952
historical_mean,1,20260917,1,LINKUSDT,complete,,599,-0.0426893119512759,-0.38725201160612244,0.1278430617322175,0.012009541347536335,0.0,0.042635359999999976
historical_mean,1,20260917,1,LTCUSDT,complete,,599,-0.0784965046537276,-0.7195584365692083,0.1321501911892159,0.014216241792199654,0.0,0.04146154
historical_mean,1,20260917,1,SOLUSDT,complete,,599,0.005214496509786226,0.15017175740057345,0.1291245165436209,0.014208937366771797,0.0,0.04303412
historical_mean,1,20260917,1,XRPUSDT,complete,,599,0.10491928547350993,0.9329855347093613,0.11390982245088477,0.011624912417963863,0.0,0.05260133999999994
last_return,1,20260917,1,ADAUSDT,failed,turnover_limit,8,0.00925255863768526,6.447507661879988,0.005421432782103164,0.002258956007845425,0.0,0.04264095
last_return,1,20260917,1,AVAXUSDT,failed,turnover_limit,8,0.015486879677239163,7.748212439634872,0.006067278726904601,0.003766652432377726,0.0,0.06006776999999999
last_return,1,20260917,1,BNBUSDT,failed,turnover_limit,8,0.0026970328389224196,2.747387189032376,0.004148375137089433,0.00301206014841493,0.0,0.04071576
last_return,1,20260917,1,BTCUSDT,failed,turnover_limit,8,0.006311734357979049,7.460707561090137,0.0023448930360187026,0.0012400912090579919,0.0,0.03495968
last_return,1,20260917,1,DOGEUSDT,failed,turnover_limit,8,0.009949039497796353,5.853458533884766,0.008056285564649102,0.002852947318756738,0.0,0.034240519999999997
last_return,1,20260917,1,ETHUSDT,failed,turnover_limit,4,0.013070482221712254,16.710263999654412,0.0005736552358771574,0.0003237361699196528,0.0,0.035093200000000005
last_return,1,20260917,1,LINKUSDT,failed,turnover_limit,8,-0.01757140708558247,-9.259939131236536,0.02251684856724534,0.02052038254248656,0.0,0.03399882
last_return,1,20260917,1,LTCUSDT,failed,turnover_limit,6,0.012743543440893346,13.801065305651276,0.0025867057518709213,0.0025867057518709213,0.0,0.035824650000000006
last_return,1,20260917,1,SOLUSDT,failed,turnover_limit,8,0.007755643133171342,3.3246900601703913,0.016625862948771886,0.007926518960615803,0.0,0.034513590000000004
last_return,1,20260917,1,XRPUSDT,failed,turnover_limit,4,0.01480680529663525,21.11179905853237,0.00024999999999997247,0.00024999999999997247,0.0,0.03382084
momentum,1,20260917,1,ADAUSDT,failed,turnover_limit,9,0.01144467114283998,7.323465371388275,0.007578131591790105,0.004672084525344178,0.0,0.03258028
momentum,1,20260917,1,AVAXUSDT,failed,turnover_limit,9,0.021008032240587893,10.100769431397776,0.0037666526506200393,0.0037666526506200393,0.0,0.036177
momentum,1,20260917,1,BNBUSDT,failed,turnover_limit,9,0.008439522868975313,8.281038016948509,0.004243675885020171,0.0020321470219603066,0.0,0.04140512
momentum,1,20260917,1,BTCUSDT,failed,turnover_limit,9,0.008630348231766005,9.659195909604918,0.002886624509144675,0.0016685769665423233,0.0,0.03311972
momentum,1,20260917,1,DOGEUSDT,failed,turnover_limit,9,0.015228351169788823,8.615051989123737,0.004613567767327353,0.0027458641033660802,0.0,0.032733319999999996
momentum,1,20260917,1,ETHUSDT,failed,turnover_limit,13,0.013095900996885845,7.900406806044918,0.005966315652206844,0.003399362719404664,0.0,0.03249524
momentum,1,20260917,1,LINKUSDT,failed,turnover_limit,2,-0.005818773392929133,-25.597776946908525,0.005818773392929133,0.00557016593441273,0.0,0.032584289999999995
momentum,1,20260917,1,LTCUSDT,failed,turnover_limit,7,0.006859835449321672,6.415396477382437,0.0054236848306774554,0.0036496610657098527,0.0,0.039892279999999995
momentum,1,20260917,1,SOLUSDT,failed,turnover_limit,10,0.01962189595345154,7.507527758580533,0.009479678764526489,0.007185665947198716,0.0,0.032845990000000005
momentum,1,20260917,1,XRPUSDT,failed,turnover_limit,4,0.009535749254265813,10.885093047508228,0.0054398933240427105,0.005191191121823202,0.0,0.03253539
reversal,1,20260917,1,ADAUSDT,failed,turnover_limit,9,-0.012639242517660687,-8.093592509362356,0.01959349982608083,0.015580704048621885,0.0,0.04117556
reversal,1,20260917,1,AVAXUSDT,failed,turnover_limit,9,-0.022132137372308014,-10.654985101965174,0.024967048818611226,0.02197956097221787,0.0,0.03380608
reversal,1,20260917,1,BNBUSDT,failed,turnover_limit,9,-0.009518354378650007,-9.418901028852368,0.01321466370593738,0.010183572836960697,0.0,0.03289048
reversal,1,20260917,1,BTCUSDT,failed,turnover_limit,9,-0.00967408976803752,-11.0189382958396,0.012030827311050318,0.008994814869060508,0.0,0.036216399999999996
reversal,1,20260917,1,DOGEUSDT,failed,turnover_limit,9,-0.016405921726914352,-9.24906536180889,0.02043640995146745,0.01843830006280811,0.0,0.03784532
reversal,1,20260917,1,ETHUSDT,failed,turnover_limit,13,-0.01518354104724473,-9.141021984699519,0.018698675559769784,0.01344752256608217,0.0,0.04998148
reversal,1,20260917,1,LINKUSDT,failed,turnover_limit,2,0.0048080965194401415,21.195183785098585,0.00024999999999997247,0.00024999999999997247,0.0,0.03433143
reversal,1,20260917,1,LTCUSDT,failed,turnover_limit,7,-0.008012166796754427,-7.464409747446459,0.012873151353520629,0.011467927828371138,0.0,0.04074418
reversal,1,20260917,1,SOLUSDT,failed,turnover_limit,10,-0.021038458658348635,-7.943363028168285,0.029790450625106213,0.023932357114346714,0.0,0.04340045000000001
reversal,1,20260917,1,XRPUSDT,failed,turnover_limit,4,-0.01161058701195783,-12.493108565189486,0.016458807419701182,0.013077775728967622,0.0,0.040998360000000005
ridge_optimizer,1,20260917,1,ADAUSDT,failed,turnover_limit,4,-0.015324624262993636,-16.07297809947616,0.016614653665232404,0.015580704048621885,0.0,0.07836623
ridge_optimizer,1,20260917,1,AVAXUSDT,failed,turnover_limit,4,-0.019840780559275628,-14.199954700583476,0.023267246715847012,0.02197956097221787,0.0,0.05141466
ridge_optimizer,1,20260917,1,BNBUSDT,failed,turnover_limit,23,0.03539884187569009,10.544057551817168,0.008134586779157349,0.005638412927424119,0.0,0.05866924000000001
ridge_optimizer,1,20260917,1,BTCUSDT,failed,turnover_limit,11,0.002639078635477743,11.517835480173881,0.0007358210766292839,0.0007358210766292839,0.0,0.0493549
ridge_optimizer,1,20260917,1,DOGEUSDT,failed,turnover_limit,4,-0.0160412996001561,-13.641537291648532,0.01848495960919916,0.01843830006280811,0.0,0.05085249
ridge_optimizer,1,20260917,1,ETHUSDT,failed,turnover_limit,11,0.00590827045375697,10.747050240046335,0.0015548218200287511,0.0015548218200287511,0.0,0.0708372
ridge_optimizer,1,20260917,1,LINKUSDT,failed,turnover_limit,20,0.006118686827585096,1.8440350413801894,0.021770201921607946,0.02052038254248656,0.0,0.05649762999999999
ridge_optimizer,1,20260917,1,LTCUSDT,failed,turnover_limit,11,-0.009130392926848474,-6.680623822194481,0.012873151353520629,0.011467927828371138,0.0,0.0583665
ridge_optimizer,1,20260917,1,SOLUSDT,failed,turnover_limit,4,-0.01854486531501076,-11.37593806694988,0.02528925836234197,0.023932357114346714,0.0,0.05782383
ridge_optimizer,1,20260917,1,XRPUSDT,failed,turnover_limit,4,0.002667864433962386,14.663066718289993,0.00024999999999997247,0.00024999999999997247,0.0,0.05051
logistic,1,20260917,1,ADAUSDT,complete,,599,0.010430661390562923,0.6165257447344688,0.011265263915760104,0.0003838421305253359,0.0,0.04134227999999998
logistic,1,20260917,1,AVAXUSDT,complete,,599,-0.00395343079037247,-1.563203576756273,0.00395343079037247,0.0001318465932035995,0.0,0.04002777999999999
logistic,1,20260917,1,BNBUSDT,complete,,599,0.0,,0.0,-0.0,0.0,0.040870299999999964
logistic,1,20260917,1,BTCUSDT,complete,,599,0.0,,0.0,-0.0,0.001669449081803005,0.03842083999999999
logistic,1,20260917,1,DOGEUSDT,complete,,599,0.0,,0.0,-0.0,0.0,0.03751001999999994
logistic,1,20260917,1,ETHUSDT,complete,,599,0.0,,0.0,-0.0,0.01001669449081803,0.03797036
logistic,1,20260917,1,LINKUSDT,complete,,599,-0.006731359044767959,-1.9823638969288864,0.006731359044767959,0.00022478321760560266,0.0,0.04177408
logistic,1,20260917,1,LTCUSDT,complete,,599,0.0,,0.0,-0.0,0.0,0.0372628
logistic,1,20260917,1,SOLUSDT,complete,,599,0.020639138314301197,1.3919768824448324,0.006677063860017096,0.00023129805988102807,0.0,0.03630799999999999
logistic,1,20260917,1,XRPUSDT,complete,,599,0.013932451574828475,0.9487539656432387,0.0028233447627015185,0.00018648123776217793,0.0,0.034423679999999984
contextual_bandit,1,20260917,1,ADAUSDT,complete,,599,-0.06420645102271105,-0.6222968531023305,0.14375283414165674,0.012234451462724874,0.0,0.032062039999999986
contextual_bandit,1,20260917,1,AVAXUSDT,failed,turnover_limit,4,-0.019840780559275628,-14.199954700583476,0.023267246715847012,0.02197956097221787,0.0,0.03020501
contextual_bandit,1,20260917,1,BNBUSDT,complete,,599,0.02967652926241482,0.510299079790714,0.05794767537969647,0.00847382605244581,0.0,0.029146559999999978
contextual_bandit,1,20260917,1,BTCUSDT,complete,,599,0.04505974934053025,0.825031101441493,0.07651763516207222,0.008254793644498049,0.001669449081803005,0.03312854
contextual_bandit,1,20260917,1,DOGEUSDT,failed,turnover_limit,7,-0.018038538866778087,-11.694026819329649,0.02043640995146745,0.01843830006280811,0.0,0.028069059999999996
contextual_bandit,1,20260917,1,ETHUSDT,failed,turnover_limit,232,-0.12912538784130023,-4.3194850724069775,0.1498841696175427,0.012934901395612292,0.0,0.03002077
contextual_bandit,1,20260917,1,LINKUSDT,failed,drawdown_limit,96,-0.14613658300951704,-9.061164004131163,0.1504348410127091,0.01833645257751624,0.0,0.027818599999999992
contextual_bandit,1,20260917,1,LTCUSDT,failed,turnover_limit,103,-0.011385879442011748,-0.4276576764307687,0.0739250745483151,0.017546381169282865,0.0,0.03350626
contextual_bandit,1,20260917,1,SOLUSDT,failed,turnover_limit,4,-0.01854486531501076,-11.37593806694988,0.02528925836234197,0.023932357114346714,0.0,0.0267564
contextual_bandit,1,20260917,1,XRPUSDT,failed,turnover_limit,145,-0.10161196230880065,-4.171434574273786,0.11021856826731957,0.016614498400194563,0.0,0.03190608
behavior_uniform,1,20260917,1,ADAUSDT,failed,turnover_limit,20,0.00537894645610848,3.8955335660162294,0.005398669798899913,0.005149957288221985,0.0,0.03186636999999999
behavior_uniform,1,20260917,1,AVAXUSDT,failed,turnover_limit,20,0.008253560480400823,5.059851877393753,0.00498683289428703,0.004155847684444325,0.0,0.024822359999999995
behavior_uniform,1,20260917,1,BNBUSDT,failed,turnover_limit,19,-0.0022779842644082837,-1.620154088162467,0.010307003558598593,0.005138882223173158,0.0,0.02942212
behavior_uniform,1,20260917,1,BTCUSDT,failed,turnover_limit,20,0.008709089960813987,7.06223097954799,0.0023251147583192022,0.0018697330887307295,0.0,0.02479967
behavior_uniform,1,20260917,1,DOGEUSDT,failed,turnover_limit,19,-0.007787692660173762,-4.390689301457979,0.01103233768247558,0.007398007225762782,0.0,0.026231940000000002
behavior_uniform,1,20260917,1,ETHUSDT,failed,turnover_limit,20,0.013834786374121943,11.715808988432176,0.002139984778463444,0.0017265166275545196,0.0,0.03122421
behavior_uniform,1,20260917,1,LINKUSDT,failed,turnover_limit,20,0.007590396605799965,6.893680298159017,0.003687670222235595,0.0022397120409994864,0.0,0.03160481
behavior_uniform,1,20260917,1,LTCUSDT,failed,turnover_limit,19,-0.004728698391469832,-4.871439532925804,0.004728698391469832,0.003898749795936851,0.0,0.02601304
behavior_uniform,1,20260917,1,SOLUSDT,failed,turnover_limit,20,0.01292752658342855,5.15534578297839,0.012678738005882706,0.007443529488333267,0.0,0.028472559999999994
behavior_uniform,1,20260917,1,XRPUSDT,failed,turnover_limit,19,-0.0033202351180428025,-3.1426792815191185,0.005531065363815646,0.004255170998157087,0.0,0.029977020000000004
behavior_clone,1,20260917,1,ADAUSDT,complete,,599,0.06079261010257664,0.709290559370158,0.10544780103933116,0.012650943039530944,0.0,0.001633199999999999
behavior_clone,1,20260917,1,AVAXUSDT,complete,,599,0.13183507394526184,1.3709832523887258,0.10904695858735469,0.012048235199594493,0.0,0.0016875999999999994
behavior_clone,1,20260917,1,BNBUSDT,complete,,599,0.055203213365283776,0.8817579621599135,0.07096080240456537,0.008257405508683277,0.0,0.002571919999999998
behavior_clone,1,20260917,1,BTCUSDT,complete,,599,-0.045887016856862806,-0.707457641837059,0.11530809625267191,0.009027508451761502,0.001669449081803005,0.002155799999999999
behavior_clone,1,20260917,1,DOGEUSDT,complete,,599,0.046969461670079315,0.5565231297309378,0.11559797378122783,0.012496535074330335,0.0,0.00201416
behavior_clone,1,20260917,1,ETHUSDT,complete,,599,-0.037181570932707686,-0.5357413193188681,0.10090578128341066,0.009140053828058365,0.01001669449081803,0.0027747799999999967
behavior_clone,1,20260917,1,LINKUSDT,complete,,599,0.02319043624138173,0.33221102181070644,0.1270391554619995,0.012473913371398826,0.0,0.00209706
behavior_clone,1,20260917,1,LTCUSDT,failed,drawdown_limit,432,-0.07017899930887261,-0.8371304509213843,0.15106738083388294,0.014593684902586002,0.0,0.0022039999999999994
behavior_clone,1,20260917,1,SOLUSDT,failed,drawdown_limit,466,-0.10426428247154884,-1.0502194238851565,0.17059722494946372,0.01700981054862417,0.0,0.0020767000000000008
behavior_clone,1,20260917,1,XRPUSDT,failed,capital_floor,465,-0.20795460814839872,-2.2349531299754783,0.22752601374223824,0.017661768695380647,0.0,0.002634240000000002
ppo,1,11,2,ADAUSDT,failed,turnover_limit,10,0.05576830499204588,17.74728635309193,0.0059249603120744565,0.0059249603120744565,0.0,0.01442373
ppo,1,11,2,AVAXUSDT,failed,turnover_limit,10,0.05797140749179874,18.985109889305708,0.010181834004171608,0.010181834004171608,0.0,0.017162649999999998
ppo,1,11,2,BNBUSDT,failed,turnover_limit,176,-7.924194957242836e-05,-0.021100442476388197,0.006978056138829514,0.0008136487245478355,0.0,0.01468875
ppo,1,11,2,BTCUSDT,failed,turnover_limit,222,0.013500398500678745,1.3473272282071607,0.013556392335986711,0.002294440123210941,0.0,0.020047429999999998
ppo,1,11,2,DOGEUSDT,failed,turnover_limit,10,0.019251265942958673,10.676608086746423,0.009608618981125527,0.006987608746461871,0.0,0.015105370000000002
ppo,1,11,2,ETHUSDT,failed,turnover_limit,7,0.0020707297579236617,2.471374892172675,0.006100800387586203,0.005603664369541961,0.0,0.015079919999999998
ppo,1,11,2,LINKUSDT,failed,turnover_limit,19,0.034126397716306434,9.996906727036418,0.013587668201798686,0.009232968850914958,0.0,0.01783496
ppo,1,11,2,LTCUSDT,failed,turnover_limit,10,0.008392315881659007,4.6540379307702935,0.018650515307786164,0.007809862601753426,0.0,0.02588743
ppo,1,11,2,SOLUSDT,failed,turnover_limit,3,0.018355894754397584,36.43823132808674,0.00024999999999997247,0.00024999999999997247,0.0,0.015463860000000001
ppo,1,11,2,XRPUSDT,failed,turnover_limit,10,0.012920919274921783,8.3256276058937,0.008375984696446737,0.005475401599111973,0.0,0.02064602
ppo,1,23,2,ADAUSDT,failed,turnover_limit,10,0.0442229642272185,15.31104859710584,0.003130415485136262,0.002613309410123388,0.0,0.014254
ppo,1,23,2,AVAXUSDT,failed,turnover_limit,50,0.017652951274204742,2.2367092276071876,0.02749317586704758,0.009533856480000824,0.0,0.02402109999999999
ppo,1,23,2,BNBUSDT,failed,turnover_limit,175,-0.008447551655299423,-0.9534215104988599,0.032063514900146806,0.004158319535547091,0.0,0.018128679999999998
ppo,1,23,2,BTCUSDT,failed,turnover_limit,8,0.011951189777356097,21.874952727294573,0.0003736172083784739,0.00024999999999997247,0.0,0.02084487
ppo,1,23,2,DOGEUSDT,failed,turnover_limit,69,0.01736219875047218,2.9032680249997056,0.02044545288053945,0.006072902877364117,0.0,0.02408991999999995
ppo,1,23,2,ETHUSDT,failed,turnover_limit,195,-0.06563835177600252,-3.9077832237033543,0.06737027965471065,0.008210299200909054,0.0,0.023952520000000005
ppo,1,23,2,LINKUSDT,failed,turnover_limit,8,0.026715778735416862,19.049800050838453,0.000718343629493523,0.000718343629493523,0.0,0.03184583
ppo,1,23,2,LTCUSDT,failed,turnover_limit,45,0.009355404951340018,3.3080679465697953,0.008800711577268472,0.00348558580901052,0.0,0.020559600000000015
ppo,1,23,2,SOLUSDT,failed,turnover_limit,3,0.009676634418654961,18.38812997526832,0.00024999999999997247,0.00024999999999997247,0.0,0.014917
ppo,1,23,2,XRPUSDT,failed,turnover_limit,177,0.019231688652550316,1.2422018228786642,0.034326686648637916,0.007179064100928094,0.0,0.027404800000000062
ppo,1,47,2,ADAUSDT,failed,turnover_limit,74,-0.0009768431342361827,0.01760243712123164,0.05457797812651621,0.008938638025674989,0.0,0.020890319999999993
ppo,1,47,2,AVAXUSDT,failed,turnover_limit,70,0.011734439262843788,0.936161274220184,0.0733468334215106,0.011248277022071873,0.0,0.016606140000000002
ppo,1,47,2,BNBUSDT,failed,turnover_limit,30,0.005085508992347609,1.4972007011297181,0.009859189467533502,0.006045780925782007,0.0,0.016310980000000003
ppo,1,47,2,BTCUSDT,failed,turnover_limit,4,-0.011027555619302909,-16.281700081692684,0.011374835259619465,0.01112761716391042,0.0,0.018558719999999997
ppo,1,47,2,DOGEUSDT,failed,turnover_limit,30,0.004694570402500098,1.2576149093100155,0.014826185881381626,0.0074986669329113464,0.0,0.015198620000000001
ppo,1,47,2,ETHUSDT,failed,turnover_limit,2,0.00620522978635174,21.654326816766776,0.00024999999999997247,0.00024999999999997247,0.0,0.01411315
ppo,1,47,2,LINKUSDT,failed,turnover_limit,28,0.044082123197084266,8.350114658771858,0.01554055235485663,0.009709217419362093,0.0,0.01527653
ppo,1,47,2,LTCUSDT,failed,turnover_limit,13,0.03171109872281219,16.204449170197304,0.010194400985808039,0.0071636062158846325,0.0,0.018902199999999994
ppo,1,47,2,SOLUSDT,failed,turnover_limit,63,0.0022110690731114158,0.28891667806294147,0.051248029738705125,0.010698666782260391,0.0,0.018988220000000014
ppo,1,47,2,XRPUSDT,failed,turnover_limit,21,0.004820289453533633,1.8855603825740577,0.013621022118734394,0.006357223246002963,0.0,0.0177648
double_dqn,1,11,2,ADAUSDT,failed,turnover_limit,15,-0.004667910681045551,-1.0076123203915879,0.03463211639067887,0.029755271168053876,0.0,0.01401938
double_dqn,1,11,2,AVAXUSDT,failed,turnover_limit,67,-0.0696592382665433,-5.7323516920680575,0.0696592382665433,0.01806475780770614,0.0,0.019013680000000005
double_dqn,1,11,2,BNBUSDT,failed,turnover_limit,175,-0.0408287557966418,-3.7634991613542117,0.0523969112976469,0.0064309539535053716,0.0,0.020743279999999996
double_dqn,1,11,2,BTCUSDT,failed,turnover_limit,239,-0.047768865659859605,-2.1197091102808,0.07992714429386882,0.008756465887220446,0.0,0.017475640000000008
double_dqn,1,11,2,DOGEUSDT,failed,drawdown_limit,290,-0.16813301480001108,-3.2972639001630806,0.1699397518216782,0.01963384001458873,0.0,0.015967330000000005
double_dqn,1,11,2,ETHUSDT,complete,,599,0.04090227855942041,0.7583243648082333,0.04882082043981073,0.007571469774444584,0.0,0.01909364
double_dqn,1,11,2,LINKUSDT,failed,turnover_limit,15,-0.01255579367903814,-3.9386348538242015,0.027207310625612324,0.014427772176296094,0.0,0.01765642
double_dqn,1,11,2,LTCUSDT,failed,turnover_limit,45,-0.02598197954692183,-4.796721671688944,0.043159141318567906,0.008823934951147009,0.0,0.015592920000000005
double_dqn,1,11,2,SOLUSDT,failed,turnover_limit,15,0.020615809176602884,6.807440973932758,0.01914409252583893,0.01914409252583893,0.0,0.015444799999999998
double_dqn,1,11,2,XRPUSDT,failed,turnover_limit,15,-0.005098700571098513,-2.1886224886757586,0.018444400422303997,0.013262482192241132,0.0,0.015465699999999999
double_dqn,1,23,2,ADAUSDT,failed,drawdown_limit,537,-0.14718697243482093,-2.2201903591950867,0.1610571555276874,0.012232399766051933,0.0,0.018550399999999995
double_dqn,1,23,2,AVAXUSDT,complete,,599,-0.003233142850680548,0.038250921590617964,0.08829105545333693,0.012265504691628104,0.0,0.019230879999999995
double_dqn,1,23,2,BNBUSDT,complete,,599,-0.046529656743776626,-0.6163217111566585,0.10827589273546001,0.009387403560016902,0.0,0.020760319999999974
double_dqn,1,23,2,BTCUSDT,complete,,599,-0.06413486232627641,-1.1329297609736113,0.11223149755397344,0.008550209428202818,0.0,0.02035201999999999
double_dqn,1,23,2,DOGEUSDT,failed,turnover_limit,456,-0.003047764421704735,0.05296373448674644,0.11138069545580243,0.01408959954322258,0.0,0.01938135
double_dqn,1,23,2,ETHUSDT,failed,turnover_limit,538,-0.016847418058483332,-0.2146724700630379,0.1367517315777742,0.00890047225889894,0.0,0.017139599999999998
double_dqn,1,23,2,LINKUSDT,complete,,599,0.04543085395631419,0.6512191975464492,0.06632453084496204,0.010295753877649149,0.0,0.019718019999999996
double_dqn,1,23,2,LTCUSDT,complete,,599,0.04594703500789099,0.6670706314983564,0.07995330428173131,0.009673189952542042,0.0,0.019173279999999997
double_dqn,1,23,2,SOLUSDT,complete,,599,0.08983091686282685,1.0677317164573488,0.0732654398554019,0.012429897769337598,0.0,0.018765119999999993
double_dqn,1,23,2,XRPUSDT,failed,turnover_limit,538,0.03163534516422328,0.6167930092731465,0.06690275072299512,0.008221189141818892,0.0,0.01780103
double_dqn,1,47,2,ADAUSDT,failed,turnover_limit,35,-0.014915932946725219,-1.902181150810748,0.04805379848304392,0.00937949363114865,0.0,0.013391699999999998
double_dqn,1,47,2,AVAXUSDT,failed,turnover_limit,35,-0.009129735050862675,-1.0639198893802797,0.04511357343735434,0.012255706554198387,0.0,0.018419379999999985
double_dqn,1,47,2,BNBUSDT,failed,turnover_limit,2,0.0020189414785338755,18.755210140202642,0.00024999999999997247,0.00024999999999997247,0.0,0.013932970000000001
double_dqn,1,47,2,BTCUSDT,failed,turnover_limit,2,0.010599723332376687,22.344952911790827,0.00024999999999997247,0.00024999999999997247,0.0,0.013816440000000001
double_dqn,1,47,2,DOGEUSDT,failed,turnover_limit,16,0.00638417779435918,2.4839983606406717,0.014605026547519717,0.008009725119360822,0.0,0.01375405
double_dqn,1,47,2,ETHUSDT,failed,turnover_limit,2,0.00620522978635174,21.654326816766776,0.00024999999999997247,0.00024999999999997247,0.0,0.01359925
double_dqn,1,47,2,LINKUSDT,failed,turnover_limit,15,0.0108753347732915,3.5701785281023537,0.01554055235485663,0.010668028838270005,0.0,0.01346702
double_dqn,1,47,2,LTCUSDT,failed,turnover_limit,25,0.018537204853916522,5.488166714051939,0.0176371953294443,0.006857314097615919,0.0,0.013489079999999997
double_dqn,1,47,2,SOLUSDT,failed,turnover_limit,35,-0.023302324493653548,-3.163737241556989,0.03452283147875168,0.012117553752140353,0.0,0.017539939999999983
double_dqn,1,47,2,XRPUSDT,failed,turnover_limit,17,0.002768530258095092,1.2281329069783782,0.013621022118734394,0.007479942314474908,0.0,0.0137278
cql,1,11,2,ADAUSDT,failed,turnover_limit,291,-0.03475407555755583,-0.5300258835569727,0.13367766036245132,0.014623054605404398,0.0,0.014681600000000006
cql,1,11,2,AVAXUSDT,failed,turnover_limit,291,0.00559846055349178,0.20819906560872747,0.13706937677109887,0.017422466879078675,0.0,0.01581790000000001
cql,1,11,2,BNBUSDT,complete,,599,0.20376699377780771,2.3628491109964505,0.09529556639415859,0.010456291451961726,0.0,0.018422539999999998
cql,1,11,2,BTCUSDT,complete,,599,0.08994213435618703,1.335007070690434,0.0738186300576189,0.00892310084888991,0.0,0.01579855999999999
cql,1,11,2,DOGEUSDT,failed,drawdown_limit,267,0.04561254146082172,0.7820933955236283,0.15533045749592644,0.01934611336123507,0.0,0.018881939999999996
cql,1,11,2,ETHUSDT,complete,,599,0.08220842635699488,1.044225063708304,0.0842001355322276,0.010459722016591488,0.0,0.020360059999999968
cql,1,11,2,LINKUSDT,failed,turnover_limit,291,0.004903343394421,0.19200727449395877,0.11512346209477742,0.014495437641237537,0.0,0.01967750000000001
cql,1,11,2,LTCUSDT,complete,,599,0.07662279972546338,0.8646340156720808,0.10301488609159482,0.01203776628302855,0.0,0.017437039999999977
cql,1,11,2,SOLUSDT,complete,,599,0.18192830689375872,1.5221845533506795,0.116013728806311,0.014295462496141468,0.0,0.03334723999999994
cql,1,11,2,XRPUSDT,complete,,599,-0.08879526869388288,-0.9999016105006269,0.14631560283804645,0.011737323573268739,0.0,0.028955319999999982
cql,1,23,2,ADAUSDT,complete,,599,0.15105764010984624,1.4691716044570196,0.10092635966442443,0.011970112790009691,0.0,0.020119419999999985
cql,1,23,2,AVAXUSDT,complete,,599,0.09673716440751834,0.8529659359387858,0.137621165311703,0.015691957127171398,0.0,0.01869893999999998
cql,1,23,2,BNBUSDT,failed,drawdown_limit,402,-0.10403509773796438,-1.8428628924099832,0.15102541556516658,0.01149237630416856,0.0,0.01701656
cql,1,23,2,BTCUSDT,complete,,599,-0.09389456312628308,-1.3953288880787678,0.14157626457558403,0.009176458130329957,0.0,0.015381839999999978
cql,1,23,2,DOGEUSDT,complete,,599,0.227148861251381,1.700621422823647,0.09691206732932967,0.01534146964640158,0.0,0.035897559999999974
cql,1,23,2,ETHUSDT,complete,,599,-0.08236087513872792,-0.9849481887037725,0.14177957284746712,0.010294529861982545,0.0,0.04104271999999993
cql,1,23,2,LINKUSDT,failed,turnover_limit,304,0.13994511040159652,2.413232254082405,0.05124727783760574,0.012419084002990362,0.0,0.017590849999999995
cql,1,23,2,LTCUSDT,complete,,599,0.06275506394077923,0.7377964218768605,0.10869724017454407,0.01171287861031688,0.0,0.019282559999999983
cql,1,23,2,SOLUSDT,complete,,599,0.016641634575517816,0.24844318132785703,0.13007132697581536,0.014536598494477955,0.0,0.01810798
cql,1,23,2,XRPUSDT,failed,drawdown_limit,537,-0.12548228730603583,-1.7843289350991616,0.1538468735459878,0.01166736372852996,0.0,0.017840239999999997
cql,1,47,2,ADAUSDT,failed,turnover_limit,65,-0.0007939897217951186,0.021982597128549254,0.04035542909033141,0.010224246911694101,0.0,0.01892536
cql,1,47,2,AVAXUSDT,failed,turnover_limit,216,0.03312685173440011,0.8532973742619071,0.08034765030025626,0.014988812032709652,0.0,0.020975149999999994
cql,1,47,2,BNBUSDT,failed,turnover_limit,55,-0.021320521889421018,-3.6714716669123604,0.03434159523889835,0.010521476050363465,0.0,0.01913076
cql,1,47,2,BTCUSDT,failed,turnover_limit,60,-0.037205423273065974,-5.731593923599971,0.05534531090914596,0.009739050501920107,0.0,0.018898009999999996
cql,1,47,2,DOGEUSDT,failed,turnover_limit,47,-0.009187250772228484,-1.0225605993855877,0.034622782808069186,0.00857533419330551,0.0,0.01866168
cql,1,47,2,ETHUSDT,failed,turnover_limit,216,-0.10095507180159835,-4.870012884120571,0.11406983233800383,0.008985328713502298,0.0,0.0193221
cql,1,47,2,LINKUSDT,failed,turnover_limit,73,0.05990955833572409,4.996903214982064,0.045752246475155856,0.009741020849691195,0.0,0.016834680000000005
cql,1,47,2,LTCUSDT,failed,turnover_limit,80,0.010873728972819352,1.365654430438931,0.028553117818175044,0.008852142877122271,0.0,0.018079579999999994
cql,1,47,2,SOLUSDT,failed,turnover_limit,15,-0.013690574456169613,-3.985238995558117,0.025081259954948254,0.008747479237654732,0.0,0.016608519999999998
cql,1,47,2,XRPUSDT,failed,turnover_limit,289,-0.0740576689087411,-1.7791332675495841,0.08778153992472992,0.010697858925085502,0.0,0.01660448
cql_no_inventory_penalty,1,11,2,ADAUSDT,failed,turnover_limit,291,-0.03475407555755583,-0.5300258835569727,0.13367766036245132,0.014623054605404398,0.0,0.02219820000000001
cql_no_inventory_penalty,1,11,2,AVAXUSDT,failed,turnover_limit,291,0.00559846055349178,0.20819906560872747,0.13706937677109887,0.017422466879078675,0.0,0.023856700000000036
cql_no_inventory_penalty,1,11,2,BNBUSDT,complete,,599,0.20376699377780771,2.3628491109964505,0.09529556639415859,0.010456291451961726,0.0,0.031252699999999904
cql_no_inventory_penalty,1,11,2,BTCUSDT,complete,,599,0.08994213435618703,1.335007070690434,0.0738186300576189,0.00892310084888991,0.0,0.03129275999999995
cql_no_inventory_penalty,1,11,2,DOGEUSDT,failed,drawdown_limit,267,0.04561254146082172,0.7820933955236283,0.15533045749592644,0.01934611336123507,0.0,0.02606721999999998
cql_no_inventory_penalty,1,11,2,ETHUSDT,complete,,599,0.08220842635699488,1.044225063708304,0.0842001355322276,0.010459722016591488,0.0,0.028805739999999816
cql_no_inventory_penalty,1,11,2,LINKUSDT,failed,turnover_limit,291,0.004903343394421,0.19200727449395877,0.11512346209477742,0.014495437641237537,0.0,0.024472100000000024
cql_no_inventory_penalty,1,11,2,LTCUSDT,complete,,599,0.07662279972546338,0.8646340156720808,0.10301488609159482,0.01203776628302855,0.0,0.045195659999999964
cql_no_inventory_penalty,1,11,2,SOLUSDT,complete,,599,0.18192830689375872,1.5221845533506795,0.116013728806311,0.014295462496141468,0.0,0.02067317999999999
cql_no_inventory_penalty,1,11,2,XRPUSDT,complete,,599,-0.08879526869388288,-0.9999016105006269,0.14631560283804645,0.011737323573268739,0.0,0.019927999999999994
cql_no_inventory_penalty,1,23,2,ADAUSDT,complete,,599,0.15105764010984624,1.4691716044570196,0.10092635966442443,0.011970112790009691,0.0,0.02121424
cql_no_inventory_penalty,1,23,2,AVAXUSDT,complete,,599,0.09673716440751834,0.8529659359387858,0.137621165311703,0.015691957127171398,0.0,0.021998019999999997
cql_no_inventory_penalty,1,23,2,BNBUSDT,failed,drawdown_limit,402,-0.10403509773796438,-1.8428628924099832,0.15102541556516658,0.01149237630416856,0.0,0.02201732
cql_no_inventory_penalty,1,23,2,BTCUSDT,complete,,599,-0.09389456312628308,-1.3953288880787678,0.14157626457558403,0.009176458130329957,0.0,0.020843839999999992
cql_no_inventory_penalty,1,23,2,DOGEUSDT,complete,,599,0.227148861251381,1.700621422823647,0.09691206732932967,0.01534146964640158,0.0,0.020504639999999994
cql_no_inventory_penalty,1,23,2,ETHUSDT,complete,,599,-0.08236087513872792,-0.9849481887037725,0.14177957284746712,0.010294529861982545,0.0,0.02040346
cql_no_inventory_penalty,1,23,2,LINKUSDT,failed,turnover_limit,304,0.13994511040159652,2.413232254082405,0.05124727783760574,0.012419084002990362,0.0,0.021079439999999994
cql_no_inventory_penalty,1,23,2,LTCUSDT,complete,,599,0.06275506394077923,0.7377964218768605,0.10869724017454407,0.01171287861031688,0.0,0.020682999999999993
cql_no_inventory_penalty,1,23,2,SOLUSDT,complete,,599,0.016641634575517816,0.24844318132785703,0.13007132697581536,0.014536598494477955,0.0,0.022410139999999936
cql_no_inventory_penalty,1,23,2,XRPUSDT,failed,drawdown_limit,537,-0.12548228730603583,-1.7843289350991616,0.1538468735459878,0.01166736372852996,0.0,0.020621639999999993
cql_no_inventory_penalty,1,47,2,ADAUSDT,failed,turnover_limit,65,-0.0007939897217951186,0.021982597128549254,0.04035542909033141,0.010224246911694101,0.0,0.04561139999999999
cql_no_inventory_penalty,1,47,2,AVAXUSDT,failed,turnover_limit,216,0.03312685173440011,0.8532973742619071,0.08034765030025626,0.014988812032709652,0.0,0.023806899999999995
cql_no_inventory_penalty,1,47,2,BNBUSDT,failed,turnover_limit,55,-0.021320521889421018,-3.6714716669123604,0.03434159523889835,0.010521476050363465,0.0,0.04943570000000002
cql_no_inventory_penalty,1,47,2,BTCUSDT,failed,turnover_limit,60,-0.037205423273065974,-5.731593923599971,0.05534531090914596,0.009739050501920107,0.0,0.030424759999999995
cql_no_inventory_penalty,1,47,2,DOGEUSDT,failed,turnover_limit,47,-0.009187250772228484,-1.0225605993855877,0.034622782808069186,0.00857533419330551,0.0,0.05065348
cql_no_inventory_penalty,1,47,2,ETHUSDT,failed,turnover_limit,216,-0.10095507180159835,-4.870012884120571,0.11406983233800383,0.008985328713502298,0.0,0.03907694999999994
cql_no_inventory_penalty,1,47,2,LINKUSDT,failed,turnover_limit,73,0.05990955833572409,4.996903214982064,0.045752246475155856,0.009741020849691195,0.0,0.03384176000000001
cql_no_inventory_penalty,1,47,2,LTCUSDT,failed,turnover_limit,80,0.010873728972819352,1.365654430438931,0.028553117818175044,0.008852142877122271,0.0,0.03243303999999999
cql_no_inventory_penalty,1,47,2,SOLUSDT,failed,turnover_limit,15,-0.013690574456169613,-3.985238995558117,0.025081259954948254,0.008747479237654732,0.0,0.01807526
cql_no_inventory_penalty,1,47,2,XRPUSDT,failed,turnover_limit,289,-0.0740576689087411,-1.7791332675495841,0.08778153992472992,0.010697858925085502,0.0,0.01904116
cash,1,20260917,2,ADAUSDT,complete,,599,0.0,,0.0,-0.0,0.0,0.0016254799999999995
cash,1,20260917,2,AVAXUSDT,complete,,599,0.0,,0.0,-0.0,0.0,0.0017174199999999988
cash,1,20260917,2,BNBUSDT,complete,,599,0.0,,0.0,-0.0,0.0,0.0019112999999999997
cash,1,20260917,2,BTCUSDT,complete,,599,0.0,,0.0,-0.0,0.0,0.0018462399999999999
cash,1,20260917,2,DOGEUSDT,complete,,599,0.0,,0.0,-0.0,0.0,0.0018173199999999997
cash,1,20260917,2,ETHUSDT,complete,,599,0.0,,0.0,-0.0,0.0,0.0017064199999999997
cash,1,20260917,2,LINKUSDT,complete,,599,0.0,,0.0,-0.0,0.0,0.0017317999999999993
cash,1,20260917,2,LTCUSDT,complete,,599,0.0,,0.0,-0.0,0.0,0.0016895599999999995
cash,1,20260917,2,SOLUSDT,complete,,599,0.0,,0.0,-0.0,0.0,0.0017931799999999988
cash,1,20260917,2,XRPUSDT,complete,,599,0.0,,0.0,-0.0,0.0,0.0018388599999999984
constant_long,1,20260917,2,ADAUSDT,failed,drawdown_limit,484,-0.05825870273242473,-0.6098262504681199,0.15414744913171907,0.013411420221471081,0.0,0.0017157600000000004
constant_long,1,20260917,2,AVAXUSDT,failed,drawdown_limit,342,-0.013970028391172895,-0.05744321061157518,0.1508176247822166,0.01744333977408172,0.0,0.00164459
constant_long,1,20260917,2,BNBUSDT,complete,,599,0.20376699377780771,2.3628491109964505,0.09529556639415859,0.010456291451961726,0.0,0.0016140999999999998
constant_long,1,20260917,2,BTCUSDT,complete,,599,0.08994213435618703,1.335007070690434,0.0738186300576189,0.00892310084888991,0.0,0.0016653799999999997
constant_long,1,20260917,2,DOGEUSDT,failed,drawdown_limit,536,0.10007183174927414,0.8770167045512997,0.15868283070284772,0.017471136591366874,0.0,0.0016636999999999997
constant_long,1,20260917,2,ETHUSDT,complete,,599,0.08220842635699488,1.044225063708304,0.0842001355322276,0.010459722016591488,0.0,0.0016711799999999998
constant_long,1,20260917,2,LINKUSDT,complete,,599,-0.004828690395834445,0.05287282713910386,0.1400573418318719,0.013431208795623801,0.0,0.0016458999999999992
constant_long,1,20260917,2,LTCUSDT,complete,,599,0.011173063114625625,0.2036306221052211,0.14159750966432172,0.01284518349076685,0.0,0.00175716
constant_long,1,20260917,2,SOLUSDT,complete,,599,0.1743129142353126,1.4649473908260073,0.1173278482277953,0.013943094047275914,0.0,0.0016751799999999999
constant_long,1,20260917,2,XRPUSDT,complete,,599,0.009187717330494616,0.18474066690526483,0.13704862821416297,0.011085341840252927,0.0,0.00172106
constant_short,1,20260917,2,ADAUSDT,complete,,599,0.036196111057196445,0.4379362069814712,0.12537292598417626,0.013427475246414895,0.0,0.003410319999999998
constant_short,1,20260917,2,AVAXUSDT,failed,drawdown_limit,194,-0.1252165497548816,-3.1852088065448867,0.15628017683292228,0.017703399845907207,0.0,0.00222831
constant_short,1,20260917,2,BNBUSDT,failed,drawdown_limit,192,-0.14689875086744264,-7.4900579034372425,0.15086098056159047,0.01006912357183759,0.0,0.002107410000000001
constant_short,1,20260917,2,BTCUSDT,complete,,599,-0.09389456312628308,-1.3953288880787678,0.14157626457558403,0.009176458130329957,0.0,0.004415459999999996
constant_short,1,20260917,2,DOGEUSDT,failed,drawdown_limit,162,-0.15409193949928568,-4.983725129506325,0.1576148381159912,0.020787663295438647,0.0,0.0023096299999999983
constant_short,1,20260917,2,ETHUSDT,complete,,599,-0.09128687827101556,-1.1003985211680567,0.1450108343296156,0.01033472732569037,0.0,0.0032774599999999994
constant_short,1,20260917,2,LINKUSDT,complete,,599,-0.02205208059585395,-0.10970278422320474,0.11681425315089167,0.013522533510661745,0.0,0.0029519599999999983
constant_short,1,20260917,2,LTCUSDT,complete,,599,-0.03212130086424425,-0.25701425924530613,0.12759515853161163,0.012458958372671573,0.0,0.002196319999999997
constant_short,1,20260917,2,SOLUSDT,failed,drawdown_limit,196,-0.12656570742073536,-3.569508261813757,0.15206898307091388,0.014939055367742638,0.0,0.001986000000000006
constant_short,1,20260917,2,XRPUSDT,complete,,599,-0.027192139008877736,-0.2407550805627067,0.10788636449129763,0.011495589958243195,0.0,0.002204179999999999
historical_mean,1,20260917,2,ADAUSDT,failed,drawdown_limit,484,-0.05825870273242473,-0.6098262504681199,0.15414744913171907,0.013411420221471081,0.0,0.04589143000000001
historical_mean,1,20260917,2,AVAXUSDT,failed,drawdown_limit,342,-0.013970028391172895,-0.05744321061157518,0.1508176247822166,0.01744333977408172,0.0,0.044925079999999916
historical_mean,1,20260917,2,BNBUSDT,complete,,599,0.20376699377780771,2.3628491109964505,0.09529556639415859,0.010456291451961726,0.0,0.03943531999999999
historical_mean,1,20260917,2,BTCUSDT,complete,,599,0.08994213435618703,1.335007070690434,0.0738186300576189,0.00892310084888991,0.0,0.04332505999999999
historical_mean,1,20260917,2,DOGEUSDT,failed,drawdown_limit,536,0.10007183174927414,0.8770167045512997,0.15868283070284772,0.017471136591366874,0.0,0.04123504999999993
historical_mean,1,20260917,2,ETHUSDT,complete,,599,0.08220842635699488,1.044225063708304,0.0842001355322276,0.010459722016591488,0.0,0.040027139999999996
historical_mean,1,20260917,2,LINKUSDT,complete,,599,-0.004828690395834445,0.05287282713910386,0.1400573418318719,0.013431208795623801,0.0,0.042164499999999994
historical_mean,1,20260917,2,LTCUSDT,complete,,599,0.011173063114625625,0.2036306221052211,0.14159750966432172,0.01284518349076685,0.0,0.03774995999999999
historical_mean,1,20260917,2,SOLUSDT,complete,,599,0.1743129142353126,1.4649473908260073,0.1173278482277953,0.013943094047275914,0.0,0.03843099999999999
historical_mean,1,20260917,2,XRPUSDT,complete,,599,0.009187717330494616,0.18474066690526483,0.13704862821416297,0.011085341840252927,0.0,0.04581509999999999
last_return,1,20260917,2,ADAUSDT,failed,turnover_limit,2,-0.014856059421422874,-24.213452852534587,0.014856059421422874,0.014609711849385199,0.0,0.03946081
last_return,1,20260917,2,AVAXUSDT,failed,turnover_limit,2,-0.014011712060551074,-24.26436543196083,0.014011712060551074,0.013765153348888282,0.0,0.032273460000000004
last_return,1,20260917,2,BNBUSDT,failed,turnover_limit,2,-0.0030237597147271256,-28.033130769146325,0.0030237597147271256,0.0027744533280591455,0.0,0.03514252
last_return,1,20260917,2,BTCUSDT,failed,turnover_limit,4,0.009990036582048,14.40942772022359,0.0008531432801064387,0.000726462426185237,0.0,0.03250952
last_return,1,20260917,2,DOGEUSDT,failed,turnover_limit,2,-0.007626811456752702,-25.039891054587056,0.007626811456752702,0.007378656120782923,0.0,0.03464818
last_return,1,20260917,2,ETHUSDT,failed,turnover_limit,6,-0.014666987771633555,-14.640061292020228,0.020988314748693337,0.00968781987385392,0.0,0.03204635
last_return,1,20260917,2,LINKUSDT,failed,turnover_limit,7,0.006846505126671287,4.6505236705816095,0.013587668201798686,0.009232968850914958,0.0,0.03232088
last_return,1,20260917,2,LTCUSDT,failed,turnover_limit,7,-0.008178327816814712,-6.957593581987288,0.01815965412883136,0.007649340810315541,0.0,0.032203220000000005
last_return,1,20260917,2,SOLUSDT,failed,turnover_limit,10,0.011472595020241672,4.490272952104277,0.019144092526120926,0.019144092526120926,0.0,0.034154949999999996
last_return,1,20260917,2,XRPUSDT,failed,turnover_limit,7,-0.002438024143957329,-2.949482744041064,0.01159095522913045,0.005724093947433451,0.0,0.03413926
momentum,1,20260917,2,ADAUSDT,failed,turnover_limit,5,-0.01796928209159554,-14.941094995240302,0.018949343428008802,0.014363298169147387,0.0,0.03355372
momentum,1,20260917,2,AVAXUSDT,failed,turnover_limit,3,-0.020528491101542423,-34.2935576644698,0.020528491101542423,0.013518528739953961,0.0,0.03330652
momentum,1,20260917,2,BNBUSDT,failed,turnover_limit,3,-0.003603702530931008,-33.65767300269863,0.003603702530931008,0.0025250838233321637,0.0,0.03373558
momentum,1,20260917,2,BTCUSDT,failed,turnover_limit,2,-0.011621995044822309,-24.45036092748177,0.011621995044822309,0.011374838754510952,0.0,0.03411107
momentum,1,20260917,2,DOGEUSDT,failed,turnover_limit,5,-0.009391144639752103,-12.743494975544596,0.012209184563303221,0.0071304364825716116,0.0,0.03345288
momentum,1,20260917,2,ETHUSDT,failed,turnover_limit,2,-0.007218703710772489,-25.1395783260774,0.007218703710772489,0.006970446322353108,0.0,0.03410406
momentum,1,20260917,2,LINKUSDT,failed,turnover_limit,2,-0.010833478773015215,-24.53060811541794,0.010833478773015215,0.010586125304341332,0.0,0.03317411000000001
momentum,1,20260917,2,LTCUSDT,failed,turnover_limit,2,-0.008478728643824263,-24.864658543725632,0.008478728643824263,0.008230786340409413,0.0,0.03386559
momentum,1,20260917,2,SOLUSDT,failed,turnover_limit,2,-0.009111511861362054,-24.756940420450128,0.009111511861362054,0.00886372779331046,0.0,0.03309123
momentum,1,20260917,2,XRPUSDT,failed,turnover_limit,5,-0.005687666233741395,-9.447107849062062,0.008644890988186105,0.005332324344348716,0.0,0.03255748
reversal,1,20260917,2,ADAUSDT,failed,turnover_limit,5,0.01589528334845025,12.645406660207888,0.0059249603120744565,0.0059249603120744565,0.0,0.032701600000000004
reversal,1,20260917,2,AVAXUSDT,failed,turnover_limit,3,0.019666399004797164,31.434776319107524,0.00024999999999997247,0.00024999999999997247,0.0,0.04544386
reversal,1,20260917,2,BNBUSDT,failed,turnover_limit,3,0.002600695348678128,19.635170697633992,0.00024999999999997247,0.00024999999999997247,0.0,0.03763876
reversal,1,20260917,2,BTCUSDT,failed,turnover_limit,2,0.010599723332376687,22.344952911790827,0.00024999999999997247,0.00024999999999997247,0.0,0.033119420000000004
reversal,1,20260917,2,DOGEUSDT,failed,turnover_limit,5,0.007316520380952207,9.28912343604019,0.003359147141877572,0.003359147141877572,0.0,0.03317876
reversal,1,20260917,2,ETHUSDT,failed,turnover_limit,2,0.00620522978635174,21.654326816766776,0.00024999999999997247,0.00024999999999997247,0.0,0.04076984
reversal,1,20260917,2,LINKUSDT,failed,turnover_limit,2,0.009812783530711577,22.26454255073751,0.00024999999999997247,0.00024999999999997247,0.0,0.03522926999999999
reversal,1,20260917,2,LTCUSDT,failed,turnover_limit,2,0.007462737172609035,21.9298102163748,0.00024999999999997247,0.00024999999999997247,0.0,0.03562955
reversal,1,20260917,2,SOLUSDT,failed,turnover_limit,2,0.008094256089184793,22.03774855728743,0.00024999999999997247,0.00024999999999997247,0.0,0.03982461
reversal,1,20260917,2,XRPUSDT,failed,turnover_limit,5,0.0036144737311178954,5.5658109401515485,0.003489545955778328,0.003489545955778328,0.0,0.04450104
ridge_optimizer,1,20260917,2,ADAUSDT,failed,turnover_limit,10,0.03635327735026439,10.796046422044347,0.016387237172800884,0.009770974242692798,0.0,0.07949995
ridge_optimizer,1,20260917,2,AVAXUSDT,failed,turnover_limit,10,0.043889527948706375,14.884004887042249,0.010181834607842943,0.010181834607842943,0.0,0.06670795
ridge_optimizer,1,20260917,2,BNBUSDT,failed,turnover_limit,9,-0.0059083275400139135,-5.86669240885574,0.01105185253516483,0.009483772699083182,0.0,0.05768268
ridge_optimizer,1,20260917,2,BTCUSDT,failed,turnover_limit,4,-0.0003767728840690099,-26.01153441779947,0.0003767728840690099,0.00024999999999997247,0.0,0.05177961
ridge_optimizer,1,20260917,2,DOGEUSDT,failed,turnover_limit,16,0.01574443643654,6.372832757451366,0.013420858514225587,0.007473694486124782,0.0,0.0688091
ridge_optimizer,1,20260917,2,ETHUSDT,failed,turnover_limit,6,-0.01279568116766916,-18.28880132662756,0.01279568116766916,0.009685374700081129,0.0,0.05022845
ridge_optimizer,1,20260917,2,LINKUSDT,failed,turnover_limit,10,0.020618035986284422,9.13623538709552,0.013587668201798686,0.009232968850914958,0.0,0.051148429999999995
ridge_optimizer,1,20260917,2,LTCUSDT,failed,turnover_limit,34,-0.011547100685179279,-2.9751808924183973,0.024025959179503786,0.007055430623039205,0.0,0.05759303000000002
ridge_optimizer,1,20260917,2,SOLUSDT,failed,turnover_limit,21,0.025830076473733365,5.409797832198557,0.0250812606250167,0.011538417331747652,0.0,0.0516516
ridge_optimizer,1,20260917,2,XRPUSDT,failed,turnover_limit,10,0.010762170274385419,6.692073074323167,0.01159095522913045,0.005724093947433451,0.0,0.05934966
logistic,1,20260917,2,ADAUSDT,complete,,599,0.0,,0.0,-0.0,0.0,0.04006437999999996
logistic,1,20260917,2,AVAXUSDT,complete,,599,-0.034663239752997344,-1.6203530226567922,0.034663239752997344,0.001161575675773981,0.0,0.04068849999999999
logistic,1,20260917,2,BNBUSDT,complete,,599,0.0,,0.0,-0.0,0.0,0.03873085999999999
logistic,1,20260917,2,BTCUSDT,complete,,599,0.0,,0.0,-0.0,0.0,0.05210053999999996
logistic,1,20260917,2,DOGEUSDT,complete,,599,0.028964813873317174,1.2415385902886533,0.0022499675767040372,8.333225255680032e-05,0.0,0.040720819999999984
logistic,1,20260917,2,ETHUSDT,complete,,599,0.0,,0.0,-0.0,0.0,0.04657731999999995
logistic,1,20260917,2,LINKUSDT,complete,,599,0.009126104351032449,1.315485388321677,0.00024999999999997247,8.333333333332416e-06,0.0,0.044146939999999996
logistic,1,20260917,2,LTCUSDT,complete,,599,0.0,,0.0,-0.0,0.0,0.045596099999999994
logistic,1,20260917,2,SOLUSDT,complete,,599,0.0,,0.0,-0.0,0.0,0.04232494
logistic,1,20260917,2,XRPUSDT,complete,,599,0.0,,0.0,-0.0,0.0,0.04476731999999997
contextual_bandit,1,20260917,2,ADAUSDT,failed,turnover_limit,97,-0.05680740259629147,-4.136361980118398,0.06236049673024058,0.016092211089459085,0.0,0.030186159999999792
contextual_bandit,1,20260917,2,AVAXUSDT,failed,turnover_limit,59,-0.059321290384191094,-6.067954927738359,0.06429312829447109,0.0181318143082068,0.0,0.03110622
contextual_bandit,1,20260917,2,BNBUSDT,failed,turnover_limit,9,-0.0021958595538856818,-7.845589622109614,0.003273003774798444,0.0027744533280591455,0.0,0.028134239999999998
contextual_bandit,1,20260917,2,BTCUSDT,failed,turnover_limit,15,-0.02726781933065936,-17.003982520707005,0.02877622224349574,0.009618688456600188,0.0,0.05254001999999999
contextual_bandit,1,20260917,2,DOGEUSDT,failed,turnover_limit,40,-0.0532894383494833,-14.537627573057405,0.0532894383494833,0.011929173480390187,0.0,0.0353669
contextual_bandit,1,20260917,2,ETHUSDT,failed,turnover_limit,6,0.011822000954537115,16.698319016863234,0.00024999999999997247,0.00024999999999997247,0.0,0.02920545
contextual_bandit,1,20260917,2,LINKUSDT,failed,turnover_limit,79,-0.11565056973872212,-10.219682642235016,0.11998635423949922,0.014682644540019829,0.0,0.05215274
contextual_bandit,1,20260917,2,LTCUSDT,failed,turnover_limit,34,-0.007604066717547431,-3.0663400220201096,0.015716692334095783,0.0066472426283360475,0.0,0.04198846
contextual_bandit,1,20260917,2,SOLUSDT,failed,turnover_limit,59,-0.06692447042813088,-7.394010164940373,0.0728029951827579,0.014989472322388675,0.0,0.030140300000000002
contextual_bandit,1,20260917,2,XRPUSDT,failed,turnover_limit,69,-0.04468603985238684,-9.680555843738185,0.04781484954369397,0.005869913117980435,0.0,0.042055399999999986
behavior_uniform,1,20260917,2,ADAUSDT,failed,turnover_limit,21,-0.01287742206388176,-5.584706239502097,0.022786506360703007,0.007927314248558082,0.0,0.038890400000000006
behavior_uniform,1,20260917,2,AVAXUSDT,failed,turnover_limit,19,-0.0008491003491799543,-0.29040678185280067,0.02004495617450741,0.008785170413835974,0.0,0.02946114
behavior_uniform,1,20260917,2,BNBUSDT,failed,turnover_limit,19,9.23533223304851e-05,0.14231673876003162,0.004533811111000596,0.0028151152327929863,0.0,0.02827874
behavior_uniform,1,20260917,2,BTCUSDT,failed,turnover_limit,21,-0.018023933073764153,-9.214848996107046,0.023238296785531243,0.007909316216235196,0.0,0.0669194
behavior_uniform,1,20260917,2,DOGEUSDT,failed,turnover_limit,21,-0.012783979943257973,-6.953623131377127,0.019377434338482935,0.005740124622743092,0.0,0.043022000000000005
behavior_uniform,1,20260917,2,ETHUSDT,failed,turnover_limit,21,-0.010702367826635473,-4.904078283476084,0.015960155992772118,0.008243720568824109,0.0,0.07420700000000001
behavior_uniform,1,20260917,2,LINKUSDT,failed,turnover_limit,19,-0.012058522570326913,-6.119487157871703,0.020368754689599977,0.009344488576482513,0.0,0.04571936
behavior_uniform,1,20260917,2,LTCUSDT,failed,turnover_limit,21,-0.01287947577664661,-6.236623632056117,0.01964333534046736,0.00729965879948602,0.0,0.09848440000000001
behavior_uniform,1,20260917,2,SOLUSDT,failed,turnover_limit,19,-0.009832122909702146,-5.439894203140779,0.018537056162134524,0.008984461418565903,0.0,0.04364744
behavior_uniform,1,20260917,2,XRPUSDT,failed,turnover_limit,19,-0.0032195120099074437,-3.050070267024411,0.00815696678893496,0.0034250240435025336,0.0,0.09011680000000001
behavior_clone,1,20260917,2,ADAUSDT,complete,,599,0.0,,0.0,-0.0,0.0,0.001969999999999999
behavior_clone,1,20260917,2,AVAXUSDT,complete,,599,0.0,,0.0,-0.0,0.0,0.0025665999999999996
behavior_clone,1,20260917,2,BNBUSDT,complete,,599,0.0,,0.0,-0.0,0.0,0.0023681999999999965
behavior_clone,1,20260917,2,BTCUSDT,complete,,599,0.0,,0.0,-0.0,0.0,0.0021907399999999996
behavior_clone,1,20260917,2,DOGEUSDT,complete,,599,0.0,,0.0,-0.0,0.0,0.0023731199999999964
behavior_clone,1,20260917,2,ETHUSDT,complete,,599,0.0,,0.0,-0.0,0.0,0.002289619999999999
behavior_clone,1,20260917,2,LINKUSDT,complete,,599,0.0,,0.0,-0.0,0.0,0.002071379999999997
behavior_clone,1,20260917,2,LTCUSDT,complete,,599,0.0,,0.0,-0.0,0.0,0.0027406599999999963
behavior_clone,1,20260917,2,SOLUSDT,complete,,599,0.0,,0.0,-0.0,0.0,0.0018958199999999992
behavior_clone,1,20260917,2,XRPUSDT,complete,,599,0.0,,0.0,-0.0,0.0,0.00188708
ppo,3,11,0,ADAUSDT,failed,turnover_limit,34,0.09018318445971829,14.19365100713408,0.0083427622789084,0.008199332599614584,0.0,0.01933214
ppo,3,11,0,AVAXUSDT,failed,turnover_limit,16,0.02910914426545097,8.166551853817237,0.018913748938010788,0.009313676079230948,0.0,0.02047515
ppo,3,11,0,BNBUSDT,failed,turnover_limit,187,-0.047835002613097144,-1.4277801967203245,0.13273529616531532,0.014002467215340065,0.0,0.02094664000000001
ppo,3,11,0,BTCUSDT,failed,drawdown_limit,279,-0.11381329871559143,-2.937709496712626,0.15725710080690136,0.013151251959730595,0.0,0.01647436
ppo,3,11,0,DOGEUSDT,failed,turnover_limit,73,0.11026712815641426,8.739382741750045,0.02276803645191905,0.009326197487799198,0.0,0.016485519999999997
ppo,3,11,0,ETHUSDT,failed,drawdown_limit,227,-0.08172027524343373,-2.2485726549554235,0.15156903636157515,0.013681882028367351,0.0,0.015361
ppo,3,11,0,LINKUSDT,failed,drawdown_limit,174,-0.08259701833974031,-2.680253149249586,0.15324752401297326,0.014894039093498278,0.0,0.01473715
ppo,3,11,0,LTCUSDT,failed,drawdown_limit,182,-0.11555619732071565,-3.819625729493761,0.16352263460680927,0.016266521776847086,0.0,0.0437691999999999
ppo,3,11,0,SOLUSDT,failed,turnover_limit,55,0.10508320827098472,9.769819631399294,0.015034329351817588,0.00781990260880098,0.0,0.014683759999999999
ppo,3,11,0,XRPUSDT,failed,drawdown_limit,180,-0.1266812979425468,-4.5963334554559525,0.15040643689215816,0.015460109753299256,0.0,0.018069409999999994
ppo,3,23,0,ADAUSDT,failed,drawdown_limit,175,-0.0525363682471387,-1.4575613096267843,0.1518522235127855,0.015873152576195274,0.0,0.016524300000000006
ppo,3,23,0,AVAXUSDT,failed,drawdown_limit,173,-0.07334647979361042,-1.9015932270920617,0.1528302829600403,0.01587113588057871,0.0,0.016809579999999998
ppo,3,23,0,BNBUSDT,failed,drawdown_limit,284,-0.1156898512525083,-2.3214377588600077,0.15974326319047905,0.015030417242115882,0.0,0.019461820000000005
ppo,3,23,0,BTCUSDT,failed,drawdown_limit,279,-0.11381329871559143,-2.937709496712626,0.15725710080690136,0.013151251959730595,0.0,0.017369719999999995
ppo,3,23,0,DOGEUSDT,failed,drawdown_limit,182,-0.07303834612749416,-1.5548143112738713,0.16530906556774005,0.019493541421307558,0.0,0.015623799999999998
ppo,3,23,0,ETHUSDT,failed,drawdown_limit,227,-0.08172027524343373,-2.2485726549554235,0.15156903636157515,0.013681882028367351,0.0,0.01609475
ppo,3,23,0,LINKUSDT,failed,drawdown_limit,174,-0.08259701833974031,-2.680253149249586,0.15324752401297326,0.014894039093498278,0.0,0.01522074
ppo,3,23,0,LTCUSDT,failed,drawdown_limit,182,-0.11555619732071565,-3.819625729493761,0.16352263460680927,0.016266521776847086,0.0,0.014942599999999999
ppo,3,23,0,SOLUSDT,failed,drawdown_limit,174,-0.028423966482938212,-0.6816871918577023,0.15029693136467348,0.01649745553587619,0.0,0.016074639999999998
ppo,3,23,0,XRPUSDT,failed,drawdown_limit,180,-0.1266812979425468,-4.5963334554559525,0.15040643689215816,0.015460109753299256,0.0,0.02700134999999993
ppo,3,47,0,ADAUSDT,complete,,599,0.0,,0.0,-0.0,0.0,0.02648556999999998
ppo,3,47,0,AVAXUSDT,complete,,599,-0.0018120215794439343,-0.2911866783194059,0.007391401841622569,0.0002550661786654381,0.0,0.030835319999999996
ppo,3,47,0,BNBUSDT,complete,,599,0.0,,0.0,-0.0,0.0,0.035291739999999884
ppo,3,47,0,BTCUSDT,complete,,599,0.0,,0.0,-0.0,0.0,0.022388779999999952
ppo,3,47,0,DOGEUSDT,complete,,599,0.0,,0.0,-0.0,0.0,0.028346589999999987
ppo,3,47,0,ETHUSDT,complete,,599,0.0,,0.0,-0.0,0.0,0.03705158999999992
ppo,3,47,0,LINKUSDT,complete,,599,0.0,,0.0,-0.0,0.0,0.026691199999999814
ppo,3,47,0,LTCUSDT,complete,,599,0.0,,0.0,-0.0,0.0,0.01752042
ppo,3,47,0,SOLUSDT,complete,,599,-0.024836982677307273,-0.7828505485329446,0.04793120326574041,0.0016175068396318845,0.0,0.03536144
ppo,3,47,0,XRPUSDT,complete,,599,0.0,,0.0,-0.0,0.0,0.04621912999999995
double_dqn,3,11,0,ADAUSDT,failed,drawdown_limit,229,-0.06565827824709858,-1.3016126801647272,0.15061201187371998,0.016214940296907565,0.0,0.016681519999999988
double_dqn,3,11,0,AVAXUSDT,failed,drawdown_limit,175,-0.0882651289858678,-2.399094988728447,0.15684521535510154,0.01791204535679421,0.0,0.025629040000000044
double_dqn,3,11,0,BNBUSDT,failed,drawdown_limit,288,-0.10721115035204054,-2.5800642689100632,0.15168694317526543,0.01273301406632732,0.0,0.01688164999999999
double_dqn,3,11,0,BTCUSDT,failed,drawdown_limit,279,-0.10989188375292003,-3.0310247789787006,0.15067648999936856,0.012690805025386378,0.0,0.029359959999999997
double_dqn,3,11,0,DOGEUSDT,failed,drawdown_limit,273,-0.05314716107439177,-0.9686514475157726,0.15139612446132933,0.015666603130434855,0.0,0.01729549999999993
double_dqn,3,11,0,ETHUSDT,failed,drawdown_limit,271,-0.09164750500260266,-2.2542641271641997,0.15666552564363712,0.012872089430052922,0.0,0.01879499999999989
double_dqn,3,11,0,LINKUSDT,failed,drawdown_limit,175,-0.10701903825772363,-3.7521095524782124,0.16703332910767,0.016314472619875064,0.0,0.015534980000000002
double_dqn,3,11,0,LTCUSDT,failed,drawdown_limit,181,-0.10814032381386252,-3.758113041779059,0.16426688799153266,0.0154362075677417,0.0,0.012906999999999998
double_dqn,3,11,0,SOLUSDT,failed,drawdown_limit,174,-0.03319405215065585,-0.8564845460218645,0.15072272654127228,0.016497782426641842,0.0,0.018302119999999998
double_dqn,3,11,0,XRPUSDT,failed,drawdown_limit,224,-0.12705215627174404,-5.09605977804823,0.15076722024486622,0.012248095472756385,0.0,0.02616840000000005
double_dqn,3,23,0,ADAUSDT,failed,turnover_limit,190,-0.00034846265966914647,0.09108869950049105,0.119271866302331,0.01446877107790231,0.0,0.058742559999999985
double_dqn,3,23,0,AVAXUSDT,failed,drawdown_limit,160,-0.07162950051620298,-2.1305759163758733,0.1512605777607542,0.015721595736613345,0.0,0.10393972999999987
double_dqn,3,23,0,BNBUSDT,failed,turnover_limit,190,-0.042407652376497906,-1.2026376679941662,0.13273529616531532,0.013977718296414598,0.0,0.033785549999999984
double_dqn,3,23,0,BTCUSDT,failed,drawdown_limit,278,-0.1233909032529451,-3.6987916520593567,0.16148925224279442,0.012366988165489297,0.0,0.037131919999999985
double_dqn,3,23,0,DOGEUSDT,failed,drawdown_limit,182,-0.0672614347890379,-1.4758210535999514,0.16010719394437345,0.019335886438699535,0.0,0.043206599999999984
double_dqn,3,23,0,ETHUSDT,failed,drawdown_limit,203,-0.08504871472260811,-2.864954417146619,0.15284206001880674,0.01300458651160869,0.0,0.036246719999999996
double_dqn,3,23,0,LINKUSDT,failed,turnover_limit,190,-0.05884730808153382,-1.7632550562303895,0.1443693017966431,0.014404188394221884,0.0,0.03638082999999998
double_dqn,3,23,0,LTCUSDT,failed,drawdown_limit,182,-0.11555619732071565,-3.819625729493761,0.16352263460680927,0.016266521776847086,0.0,0.04039999999999999
double_dqn,3,23,0,SOLUSDT,failed,turnover_limit,190,-0.006361410110608867,-0.04790669632801722,0.1358862960330358,0.0168370092000358,0.0,0.047380009999999945
double_dqn,3,23,0,XRPUSDT,failed,drawdown_limit,180,-0.1266812979425468,-4.5963334554559525,0.15040643689215816,0.015460109753299256,0.0,0.05059982999999993
double_dqn,3,47,0,ADAUSDT,failed,turnover_limit,187,-0.022917252205623018,-0.6775614984425269,0.11828633306592173,0.014293309004426357,0.0,0.014732180000000001
double_dqn,3,47,0,AVAXUSDT,complete,,599,0.0287596818594833,0.44655387420886533,0.08729673929361925,0.011417570964862326,0.0,0.015891449999999994
double_dqn,3,47,0,BNBUSDT,complete,,599,0.010139809734846406,0.2355558578157734,0.08761321661689658,0.007703480781679188,0.0,0.014634369999999999
double_dqn,3,47,0,BTCUSDT,complete,,599,-0.03645918802328463,-0.7154994518244939,0.09241270332221496,0.008030850704342452,0.0,0.015377019999999974
double_dqn,3,47,0,DOGEUSDT,failed,drawdown_limit,305,-0.1437769140597771,-4.305048287484765,0.15448894288316217,0.0131993293563063,0.0,0.015374189999999992
double_dqn,3,47,0,ETHUSDT,complete,,599,0.0030709142432963077,0.10685410754681275,0.0765756336159491,0.010108765256840672,0.0,0.016431309999999977
double_dqn,3,47,0,LINKUSDT,failed,drawdown_limit,305,-0.15047395038737865,-3.7003557995636234,0.15486712479049825,0.014431713862431618,0.0,0.01879962999999999
double_dqn,3,47,0,LTCUSDT,failed,drawdown_limit,524,-0.13872563643137648,-3.6648468127196425,0.15069560480812516,0.00873100339174724,0.0,0.017485959999999974
double_dqn,3,47,0,SOLUSDT,complete,,599,0.012201267135514948,0.21862567006149572,0.07937270495973103,0.012765920651189637,0.0,0.01595676999999999
double_dqn,3,47,0,XRPUSDT,complete,,599,0.02221127367253417,0.3963777904099913,0.10225373417182304,0.008005846652446054,0.0,0.022601329999999992
cql,3,11,0,ADAUSDT,failed,drawdown_limit,182,-0.059308994102132306,-1.4581684938626387,0.15940352081475795,0.017490970638063506,0.0,0.0171996
cql,3,11,0,AVAXUSDT,failed,drawdown_limit,179,-0.07673536153168115,-1.6548114480504417,0.15592848301056594,0.019894950666026298,0.0,0.01820059
cql,3,11,0,BNBUSDT,failed,drawdown_limit,278,-0.10588869132712142,-2.3139321359868834,0.15043036469268578,0.01424050705656674,0.0,0.04273627999999998
cql,3,11,0,BTCUSDT,failed,drawdown_limit,279,-0.11381329871559143,-2.937709496712626,0.15725710080690136,0.013151251959730595,0.0,0.04482799999999985
cql,3,11,0,DOGEUSDT,failed,drawdown_limit,182,-0.0621402987355385,-1.33060107135315,0.15549582105748805,0.019335886438699535,0.0,0.0415874
cql,3,11,0,ETHUSDT,failed,drawdown_limit,293,-0.08871846600556765,-1.5805241594354236,0.1580349111619982,0.01661107861967106,0.0,0.029514030000000004
cql,3,11,0,LINKUSDT,failed,drawdown_limit,174,-0.08259701833974031,-2.680253149249586,0.15324752401297326,0.014894039093498278,0.0,0.019724369999999998
cql,3,11,0,LTCUSDT,failed,drawdown_limit,182,-0.11555619732071565,-3.819625729493761,0.16352263460680927,0.016266521776847086,0.0,0.04104419999999992
cql,3,11,0,SOLUSDT,failed,drawdown_limit,175,-0.07555339917343917,-2.0599529714879794,0.16706883247437443,0.017827914084121075,0.0,0.02246524
cql,3,11,0,XRPUSDT,failed,drawdown_limit,180,-0.1266812979425468,-4.5963334554559525,0.15040643689215816,0.015460109753299256,0.0,0.02263735
cql,3,23,0,ADAUSDT,failed,drawdown_limit,175,-0.0525363682471387,-1.4575613096267843,0.1518522235127855,0.015873152576195274,0.0,0.020696900000000004
cql,3,23,0,AVAXUSDT,failed,drawdown_limit,173,-0.07334647979361042,-1.9015932270920617,0.1528302829600403,0.01587113588057871,0.0,0.01765432
cql,3,23,0,BNBUSDT,failed,drawdown_limit,284,-0.1156898512525083,-2.3214377588600077,0.15974326319047905,0.015030417242115882,0.0,0.022069920000000007
cql,3,23,0,BTCUSDT,failed,drawdown_limit,279,-0.11381329871559143,-2.937709496712626,0.15725710080690136,0.013151251959730595,0.0,0.0210022
cql,3,23,0,DOGEUSDT,failed,drawdown_limit,182,-0.07303834612749416,-1.5548143112738713,0.16530906556774005,0.019493541421307558,0.0,0.025831999999999994
cql,3,23,0,ETHUSDT,failed,drawdown_limit,227,-0.08172027524343373,-2.2485726549554235,0.15156903636157515,0.013681882028367351,0.0,0.0227735
cql,3,23,0,LINKUSDT,failed,drawdown_limit,174,-0.08259701833974031,-2.680253149249586,0.15324752401297326,0.014894039093498278,0.0,0.03194796
cql,3,23,0,LTCUSDT,failed,drawdown_limit,182,-0.11555619732071565,-3.819625729493761,0.16352263460680927,0.016266521776847086,0.0,0.02795359999999999
cql,3,23,0,SOLUSDT,failed,drawdown_limit,174,-0.028423966482938212,-0.6816871918577023,0.15029693136467348,0.01649745553587619,0.0,0.030203169999999998
cql,3,23,0,XRPUSDT,failed,drawdown_limit,180,-0.1266812979425468,-4.5963334554559525,0.15040643689215816,0.015460109753299256,0.0,0.022241879999999988
cql,3,47,0,ADAUSDT,failed,drawdown_limit,175,-0.0525363682471387,-1.4575613096267843,0.1518522235127855,0.015873152576195274,0.0,0.01915224
cql,3,47,0,AVAXUSDT,failed,drawdown_limit,173,-0.07334647979361042,-1.9015932270920617,0.1528302829600403,0.01587113588057871,0.0,0.01885411
cql,3,47,0,BNBUSDT,failed,drawdown_limit,284,-0.1156898512525083,-2.3214377588600077,0.15974326319047905,0.015030417242115882,0.0,0.02076306000000001
cql,3,47,0,BTCUSDT,failed,drawdown_limit,279,-0.11381329871559143,-2.937709496712626,0.15725710080690136,0.013151251959730595,0.0,0.028011639999999997
cql,3,47,0,DOGEUSDT,failed,drawdown_limit,182,-0.07303834612749416,-1.5548143112738713,0.16530906556774005,0.019493541421307558,0.0,0.028121599999999997
cql,3,47,0,ETHUSDT,failed,drawdown_limit,227,-0.08172027524343373,-2.2485726549554235,0.15156903636157515,0.013681882028367351,0.0,0.019980499999999998
cql,3,47,0,LINKUSDT,failed,drawdown_limit,174,-0.08259701833974031,-2.680253149249586,0.15324752401297326,0.014894039093498278,0.0,0.02357763
cql,3,47,0,LTCUSDT,failed,drawdown_limit,182,-0.11555619732071565,-3.819625729493761,0.16352263460680927,0.016266521776847086,0.0,0.020423399999999998
cql,3,47,0,SOLUSDT,failed,drawdown_limit,174,-0.028423966482938212,-0.6816871918577023,0.15029693136467348,0.01649745553587619,0.0,0.02157355
cql,3,47,0,XRPUSDT,failed,drawdown_limit,180,-0.11950748647614373,-4.35111291489645,0.1504064368921595,0.01546010975329928,0.0,0.02231610999999999
cql_no_inventory_penalty,3,11,0,ADAUSDT,failed,drawdown_limit,182,-0.059308994102132306,-1.4581684938626387,0.15940352081475795,0.017490970638063506,0.0,0.021388399999999995
cql_no_inventory_penalty,3,11,0,AVAXUSDT,failed,drawdown_limit,179,-0.07673536153168115,-1.6548114480504417,0.15592848301056594,0.019894950666026298,0.0,0.028346529999999953
cql_no_inventory_penalty,3,11,0,BNBUSDT,failed,drawdown_limit,278,-0.10588869132712142,-2.3139321359868834,0.15043036469268578,0.01424050705656674,0.0,0.019684
cql_no_inventory_penalty,3,11,0,BTCUSDT,failed,drawdown_limit,279,-0.11381329871559143,-2.937709496712626,0.15725710080690136,0.013151251959730595,0.0,0.02190868
cql_no_inventory_penalty,3,11,0,DOGEUSDT,failed,drawdown_limit,182,-0.0621402987355385,-1.33060107135315,0.15549582105748805,0.019335886438699535,0.0,0.02293479999999999
cql_no_inventory_penalty,3,11,0,ETHUSDT,failed,drawdown_limit,293,-0.08871846600556765,-1.5805241594354236,0.1580349111619982,0.01661107861967106,0.0,0.020449070000000007
cql_no_inventory_penalty,3,11,0,LINKUSDT,failed,drawdown_limit,174,-0.08259701833974031,-2.680253149249586,0.15324752401297326,0.014894039093498278,0.0,0.02504126
cql_no_inventory_penalty,3,11,0,LTCUSDT,failed,drawdown_limit,182,-0.11555619732071565,-3.819625729493761,0.16352263460680927,0.016266521776847086,0.0,0.023025799999999996
cql_no_inventory_penalty,3,11,0,SOLUSDT,failed,drawdown_limit,175,-0.07555339917343917,-2.0599529714879794,0.16706883247437443,0.017827914084121075,0.0,0.017801600000000004
cql_no_inventory_penalty,3,11,0,XRPUSDT,failed,drawdown_limit,180,-0.1266812979425468,-4.5963334554559525,0.15040643689215816,0.015460109753299256,0.0,0.027462729999999956
cql_no_inventory_penalty,3,23,0,ADAUSDT,failed,drawdown_limit,175,-0.0525363682471387,-1.4575613096267843,0.1518522235127855,0.015873152576195274,0.0,0.39466492000000125
cql_no_inventory_penalty,3,23,0,AVAXUSDT,failed,drawdown_limit,173,-0.07334647979361042,-1.9015932270920617,0.1528302829600403,0.01587113588057871,0.0,0.11325265
cql_no_inventory_penalty,3,23,0,BNBUSDT,failed,drawdown_limit,284,-0.1156898512525083,-2.3214377588600077,0.15974326319047905,0.015030417242115882,0.0,0.03418542
cql_no_inventory_penalty,3,23,0,BTCUSDT,failed,drawdown_limit,279,-0.11381329871559143,-2.937709496712626,0.15725710080690136,0.013151251959730595,0.0,0.053406799999999977
cql_no_inventory_penalty,3,23,0,DOGEUSDT,failed,drawdown_limit,182,-0.07303834612749416,-1.5548143112738713,0.16530906556774005,0.019493541421307558,0.0,0.032280599999999986
cql_no_inventory_penalty,3,23,0,ETHUSDT,failed,drawdown_limit,227,-0.08172027524343373,-2.2485726549554235,0.15156903636157515,0.013681882028367351,0.0,0.02433175
cql_no_inventory_penalty,3,23,0,LINKUSDT,failed,drawdown_limit,174,-0.08259701833974031,-2.680253149249586,0.15324752401297326,0.014894039093498278,0.0,0.044087329999999994
cql_no_inventory_penalty,3,23,0,LTCUSDT,failed,drawdown_limit,182,-0.11555619732071565,-3.819625729493761,0.16352263460680927,0.016266521776847086,0.0,0.07183499999999998
cql_no_inventory_penalty,3,23,0,SOLUSDT,failed,drawdown_limit,174,-0.028423966482938212,-0.6816871918577023,0.15029693136467348,0.01649745553587619,0.0,0.061115079999999995
cql_no_inventory_penalty,3,23,0,XRPUSDT,failed,drawdown_limit,180,-0.1266812979425468,-4.5963334554559525,0.15040643689215816,0.015460109753299256,0.0,0.05277608999999998
cql_no_inventory_penalty,3,47,0,ADAUSDT,failed,drawdown_limit,175,-0.0525363682471387,-1.4575613096267843,0.1518522235127855,0.015873152576195274,0.0,0.025322400000000016
cql_no_inventory_penalty,3,47,0,AVAXUSDT,failed,drawdown_limit,173,-0.07334647979361042,-1.9015932270920617,0.1528302829600403,0.01587113588057871,0.0,0.033662
cql_no_inventory_penalty,3,47,0,BNBUSDT,failed,drawdown_limit,284,-0.1156898512525083,-2.3214377588600077,0.15974326319047905,0.015030417242115882,0.0,0.02799590000000001
cql_no_inventory_penalty,3,47,0,BTCUSDT,failed,drawdown_limit,279,-0.11381329871559143,-2.937709496712626,0.15725710080690136,0.013151251959730595,0.0,0.024276799999999998
cql_no_inventory_penalty,3,47,0,DOGEUSDT,failed,drawdown_limit,182,-0.07303834612749416,-1.5548143112738713,0.16530906556774005,0.019493541421307558,0.0,0.027598599999999997
cql_no_inventory_penalty,3,47,0,ETHUSDT,failed,drawdown_limit,227,-0.08172027524343373,-2.2485726549554235,0.15156903636157515,0.013681882028367351,0.0,0.03658425
cql_no_inventory_penalty,3,47,0,LINKUSDT,failed,drawdown_limit,174,-0.08259701833974031,-2.680253149249586,0.15324752401297326,0.014894039093498278,0.0,0.028879779999999994
cql_no_inventory_penalty,3,47,0,LTCUSDT,failed,drawdown_limit,182,-0.11555619732071565,-3.819625729493761,0.16352263460680927,0.016266521776847086,0.0,0.04210439999999999
cql_no_inventory_penalty,3,47,0,SOLUSDT,failed,drawdown_limit,174,-0.028423966482938212,-0.6816871918577023,0.15029693136467348,0.01649745553587619,0.0,0.02271982
cql_no_inventory_penalty,3,47,0,XRPUSDT,failed,drawdown_limit,180,-0.11950748647614373,-4.35111291489645,0.1504064368921595,0.01546010975329928,0.0,0.02872007999999994
cash,3,20260917,0,ADAUSDT,complete,,599,0.0,,0.0,-0.0,0.0,0.0026610399999999743
cash,3,20260917,0,AVAXUSDT,complete,,599,0.0,,0.0,-0.0,0.0,0.0018262799999999996
cash,3,20260917,0,BNBUSDT,complete,,599,0.0,,0.0,-0.0,0.0,0.0019285399999999996
cash,3,20260917,0,BTCUSDT,complete,,599,0.0,,0.0,-0.0,0.0,0.0017813799999999978
cash,3,20260917,0,DOGEUSDT,complete,,599,0.0,,0.0,-0.0,0.0,0.0019630399999999997
cash,3,20260917,0,ETHUSDT,complete,,599,0.0,,0.0,-0.0,0.0,0.0017303399999999997
cash,3,20260917,0,LINKUSDT,complete,,599,0.0,,0.0,-0.0,0.0,0.0017636399999999995
cash,3,20260917,0,LTCUSDT,complete,,599,0.0,,0.0,-0.0,0.0,0.00185111
cash,3,20260917,0,SOLUSDT,complete,,599,0.0,,0.0,-0.0,0.0,0.0016682599999999998
cash,3,20260917,0,XRPUSDT,complete,,599,0.0,,0.0,-0.0,0.0,0.00180417
constant_long,3,20260917,0,ADAUSDT,failed,drawdown_limit,175,-0.0525363682471387,-1.4575613096267843,0.1518522235127855,0.015873152576195274,0.0,0.0022801800000000006
constant_long,3,20260917,0,AVAXUSDT,failed,drawdown_limit,173,-0.07334647979361042,-1.9015932270920617,0.1528302829600403,0.01587113588057871,0.0,0.00216842
constant_long,3,20260917,0,BNBUSDT,failed,drawdown_limit,284,-0.1156898512525083,-2.3214377588600077,0.15974326319047905,0.015030417242115882,0.0,0.003141160000000012
constant_long,3,20260917,0,BTCUSDT,failed,drawdown_limit,279,-0.11381329871559143,-2.937709496712626,0.15725710080690136,0.013151251959730595,0.0,0.00244124
constant_long,3,20260917,0,DOGEUSDT,failed,drawdown_limit,182,-0.07303834612749416,-1.5548143112738713,0.16530906556774005,0.019493541421307558,0.0,0.0018869999999999998
constant_long,3,20260917,0,ETHUSDT,failed,drawdown_limit,227,-0.08172027524343373,-2.2485726549554235,0.15156903636157515,0.013681882028367351,0.0,0.00378375
constant_long,3,20260917,0,LINKUSDT,failed,drawdown_limit,174,-0.08259701833974031,-2.680253149249586,0.15324752401297326,0.014894039093498278,0.0,0.00180336
constant_long,3,20260917,0,LTCUSDT,failed,drawdown_limit,182,-0.11555619732071565,-3.819625729493761,0.16352263460680927,0.016266521776847086,0.0,0.004305999999999991
constant_long,3,20260917,0,SOLUSDT,failed,drawdown_limit,174,-0.028423966482938212,-0.6816871918577023,0.15029693136467348,0.01649745553587619,0.0,0.0020569
constant_long,3,20260917,0,XRPUSDT,failed,drawdown_limit,180,-0.1266812979425468,-4.5963334554559525,0.15040643689215816,0.015460109753299256,0.0,0.0018586099999999993
constant_short,3,20260917,0,ADAUSDT,complete,,599,0.0627736544844002,0.5612612058595128,0.10930144979025003,0.01931191832670078,0.0,0.001979589999999997
constant_short,3,20260917,0,AVAXUSDT,failed,drawdown_limit,387,0.15953241269159224,1.4024923304143968,0.1569992094029441,0.0237550667009451,0.0,0.0024248
constant_short,3,20260917,0,BNBUSDT,complete,,599,0.01969336339634209,0.285074221440523,0.13861214960354717,0.01291450730451319,0.0,0.002671119999999999
constant_short,3,20260917,0,BTCUSDT,complete,,599,0.15852698580275204,1.7275839490429121,0.07920791457087795,0.011352151714078577,0.0,0.0029826599999999994
constant_short,3,20260917,0,DOGEUSDT,complete,,599,0.0817479602002229,0.7128726831875247,0.14198074113178227,0.017271255033176607,0.0,0.0033812499999999897
constant_short,3,20260917,0,ETHUSDT,failed,drawdown_limit,414,0.04554126403961134,0.628427481851299,0.15662721147011116,0.015809734603541927,0.0,0.00232078
constant_short,3,20260917,0,LINKUSDT,complete,,599,0.03733475225625149,0.3877791633969343,0.13940052592653485,0.017756144242593294,0.0,0.0021552599999999996
constant_short,3,20260917,0,LTCUSDT,complete,,599,0.11553909755004321,1.0263896541099438,0.11750898939897447,0.015020883179211885,0.0,0.0019976299999999985
constant_short,3,20260917,0,SOLUSDT,failed,drawdown_limit,461,0.038570337788427,0.443418205170889,0.15366773944084056,0.022160219106297476,0.0,0.00203881
constant_short,3,20260917,0,XRPUSDT,failed,drawdown_limit,584,0.044092317068421316,0.4911232757878005,0.15142149283812112,0.01641901955696565,0.0,0.002053560000000002
historical_mean,3,20260917,0,ADAUSDT,failed,drawdown_limit,175,-0.0525363682471387,-1.4575613096267843,0.1518522235127855,0.015873152576195274,0.0,0.6562368800000001
historical_mean,3,20260917,0,AVAXUSDT,failed,drawdown_limit,173,-0.07334647979361042,-1.9015932270920617,0.1528302829600403,0.01587113588057871,0.0,0.34648425999999977
historical_mean,3,20260917,0,BNBUSDT,failed,drawdown_limit,284,-0.1156898512525083,-2.3214377588600077,0.15974326319047905,0.015030417242115882,0.0,0.08272178000000124
historical_mean,3,20260917,0,BTCUSDT,failed,drawdown_limit,279,-0.11381329871559143,-2.937709496712626,0.15725710080690136,0.013151251959730595,0.0,0.08976707999999904
historical_mean,3,20260917,0,DOGEUSDT,failed,drawdown_limit,182,-0.07303834612749416,-1.5548143112738713,0.16530906556774005,0.019493541421307558,0.0,0.0460068
historical_mean,3,20260917,0,ETHUSDT,failed,drawdown_limit,227,-0.08172027524343373,-2.2485726549554235,0.15156903636157515,0.013681882028367351,0.0,0.19156325
historical_mean,3,20260917,0,LINKUSDT,failed,drawdown_limit,174,-0.08259701833974031,-2.680253149249586,0.15324752401297326,0.014894039093498278,0.0,0.04559726
historical_mean,3,20260917,0,LTCUSDT,failed,drawdown_limit,182,-0.11555619732071565,-3.819625729493761,0.16352263460680927,0.016266521776847086,0.0,0.03842859999999999
historical_mean,3,20260917,0,SOLUSDT,failed,drawdown_limit,174,-0.028423966482938212,-0.6816871918577023,0.15029693136467348,0.01649745553587619,0.0,0.03948461
historical_mean,3,20260917,0,XRPUSDT,failed,drawdown_limit,180,-0.1266812979425468,-4.5963334554559525,0.15040643689215816,0.015460109753299256,0.0,0.037305279999999996
last_return,3,20260917,0,ADAUSDT,failed,turnover_limit,7,0.004937624041456701,4.332677368740004,0.007827558037357907,0.0061631001746119685,0.0,0.03670374
last_return,3,20260917,0,AVAXUSDT,failed,turnover_limit,10,0.002918791251756314,1.3739264708126462,0.012502266775486603,0.012502266775486603,0.0,0.03834319
last_return,3,20260917,0,BNBUSDT,failed,turnover_limit,28,-0.007273998624566347,-2.496531853989267,0.017923152191657965,0.006370301167987535,0.0,0.03951134
last_return,3,20260917,0,BTCUSDT,failed,turnover_limit,43,0.029307315078639817,6.797079079034944,0.012698079745873336,0.005698333199328813,0.0,0.038975239999999994
last_return,3,20260917,0,DOGEUSDT,failed,turnover_limit,19,0.0055010747676009775,2.5502071355567852,0.009419532128775776,0.007807935681164668,0.0,0.03381612
last_return,3,20260917,0,ETHUSDT,failed,turnover_limit,10,-0.005453854059927377,-4.195030798183997,0.010385160952980588,0.007150824985991622,0.0,0.033894469999999996
last_return,3,20260917,0,LINKUSDT,failed,turnover_limit,10,-0.011352995051155723,-5.591418552956103,0.019414207838765907,0.010562586269441954,0.0,0.033724569999999995
last_return,3,20260917,0,LTCUSDT,failed,turnover_limit,7,-0.0010040508702857665,-1.0424461575172943,0.009840894914332377,0.004972763664059965,0.0,0.03423114
last_return,3,20260917,0,SOLUSDT,failed,turnover_limit,7,-0.008405892692797678,-15.751241864222743,0.008405892692797678,0.00687085859654335,0.0,0.033842340000000005
last_return,3,20260917,0,XRPUSDT,failed,turnover_limit,19,0.015236334401181884,7.293565329362423,0.00523258035407026,0.004425065341893131,0.0,0.03386318
momentum,3,20260917,0,ADAUSDT,failed,turnover_limit,7,0.004937624041456701,4.332677368740004,0.007827558037357907,0.0061631001746119685,0.0,0.04228448
momentum,3,20260917,0,AVAXUSDT,failed,turnover_limit,10,0.002918791251756314,1.3739264708126462,0.012502266775486603,0.012502266775486603,0.0,0.03956471
momentum,3,20260917,0,BNBUSDT,failed,turnover_limit,13,-0.024878024506155838,-18.130990496657375,0.026165464223404267,0.006908559332942987,0.0,0.040709600000000006
momentum,3,20260917,0,BTCUSDT,failed,turnover_limit,31,0.0005873751752940581,0.22704781787391395,0.013937954418199339,0.008072817001780086,0.0,0.0336956
momentum,3,20260917,0,DOGEUSDT,failed,turnover_limit,13,-0.020837933897869698,-13.926929741623196,0.022124513927044287,0.007811726986463152,0.0,0.033911039999999996
momentum,3,20260917,0,ETHUSDT,failed,turnover_limit,13,-0.030877163031399757,-20.49884663899724,0.03183848733395067,0.007154328512633867,0.0,0.034201199999999994
momentum,3,20260917,0,LINKUSDT,failed,turnover_limit,10,-0.019662699201564937,-11.985947622459733,0.019662699201564937,0.010565117876822794,0.0,0.03507672
momentum,3,20260917,0,LTCUSDT,failed,turnover_limit,10,-0.02272421264831237,-19.755761586499457,0.023504998379781372,0.008718531363845816,0.0,0.03825898
momentum,3,20260917,0,SOLUSDT,failed,turnover_limit,13,-0.019766847736040205,-9.773354521578703,0.0276060893986676,0.011747220045783324,0.0,0.03637088
momentum,3,20260917,0,XRPUSDT,failed,turnover_limit,19,-0.0016448389274567043,-0.696906399544426,0.017216371942235575,0.008350604127766337,0.0,0.0345199
reversal,3,20260917,0,ADAUSDT,failed,turnover_limit,7,-0.006937387007038387,-5.69829746201683,0.016050131224426,0.008837489688642952,0.0,0.03775728
reversal,3,20260917,0,AVAXUSDT,failed,turnover_limit,10,-0.00407525507773332,-1.6436071532805396,0.018913748938010788,0.009313676079230948,0.0,0.03367136
reversal,3,20260917,0,BNBUSDT,failed,turnover_limit,13,0.02321991395319256,17.272778467552552,0.006208682232324292,0.006208682232324292,0.0,0.03363832
reversal,3,20260917,0,BTCUSDT,failed,turnover_limit,31,-0.0041484512777668625,-1.1263258623230412,0.020838955331087372,0.007634574184987641,0.0,0.037850100000000005
reversal,3,20260917,0,DOGEUSDT,failed,turnover_limit,13,0.01902711141876723,13.137440719639635,0.007427076792924536,0.0051468044596300055,0.0,0.0392618
reversal,3,20260917,0,ETHUSDT,failed,turnover_limit,13,0.02943951711245285,19.726808115730556,0.005644086686621419,0.005644086686621419,0.0,0.040786039999999996
reversal,3,20260917,0,LINKUSDT,failed,turnover_limit,10,0.01877408786757573,11.503096742180766,0.007862079563946467,0.007862079563946467,0.0,0.034750260000000005
reversal,3,20260917,0,LTCUSDT,failed,turnover_limit,10,0.02101011154274346,18.941115475984702,0.005248475564971655,0.005248475564971655,0.0,0.04357274
reversal,3,20260917,0,SOLUSDT,failed,turnover_limit,13,0.018692404933242646,9.37112030302665,0.009340494060747995,0.0075181255278773396,0.0,0.03493512
reversal,3,20260917,0,XRPUSDT,failed,turnover_limit,19,-0.00153189821930666,-0.6648024045757224,0.013531607858093597,0.007181816248609807,0.0,0.047949359999999996
ridge_optimizer,3,20260917,0,ADAUSDT,failed,drawdown_limit,175,-0.0525363682471387,-1.4575613096267843,0.1518522235127855,0.015873152576195274,0.0,0.07658142
ridge_optimizer,3,20260917,0,AVAXUSDT,failed,turnover_limit,16,0.02910914426545097,8.166551853817237,0.018913748938010788,0.009313676079230948,0.0,0.08645155
ridge_optimizer,3,20260917,0,BNBUSDT,failed,drawdown_limit,284,-0.10907960789826476,-2.180248789702371,0.15974326319048004,0.015030417242115861,0.0,0.12243826000000003
ridge_optimizer,3,20260917,0,BTCUSDT,failed,drawdown_limit,279,-0.10779820135742257,-2.7819169987478163,0.1572571008069007,0.013151251959730595,0.0,0.1087976399999999
ridge_optimizer,3,20260917,0,DOGEUSDT,failed,turnover_limit,73,0.11857716182049738,9.52896740846769,0.022768036451918827,0.008950952257890749,0.0,0.11057511999999993
ridge_optimizer,3,20260917,0,ETHUSDT,failed,drawdown_limit,227,-0.08172027524343373,-2.2485726549554235,0.15156903636157515,0.013681882028367351,0.0,0.07445125
ridge_optimizer,3,20260917,0,LINKUSDT,failed,turnover_limit,112,0.005709617786792132,0.40093398042767686,0.07174150726676043,0.013221471264148466,0.0,0.06905914
ridge_optimizer,3,20260917,0,LTCUSDT,failed,drawdown_limit,182,-0.10734608750425345,-3.544703954825098,0.16352263460680938,0.016266521776847054,0.0,0.08699219999999999
ridge_optimizer,3,20260917,0,SOLUSDT,failed,drawdown_limit,174,-0.028423966482938212,-0.6816871918577023,0.15029693136467348,0.01649745553587619,0.0,0.06002433
ridge_optimizer,3,20260917,0,XRPUSDT,failed,drawdown_limit,180,-0.1266812979425468,-4.5963334554559525,0.15040643689215816,0.015460109753299256,0.0,0.061353329999999984
logistic,3,20260917,0,ADAUSDT,complete,,599,0.038339527438707055,0.6896972619013212,0.04643996621198554,0.003987969765307061,0.0,0.04780509999999999
logistic,3,20260917,0,AVAXUSDT,complete,,599,0.050996011498254834,0.844660419108453,0.06243359765905365,0.006285981757752556,0.0,0.03957601999999999
logistic,3,20260917,0,BNBUSDT,complete,,599,0.0024389441219661023,0.10331439658120782,0.026048711505687216,0.0019171999032242648,0.0,0.041216149999999986
logistic,3,20260917,0,BTCUSDT,complete,,599,-0.008479883650961528,-1.3575946921649553,0.008479883650961528,0.0004276306425466207,0.0,0.04375527999999999
logistic,3,20260917,0,DOGEUSDT,complete,,599,-0.04416582469476149,-0.8370754836900144,0.08368508446430589,0.005706282998211176,0.0,0.04202406
logistic,3,20260917,0,ETHUSDT,complete,,599,-0.0038807618951088863,-0.14609343193092364,0.027792341802807763,0.001950457303173873,0.0,0.04468742999999999
logistic,3,20260917,0,LINKUSDT,complete,,599,0.05882245688497578,1.2590368682204194,0.03815673507316231,0.0032707474997705098,0.0,0.043987549999999966
logistic,3,20260917,0,LTCUSDT,complete,,599,-0.027928539801280516,-0.7120517401985886,0.06440615903441882,0.0035606303209945772,0.0,0.03542845999999993
logistic,3,20260917,0,SOLUSDT,complete,,599,0.056819671651672676,0.9898481497650371,0.0405257744628339,0.005132250823099464,0.0,0.04675637999999999
logistic,3,20260917,0,XRPUSDT,complete,,599,0.014040365832562518,0.4449814590459341,0.022904053795041124,0.001963958887724293,0.0,0.047958419999999995
contextual_bandit,3,20260917,0,ADAUSDT,failed,turnover_limit,13,0.008058431663859222,4.329997690157612,0.007827558037357907,0.007273324119600688,0.0,0.02916076
contextual_bandit,3,20260917,0,AVAXUSDT,failed,turnover_limit,19,-0.017552324367482997,-4.680540869989868,0.03259809020105198,0.014472434691802816,0.0,0.027417
contextual_bandit,3,20260917,0,BNBUSDT,failed,turnover_limit,13,0.008159136876863204,5.364753580663628,0.008539338146746456,0.005829212837464404,0.0,0.028131120000000003
contextual_bandit,3,20260917,0,BTCUSDT,failed,turnover_limit,7,-0.006554918654372521,-5.99113305432021,0.012944909182069586,0.008753340693201328,0.0,0.0257962
contextual_bandit,3,20260917,0,DOGEUSDT,failed,turnover_limit,22,-0.019234873840753175,-7.128538381126931,0.027382580869461215,0.00890152468226968,0.0,0.03283547
contextual_bandit,3,20260917,0,ETHUSDT,failed,turnover_limit,10,-0.005453854059927377,-4.195030798183997,0.010385160952980588,0.007150824985991622,0.0,0.02938186
contextual_bandit,3,20260917,0,LINKUSDT,failed,turnover_limit,7,-0.005929104142458286,-4.274372207691893,0.014034542157609686,0.010562586269441954,0.0,0.05417584
contextual_bandit,3,20260917,0,LTCUSDT,failed,turnover_limit,7,-0.0010040508702857665,-1.0424461575172943,0.009840894914332377,0.004972763664059965,0.0,0.20810204
contextual_bandit,3,20260917,0,SOLUSDT,failed,turnover_limit,10,-0.005109549209894926,-3.523487496001027,0.013066010031048347,0.006869210943658333,0.0,0.12687454999999997
contextual_bandit,3,20260917,0,XRPUSDT,failed,turnover_limit,7,0.011911270338806013,13.711229018303827,0.004199500973513182,0.0039504885956621605,0.0,0.04773918
behavior_uniform,3,20260917,0,ADAUSDT,failed,turnover_limit,55,-0.01913777444118714,-3.101576526401257,0.04146663726118771,0.008430119099464265,0.0,0.030834640000000003
behavior_uniform,3,20260917,0,AVAXUSDT,failed,turnover_limit,55,-0.029124174347929466,-3.669145375522549,0.054796254670863576,0.010991320240378855,0.0,0.02897476
behavior_uniform,3,20260917,0,BNBUSDT,failed,turnover_limit,55,-0.014338147550838287,-4.037739546269943,0.02843799712645534,0.004840377823956114,0.0,0.02433294
behavior_uniform,3,20260917,0,BTCUSDT,failed,turnover_limit,61,-0.009409083901673276,-1.756161970808558,0.023786875716058753,0.006994330038128688,0.0,0.0246676
behavior_uniform,3,20260917,0,DOGEUSDT,failed,turnover_limit,61,0.00704928012130468,1.109978372129703,0.022319382929091525,0.007454793672330734,0.0,0.027398800000000004
behavior_uniform,3,20260917,0,ETHUSDT,failed,turnover_limit,61,-0.03647047622708521,-5.975749416221187,0.0416399228597123,0.008288347036462501,0.0,0.029675800000000002
behavior_uniform,3,20260917,0,LINKUSDT,failed,turnover_limit,55,-0.02163297004146203,-3.3598739855000788,0.04254973305048371,0.00875118245794467,0.0,0.02511824
behavior_uniform,3,20260917,0,LTCUSDT,failed,turnover_limit,55,-0.01798934010651665,-4.035443054017371,0.033839715070724474,0.006216242471594653,0.0,0.02866728
behavior_uniform,3,20260917,0,SOLUSDT,failed,turnover_limit,55,-0.022128550496049337,-2.490980361394046,0.03851911445276324,0.014809437809589729,0.0,0.03041302
behavior_uniform,3,20260917,0,XRPUSDT,failed,turnover_limit,55,-0.0057976625250292235,-1.6114989985862347,0.02619467347429938,0.005219956705501609,0.0,0.0277644
behavior_clone,3,20260917,0,ADAUSDT,complete,,599,0.0,,0.0,-0.0,0.0,0.0013965899999999996
behavior_clone,3,20260917,0,AVAXUSDT,complete,,599,0.0,,0.0,-0.0,0.0,0.0017908199999999992
behavior_clone,3,20260917,0,BNBUSDT,complete,,599,0.0,,0.0,-0.0,0.0,0.0016843899999999996
behavior_clone,3,20260917,0,BTCUSDT,complete,,599,0.0,,0.0,-0.0,0.0,0.0020222499999999984
behavior_clone,3,20260917,0,DOGEUSDT,complete,,599,0.0,,0.0,-0.0,0.0,0.004656119999999994
behavior_clone,3,20260917,0,ETHUSDT,complete,,599,0.0,,0.0,-0.0,0.0,0.001967189999999999
behavior_clone,3,20260917,0,LINKUSDT,complete,,599,0.0,,0.0,-0.0,0.0,0.0019391499999999997
behavior_clone,3,20260917,0,LTCUSDT,complete,,599,0.0,,0.0,-0.0,0.0,0.0017625999999999985
behavior_clone,3,20260917,0,SOLUSDT,complete,,599,0.0,,0.0,-0.0,0.0,0.0018763699999999998
behavior_clone,3,20260917,0,XRPUSDT,complete,,599,0.0,,0.0,-0.0,0.0,0.0019122299999999998
ppo,3,11,1,ADAUSDT,failed,turnover_limit,112,-0.041550093763925044,-4.831057590159783,0.041550093763925044,0.00933572405398414,0.0,0.0145956
ppo,3,11,1,AVAXUSDT,failed,turnover_limit,22,-0.014385921564926463,-2.9523571995903377,0.036859467913807564,0.014014449886805114,0.0,0.01565132
ppo,3,11,1,BNBUSDT,failed,turnover_limit,22,-0.022876202520039635,-12.224273272939826,0.022876202520039635,0.008683751952442753,0.0,0.017270630000000002
ppo,3,11,1,BTCUSDT,complete,,599,-0.012535194734250021,-0.5957558163886795,0.022757166493731718,0.0014652512960779073,0.0,0.014979419999999952
ppo,3,11,1,DOGEUSDT,failed,turnover_limit,97,-0.04640380877971717,-6.172773019213286,0.04672320589467949,0.010062857570830941,0.0,0.01483272
ppo,3,11,1,ETHUSDT,complete,,599,-0.03902651337737362,-2.1878375621750217,0.04467914933214412,0.0021584949277051457,0.01,0.014764579999999942
ppo,3,11,1,LINKUSDT,failed,turnover_limit,97,-0.013494900779788432,-1.2570920750914099,0.02895444439953465,0.009967150935987767,0.0,0.01593624
ppo,3,11,1,LTCUSDT,failed,turnover_limit,97,-0.024927993500143297,-1.9347671108810511,0.04507414234441842,0.012545265592556398,0.0,0.01630408
ppo,3,11,1,SOLUSDT,failed,turnover_limit,22,-0.04254231037859568,-13.065521063873526,0.04382894741126708,0.013710352261764813,0.0,0.01512356
ppo,3,11,1,XRPUSDT,failed,turnover_limit,139,-0.017959758392209313,-1.688609426337423,0.02363759408132393,0.007985496495608218,0.0,0.02627742
ppo,3,23,1,ADAUSDT,complete,,599,-0.07848438543690983,-0.7781833649788836,0.1477298590650037,0.011586664093395527,0.0,0.02780903999999998
ppo,3,23,1,AVAXUSDT,failed,drawdown_limit,364,-0.1347327070065667,-2.1818721351067993,0.15091813560190204,0.015194794165883698,0.0,0.019848119999999993
ppo,3,23,1,BNBUSDT,complete,,599,-0.06395456788586085,-0.9502603503401763,0.10796924640952976,0.009605881966216204,0.0,0.01905731999999999
ppo,3,23,1,BTCUSDT,complete,,599,0.03671084268896574,0.6398084656057038,0.05653482385481079,0.007851625772225656,0.0,0.024758729999999993
ppo,3,23,1,DOGEUSDT,complete,,599,-0.026532499715168134,-0.1894355876022594,0.10526433516521116,0.012372956068059205,0.0,0.02149521999999996
ppo,3,23,1,ETHUSDT,complete,,599,0.024513113309565515,0.43686434185109707,0.06183040100656689,0.00853735072126565,0.01,0.02106451999999995
ppo,3,23,1,LINKUSDT,complete,,599,-0.053563346016459845,-0.5111366221337749,0.1299882472518844,0.012043565212439038,0.0,0.021535239999999973
ppo,3,23,1,LTCUSDT,failed,turnover_limit,430,0.046817206935521494,0.6942331060459617,0.10556930642059503,0.014280674215693205,0.0,0.023726009999999974
ppo,3,23,1,SOLUSDT,complete,,599,0.057452768486890626,0.6042839522752071,0.1256531785385071,0.013554888222798505,0.0,0.021466239999999914
ppo,3,23,1,XRPUSDT,failed,endpoint_exposure,465,0.19066721708330703,1.7844835183227832,0.06810134275039548,0.010381635183825996,0.0,0.03286038000000001
ppo,3,47,1,ADAUSDT,complete,,599,-0.09725379870287432,-1.6707236252692463,0.10400967565869002,0.008546794635671425,0.0,0.01901384999999998
ppo,3,47,1,AVAXUSDT,complete,,599,-0.07115325283597995,-0.9411396386520657,0.10644248031914227,0.010725050318963576,0.0,0.016252039999999964
ppo,3,47,1,BNBUSDT,complete,,599,-0.06175756997319337,-1.4359168331297516,0.06549112739907437,0.007114148208259933,0.0,0.01896908
ppo,3,47,1,BTCUSDT,complete,,599,0.009173341025677573,0.2351161384734692,0.07666408017962156,0.006179163889405429,0.0,0.018903099999999978
ppo,3,47,1,DOGEUSDT,complete,,599,-0.035922436912058764,-0.3924736687896858,0.08263260055120492,0.009785751096647703,0.0,0.016904839999999966
ppo,3,47,1,ETHUSDT,complete,,599,-0.02151140292693321,-0.4012730771904952,0.063742242108074,0.006964052657379649,0.01,0.015293839999999979
ppo,3,47,1,LINKUSDT,complete,,599,-0.07821409096396059,-1.1289249453566723,0.10102029097045329,0.00976897357457119,0.0,0.02296613999999997
ppo,3,47,1,LTCUSDT,complete,,599,-0.09205875512300721,-1.3997850594879881,0.09572111054025567,0.00984099214185474,0.0,0.030828209999999953
ppo,3,47,1,SOLUSDT,complete,,599,0.040906525657890214,0.49998271239523445,0.11782820469349253,0.012094455147386659,0.0,0.03003128999999988
ppo,3,47,1,XRPUSDT,complete,,599,-0.0005359049194710863,0.054606158172859624,0.06851012663356304,0.009296304330003854,0.0,0.017558909999999997
double_dqn,3,11,1,ADAUSDT,failed,turnover_limit,481,-0.04991201950793178,-1.1219106607317932,0.0667648464795213,0.007274957970175273,0.0,0.0164754
double_dqn,3,11,1,AVAXUSDT,failed,turnover_limit,220,-0.10493918374027,-3.6099234226285786,0.1080155585638991,0.01421926287621621,0.0,0.01591051999999999
double_dqn,3,11,1,BNBUSDT,complete,,599,0.07393138611560923,1.7459552338435984,0.035865844174302386,0.005035042034595871,0.0,0.019685479999999998
double_dqn,3,11,1,BTCUSDT,failed,turnover_limit,103,-0.018512057482048094,-2.000673596142625,0.03874563053070246,0.008391802402715679,0.0,0.0191073
double_dqn,3,11,1,DOGEUSDT,failed,turnover_limit,574,-0.0745976733241307,-1.1140226977273404,0.11989087411913335,0.008609827769243546,0.0,0.016331390000000005
double_dqn,3,11,1,ETHUSDT,complete,,599,-0.016908895109351563,-0.5218156889937117,0.035643361732218715,0.004437545158843022,0.01,0.02312051
double_dqn,3,11,1,LINKUSDT,complete,,599,0.03562011959740441,0.5922194666885748,0.07199095654539911,0.008716481971181878,0.0,0.018274289999999988
double_dqn,3,11,1,LTCUSDT,failed,turnover_limit,382,-0.03488977237572277,-0.7519571744277591,0.13450100827386013,0.009590319314065399,0.0,0.01661780000000001
double_dqn,3,11,1,SOLUSDT,complete,,599,0.08822043359552212,1.11929999365579,0.06909725677884482,0.010379004964369365,0.0,0.01808655999999998
double_dqn,3,11,1,XRPUSDT,complete,,599,-0.10656035620512927,-2.1744196493628998,0.11407057276270394,0.008475067691275958,0.0,0.01572989999999997
double_dqn,3,23,1,ADAUSDT,complete,,599,-0.028899027587305337,-0.24761643866117763,0.14335353457118472,0.010988862421674628,0.0,0.020349149999999983
double_dqn,3,23,1,AVAXUSDT,complete,,599,-0.07760440953330694,-0.835224199768549,0.14667357052377572,0.012003984799503898,0.0,0.016860959999999998
double_dqn,3,23,1,BNBUSDT,complete,,599,-0.04382252782794671,-0.6431063875510159,0.09379315241430664,0.009281000759033198,0.0,0.018750969999999995
double_dqn,3,23,1,BTCUSDT,failed,turnover_limit,103,0.025849124244788246,1.6470060286208787,0.05653482385481079,0.011816023858869576,0.0,0.017248779999999988
double_dqn,3,23,1,DOGEUSDT,complete,,599,-0.10476400478500458,-1.2505361030493702,0.13907170802181534,0.012898389643990267,0.0,0.016430549999999995
double_dqn,3,23,1,ETHUSDT,complete,,599,0.09380156108906146,1.5014036955804966,0.0488518857986775,0.008223884358528085,0.01,0.02015856999999999
double_dqn,3,23,1,LINKUSDT,failed,turnover_limit,415,-0.023994017661771005,-0.3149648635450803,0.12998824725188496,0.012518101110808592,0.0,0.018035640000000012
double_dqn,3,23,1,LTCUSDT,failed,turnover_limit,118,-0.030311984043984164,-1.184745353017589,0.10556930642059548,0.01660393386264647,0.0,0.018512479999999998
double_dqn,3,23,1,SOLUSDT,failed,endpoint_exposure,466,-0.12904620775478692,-1.4736441271604508,0.14824642827044998,0.01739879872625819,0.0,0.019110999999999996
double_dqn,3,23,1,XRPUSDT,failed,endpoint_exposure,465,0.15903048789277885,1.5443967803897651,0.08517350017998793,0.010277497372081104,0.0,0.017776720000000017
double_dqn,3,47,1,ADAUSDT,failed,turnover_limit,466,0.003432663447352713,0.13073740957597102,0.08970713991980228,0.011349664191032371,0.0,0.017480199999999998
double_dqn,3,47,1,AVAXUSDT,complete,,599,0.007112853656153106,0.1604795541953231,0.09682516026282162,0.011850396685553854,0.0,0.016566109999999995
double_dqn,3,47,1,BNBUSDT,complete,,599,0.04487999898425943,0.8504023806294672,0.04507812832621472,0.007460352655623574,0.0,0.021407869999999992
double_dqn,3,47,1,BTCUSDT,complete,,599,0.03801438192991902,0.7358307050775733,0.05817309454873232,0.00729870373853535,0.0,0.027222839999999957
double_dqn,3,47,1,DOGEUSDT,failed,turnover_limit,367,0.04695542939966568,0.8485030990021534,0.08374578957810341,0.01103683814533683,0.0,0.02081202
double_dqn,3,47,1,ETHUSDT,complete,,599,0.008844791936680307,0.20910373747815092,0.04623156288066754,0.007828095602515902,0.01,0.02088893999999995
double_dqn,3,47,1,LINKUSDT,failed,turnover_limit,367,0.029739018943525597,0.6405555990036534,0.0805018077459283,0.011026932969022322,0.0,0.02138914
double_dqn,3,47,1,LTCUSDT,failed,turnover_limit,427,-0.08960282700016631,-1.4125917449191312,0.10864039501760636,0.012976946166759307,0.0,0.02067702000000003
double_dqn,3,47,1,SOLUSDT,failed,turnover_limit,424,-0.07392884483936923,-1.140503963354884,0.1026883372731543,0.013062482367011886,0.0,0.020036990000000015
double_dqn,3,47,1,XRPUSDT,failed,capital_floor,465,-0.2282073240739303,-2.2529170524813478,0.25538364051077267,0.01641321150375051,0.0,0.02398510000000008
cql,3,11,1,ADAUSDT,complete,,599,-0.0628201162814922,-0.6009328440104795,0.14335353457118505,0.011355854342868546,0.0,0.023463859999999993
cql,3,11,1,AVAXUSDT,failed,drawdown_limit,570,-0.13002180132488594,-1.4006002458878621,0.15316351333824463,0.013556790925938346,0.0,0.02968707999999991
cql,3,11,1,BNBUSDT,complete,,599,-0.06395456788586085,-0.9502603503401763,0.10796924640952976,0.009605881966216204,0.0,0.02389393999999995
cql,3,11,1,BTCUSDT,complete,,599,0.03671084268896574,0.6398084656057038,0.05653482385481079,0.007851625772225656,0.0,0.031221709999999982
cql,3,11,1,DOGEUSDT,complete,,599,-0.06467436479307964,-0.5919341644442614,0.11087652862606001,0.012566117743198024,0.0,0.02050387999999998
cql,3,11,1,ETHUSDT,complete,,599,0.034746775531865115,0.5922237872277553,0.06183040100656689,0.00853735072126565,0.01,0.06155392999999998
cql,3,11,1,LINKUSDT,complete,,599,-0.04334592788297709,-0.39312659829775093,0.12853046295388182,0.012043435135800421,0.0,0.01856185999999998
cql,3,11,1,LTCUSDT,complete,,599,-0.07858447472746122,-0.7251625384633951,0.12294749797858551,0.014183694280077522,0.0,0.021208949999999997
cql,3,11,1,SOLUSDT,complete,,599,0.01148279156787213,0.2041595048418111,0.12853396007561524,0.014165284614777321,0.0,0.03480629999999993
cql,3,11,1,XRPUSDT,failed,endpoint_exposure,465,0.24612392345591405,2.1927741128227547,0.06668758844386102,0.01038154681499269,0.0,0.02134630000000001
cql,3,23,1,ADAUSDT,complete,,599,-0.0628201162814922,-0.6009328440104795,0.14335353457118505,0.011355854342868546,0.0,0.018780849999999988
cql,3,23,1,AVAXUSDT,failed,drawdown_limit,364,-0.13932467647478286,-2.2829705105646543,0.1554242090764275,0.015170948203305609,0.0,0.032752369999999954
cql,3,23,1,BNBUSDT,complete,,599,-0.06395456788586085,-0.9502603503401763,0.10796924640952976,0.009605881966216204,0.0,0.01984337
cql,3,23,1,BTCUSDT,complete,,599,0.03671084268896574,0.6398084656057038,0.05653482385481079,0.007851625772225656,0.0,0.01926810999999998
cql,3,23,1,DOGEUSDT,complete,,599,-0.06467436479307964,-0.5919341644442614,0.11087652862606001,0.012566117743198024,0.0,0.020544249999999997
cql,3,23,1,ETHUSDT,complete,,599,0.024513113309565515,0.43686434185109707,0.06183040100656689,0.00853735072126565,0.01,0.018633039999999986
cql,3,23,1,LINKUSDT,complete,,599,-0.04334592788297709,-0.39312659829775093,0.12853046295388182,0.012043435135800421,0.0,0.017868779999999973
cql,3,23,1,LTCUSDT,complete,,599,-0.10507087141989446,-1.040652201111612,0.1319195727155399,0.014081805146141253,0.0,0.016597319999999974
cql,3,23,1,SOLUSDT,complete,,599,-0.007824950453234503,0.03182054240810545,0.1450312643481092,0.013928877538849256,0.0,0.02038419999999999
cql,3,23,1,XRPUSDT,failed,endpoint_exposure,465,0.2515525201204247,2.2484233740594033,0.06668758844386136,0.010138409168970222,0.0,0.019983760000000007
cql,3,47,1,ADAUSDT,complete,,599,-0.0015220915226910048,0.0648027487458014,0.12209684679393007,0.012561889181206468,0.0,0.018154559999999993
cql,3,47,1,AVAXUSDT,complete,,599,0.10905966445553217,1.2402683547697493,0.12765952133050928,0.011440195373581548,0.0,0.019357239999999998
cql,3,47,1,BNBUSDT,complete,,599,0.0799793636148387,1.3076290032991464,0.04943939785876261,0.0077660427562760296,0.0,0.0202121
cql,3,47,1,BTCUSDT,complete,,599,0.005478698214566258,0.1505355629590767,0.06650650542699177,0.007856203542041078,0.0,0.020591059999999994
cql,3,47,1,DOGEUSDT,complete,,599,0.07369238828897084,0.9288887083396906,0.08514094721947107,0.010317151801345585,0.0,0.023502279999999997
cql,3,47,1,ETHUSDT,complete,,599,-0.02641119396788949,-0.3869526181624999,0.09484950529249092,0.008685895919235909,0.01,0.015535609999999983
cql,3,47,1,LINKUSDT,complete,,599,-0.003656479083242181,0.03495805716311882,0.1430380836226468,0.01163987553875225,0.0,0.0179272299999999
cql,3,47,1,LTCUSDT,failed,turnover_limit,97,0.029837809202203136,1.748399201968145,0.04507414283234379,0.014539628683318529,0.0,0.041308199999999996
cql,3,47,1,SOLUSDT,failed,drawdown_limit,465,-0.055277407084953434,-0.6089760769132219,0.15994136976216555,0.014012987605193669,0.0,0.02543110000000006
cql,3,47,1,XRPUSDT,failed,capital_floor,465,-0.20885944701442327,-1.9847393511868818,0.22945983101612188,0.01779082807967569,0.0,0.018548860000000007
cql_no_inventory_penalty,3,11,1,ADAUSDT,complete,,599,-0.0628201162814922,-0.6009328440104795,0.14335353457118505,0.011355854342868546,0.0,0.04249593
cql_no_inventory_penalty,3,11,1,AVAXUSDT,failed,drawdown_limit,570,-0.13002180132488594,-1.4006002458878621,0.15316351333824463,0.013556790925938346,0.0,0.03465364999999994
cql_no_inventory_penalty,3,11,1,BNBUSDT,complete,,599,-0.06395456788586085,-0.9502603503401763,0.10796924640952976,0.009605881966216204,0.0,0.033161679999999874
cql_no_inventory_penalty,3,11,1,BTCUSDT,complete,,599,0.03671084268896574,0.6398084656057038,0.05653482385481079,0.007851625772225656,0.0,0.030788239999999998
cql_no_inventory_penalty,3,11,1,DOGEUSDT,complete,,599,-0.06467436479307964,-0.5919341644442614,0.11087652862606001,0.012566117743198024,0.0,0.03291784999999993
cql_no_inventory_penalty,3,11,1,ETHUSDT,complete,,599,0.034746775531865115,0.5922237872277553,0.06183040100656689,0.00853735072126565,0.01,0.041672829999999994
cql_no_inventory_penalty,3,11,1,LINKUSDT,complete,,599,-0.04334592788297709,-0.39312659829775093,0.12853046295388182,0.012043435135800421,0.0,0.027022239999999996
cql_no_inventory_penalty,3,11,1,LTCUSDT,complete,,599,-0.07858447472746122,-0.7251625384633951,0.12294749797858551,0.014183694280077522,0.0,0.03609196999999991
cql_no_inventory_penalty,3,11,1,SOLUSDT,complete,,599,0.01148279156787213,0.2041595048418111,0.12853396007561524,0.014165284614777321,0.0,0.04387420999999996
cql_no_inventory_penalty,3,11,1,XRPUSDT,failed,endpoint_exposure,465,0.24612392345591405,2.1927741128227547,0.06668758844386102,0.01038154681499269,0.0,0.041858960000000084
cql_no_inventory_penalty,3,23,1,ADAUSDT,complete,,599,-0.0628201162814922,-0.6009328440104795,0.14335353457118505,0.011355854342868546,0.0,0.0389150299999999
cql_no_inventory_penalty,3,23,1,AVAXUSDT,failed,drawdown_limit,364,-0.13932467647478286,-2.2829705105646543,0.1554242090764275,0.015170948203305609,0.0,0.03349993
cql_no_inventory_penalty,3,23,1,BNBUSDT,complete,,599,-0.06395456788586085,-0.9502603503401763,0.10796924640952976,0.009605881966216204,0.0,0.04032801999999989
cql_no_inventory_penalty,3,23,1,BTCUSDT,complete,,599,0.03671084268896574,0.6398084656057038,0.05653482385481079,0.007851625772225656,0.0,0.01835004
cql_no_inventory_penalty,3,23,1,DOGEUSDT,complete,,599,-0.06467436479307964,-0.5919341644442614,0.11087652862606001,0.012566117743198024,0.0,0.018380449999999993
cql_no_inventory_penalty,3,23,1,ETHUSDT,complete,,599,0.024513113309565515,0.43686434185109707,0.06183040100656689,0.00853735072126565,0.01,0.022837409999999895
cql_no_inventory_penalty,3,23,1,LINKUSDT,complete,,599,-0.04334592788297709,-0.39312659829775093,0.12853046295388182,0.012043435135800421,0.0,0.01904521999999999
cql_no_inventory_penalty,3,23,1,LTCUSDT,complete,,599,-0.10507087141989446,-1.040652201111612,0.1319195727155399,0.014081805146141253,0.0,0.01802856999999998
cql_no_inventory_penalty,3,23,1,SOLUSDT,complete,,599,-0.007824950453234503,0.03182054240810545,0.1450312643481092,0.013928877538849256,0.0,0.018035179999999994
cql_no_inventory_penalty,3,23,1,XRPUSDT,failed,endpoint_exposure,465,0.2515525201204247,2.2484233740594033,0.06668758844386136,0.010138409168970222,0.0,0.018649640000000006
cql_no_inventory_penalty,3,47,1,ADAUSDT,complete,,599,-0.0015220915226910048,0.0648027487458014,0.12209684679393007,0.012561889181206468,0.0,0.021949059999999992
cql_no_inventory_penalty,3,47,1,AVAXUSDT,complete,,599,0.10905966445553217,1.2402683547697493,0.12765952133050928,0.011440195373581548,0.0,0.023771249999999956
cql_no_inventory_penalty,3,47,1,BNBUSDT,complete,,599,0.0799793636148387,1.3076290032991464,0.04943939785876261,0.0077660427562760296,0.0,0.018387979999999995
cql_no_inventory_penalty,3,47,1,BTCUSDT,complete,,599,0.005478698214566258,0.1505355629590767,0.06650650542699177,0.007856203542041078,0.0,0.017399879999999996
cql_no_inventory_penalty,3,47,1,DOGEUSDT,complete,,599,0.07369238828897084,0.9288887083396906,0.08514094721947107,0.010317151801345585,0.0,0.016408669999999997
cql_no_inventory_penalty,3,47,1,ETHUSDT,complete,,599,-0.02641119396788949,-0.3869526181624999,0.09484950529249092,0.008685895919235909,0.01,0.019588209999999984
cql_no_inventory_penalty,3,47,1,LINKUSDT,complete,,599,-0.003656479083242181,0.03495805716311882,0.1430380836226468,0.01163987553875225,0.0,0.017223409999999984
cql_no_inventory_penalty,3,47,1,LTCUSDT,failed,turnover_limit,97,0.029837809202203136,1.748399201968145,0.04507414283234379,0.014539628683318529,0.0,0.018387
cql_no_inventory_penalty,3,47,1,SOLUSDT,failed,drawdown_limit,465,-0.055277407084953434,-0.6089760769132219,0.15994136976216555,0.014012987605193669,0.0,0.017228280000000033
cql_no_inventory_penalty,3,47,1,XRPUSDT,failed,capital_floor,465,-0.20885944701442327,-1.9847393511868818,0.22945983101612188,0.01779082807967569,0.0,0.019464640000000002
cash,3,20260917,1,ADAUSDT,complete,,599,0.0,,0.0,-0.0,0.0,0.001584099999999999
cash,3,20260917,1,AVAXUSDT,complete,,599,0.0,,0.0,-0.0,0.0,0.001918309999999998
cash,3,20260917,1,BNBUSDT,complete,,599,0.0,,0.0,-0.0,0.0,0.001678209999999999
cash,3,20260917,1,BTCUSDT,complete,,599,0.0,,0.0,-0.0,0.0,0.0016166699999999995
cash,3,20260917,1,DOGEUSDT,complete,,599,0.0,,0.0,-0.0,0.0,0.00156409
cash,3,20260917,1,ETHUSDT,complete,,599,0.0,,0.0,-0.0,0.01,0.0015253099999999987
cash,3,20260917,1,LINKUSDT,complete,,599,0.0,,0.0,-0.0,0.0,0.00152529
cash,3,20260917,1,LTCUSDT,complete,,599,0.0,,0.0,-0.0,0.0,0.0017754499999999905
cash,3,20260917,1,SOLUSDT,complete,,599,0.0,,0.0,-0.0,0.0,0.0016762499999999998
cash,3,20260917,1,XRPUSDT,complete,,599,0.0,,0.0,-0.0,0.0,0.0015691899999999998
constant_long,3,20260917,1,ADAUSDT,complete,,599,-0.07439338719926969,-0.726291783005473,0.14335353457118505,0.011578363487234237,0.0,0.003996829999999817
constant_long,3,20260917,1,AVAXUSDT,failed,drawdown_limit,570,-0.13002180132488594,-1.4006002458878621,0.15316351333824463,0.013556790925938346,0.0,0.0021157199999999993
constant_long,3,20260917,1,BNBUSDT,complete,,599,-0.06395456788586085,-0.9502603503401763,0.10796924640952976,0.009605881966216204,0.0,0.00216009
constant_long,3,20260917,1,BTCUSDT,complete,,599,0.03671084268896574,0.6398084656057038,0.05653482385481079,0.007851625772225656,0.0,0.003403719999999996
constant_long,3,20260917,1,DOGEUSDT,complete,,599,-0.06796149448952282,-0.6264968800789504,0.11422279416425418,0.012566117769359146,0.0,0.0026126499999999985
constant_long,3,20260917,1,ETHUSDT,complete,,599,0.024513113309565515,0.43686434185109707,0.06183040100656689,0.00853735072126565,0.01,0.006038309999999986
constant_long,3,20260917,1,LINKUSDT,complete,,599,-0.04334592788297709,-0.39312659829775093,0.12853046295388182,0.012043435135800421,0.0,0.003426889999999996
constant_long,3,20260917,1,LTCUSDT,complete,,599,-0.07810102928318385,-0.7147824720578848,0.1319189390952965,0.014183694303699949,0.0,0.0029474399999999987
constant_long,3,20260917,1,SOLUSDT,complete,,599,0.01148279156787213,0.2041595048418111,0.12853396007561524,0.014165284614777321,0.0,0.0034079799999999984
constant_long,3,20260917,1,XRPUSDT,failed,endpoint_exposure,465,0.24612392345591405,2.1927741128227547,0.06668758844386102,0.01038154681499269,0.0,0.002118120000000001
constant_short,3,20260917,1,ADAUSDT,complete,,599,0.05716876455466213,0.6698240119655948,0.10836201124425293,0.01291774267679784,0.0,0.00302877999999999
constant_short,3,20260917,1,AVAXUSDT,complete,,599,0.13454508375919594,1.3912355430148022,0.10820606855165982,0.012105543478026374,0.0,0.003430489999999998
constant_short,3,20260917,1,BNBUSDT,complete,,599,0.05799782268606801,0.9203011876447237,0.07134520453597215,0.008259341521947305,0.0,0.0022165499999999994
constant_short,3,20260917,1,BTCUSDT,complete,,599,-0.045010657908207685,-0.6861426282796564,0.1148532607350945,0.009101449592578173,0.0,0.002743979999999996
constant_short,3,20260917,1,DOGEUSDT,complete,,599,0.05208807365991874,0.606967452440771,0.11604765781329196,0.012452125749668589,0.0,0.0021738499999999993
constant_short,3,20260917,1,ETHUSDT,complete,,599,-0.03449290760066759,-0.4887015585641065,0.1012853881128466,0.009183476107734786,0.01,0.001997169999999999
constant_short,3,20260917,1,LINKUSDT,complete,,599,0.026266844992280047,0.36371903005640277,0.12761728968366393,0.012515337862083734,0.0,0.0021086699999999957
constant_short,3,20260917,1,LTCUSDT,complete,,599,0.06096117525586653,0.6787143574584353,0.1498596847039696,0.012992911578978658,0.0,0.0034918299999999935
constant_short,3,20260917,1,SOLUSDT,failed,drawdown_limit,465,-0.08327859310679186,-0.8211494091748652,0.1518977572217749,0.016653537087196215,0.0,0.001976640000000001
constant_short,3,20260917,1,XRPUSDT,failed,capital_floor,465,-0.2336719329308511,-2.196361924358536,0.2536262285276687,0.01914307269593125,0.0,0.0020370600000000003
historical_mean,3,20260917,1,ADAUSDT,complete,,599,-0.07439338719926969,-0.726291783005473,0.14335353457118505,0.011578363487234237,0.0,0.07387027999999997
historical_mean,3,20260917,1,AVAXUSDT,failed,drawdown_limit,570,-0.13002180132488594,-1.4006002458878621,0.15316351333824463,0.013556790925938346,0.0,0.04679308999999993
historical_mean,3,20260917,1,BNBUSDT,complete,,599,-0.06395456788586085,-0.9502603503401763,0.10796924640952976,0.009605881966216204,0.0,0.0599300299999998
historical_mean,3,20260917,1,BTCUSDT,complete,,599,0.03671084268896574,0.6398084656057038,0.05653482385481079,0.007851625772225656,0.0,0.05954152999999987
historical_mean,3,20260917,1,DOGEUSDT,complete,,599,-0.06796149448952282,-0.6264968800789504,0.11422279416425418,0.012566117769359146,0.0,0.05535630999999997
historical_mean,3,20260917,1,ETHUSDT,complete,,599,0.024513113309565515,0.43686434185109707,0.06183040100656689,0.00853735072126565,0.01,0.06931781999999989
historical_mean,3,20260917,1,LINKUSDT,complete,,599,-0.04334592788297709,-0.39312659829775093,0.12853046295388182,0.012043435135800421,0.0,0.05114394999999999
historical_mean,3,20260917,1,LTCUSDT,complete,,599,-0.07810102928318385,-0.7147824720578848,0.1319189390952965,0.014183694303699949,0.0,0.055476859999999704
historical_mean,3,20260917,1,SOLUSDT,complete,,599,0.01148279156787213,0.2041595048418111,0.12853396007561524,0.014165284614777321,0.0,0.05260069
historical_mean,3,20260917,1,XRPUSDT,failed,endpoint_exposure,465,0.24612392345591405,2.1927741128227547,0.06668758844386102,0.01038154681499269,0.0,0.05813574000000014
last_return,3,20260917,1,ADAUSDT,failed,turnover_limit,10,-0.016878213598367053,-10.552608047079902,0.01835229324746912,0.015537104116327582,0.0,0.08529004
last_return,3,20260917,1,AVAXUSDT,failed,turnover_limit,10,0.0026610906074528984,5.700879135332069,0.003149512021122236,0.0022157024689429816,0.0,0.06530807999999999
last_return,3,20260917,1,BNBUSDT,failed,turnover_limit,13,-0.012084780083554625,-8.460832516948997,0.014185725213120226,0.010101498502826378,0.0,0.04660232
last_return,3,20260917,1,BTCUSDT,failed,turnover_limit,10,-0.008142432535472421,-8.671696419023174,0.009953106596319983,0.008971250197133851,0.0,0.03548483
last_return,3,20260917,1,DOGEUSDT,failed,turnover_limit,10,0.0015205609076656135,3.2576130528668608,0.004301777187530331,0.002641109261051322,0.0,0.03303118
last_return,3,20260917,1,ETHUSDT,failed,turnover_limit,10,0.01510898599016297,10.784983491577623,0.004128812048128205,0.0025912365382566582,0.0,0.03712856
last_return,3,20260917,1,LINKUSDT,failed,turnover_limit,10,-0.016384982863470787,-7.574917663325544,0.02321040655020923,0.020837295846283133,0.0,0.039964690000000004
last_return,3,20260917,1,LTCUSDT,failed,turnover_limit,7,-0.013331084161605777,-13.350497677245963,0.013331084161605777,0.011428724813884905,0.0,0.034409239999999994
last_return,3,20260917,1,SOLUSDT,failed,turnover_limit,10,0.020368269859898147,7.911828590576256,0.009368481508395976,0.006326710274458858,0.0,0.03591809
last_return,3,20260917,1,XRPUSDT,failed,turnover_limit,28,0.007719546855867732,2.5086562450530825,0.014524254238148626,0.008247014860384205,0.0,0.060125170000000006
momentum,3,20260917,1,ADAUSDT,failed,turnover_limit,10,0.013261429457772644,8.145132150171712,0.007339949910695087,0.0044576742417151705,0.0,0.04191706
momentum,3,20260917,1,AVAXUSDT,failed,turnover_limit,10,0.0222125616760549,10.252724855625837,0.00336533429190633,0.00336533429190633,0.0,0.04760763
momentum,3,20260917,1,BNBUSDT,failed,turnover_limit,19,-0.0028838176187047093,-0.8959087772418142,0.020853529526469572,0.01616182585932202,0.0,0.03582128
momentum,3,20260917,1,BTCUSDT,failed,turnover_limit,10,0.009416088551047697,10.142494339200178,0.0026292576965966097,0.0014208169376358493,0.0,0.038687440000000003
momentum,3,20260917,1,DOGEUSDT,failed,turnover_limit,10,0.01722399110411965,9.306589542652297,0.004301228944670443,0.0026405600089683956,0.0,0.04094283
momentum,3,20260917,1,ETHUSDT,failed,turnover_limit,10,0.01510898599016297,10.784983491577623,0.004128812048128205,0.0025912365382566582,0.0,0.039873259999999994
momentum,3,20260917,1,LINKUSDT,failed,turnover_limit,10,0.016812749716596187,7.818851905085431,0.00556343495618461,0.005314763647096377,0.0,0.03353205
momentum,3,20260917,1,LTCUSDT,failed,turnover_limit,7,0.007021605815221044,6.612554067943313,0.0053778392354812965,0.0035956699514125834,0.0,0.036318899999999994
momentum,3,20260917,1,SOLUSDT,failed,turnover_limit,10,0.020368269859898147,7.911828590576256,0.009368481508395976,0.006326710274458858,0.0,0.03312138
momentum,3,20260917,1,XRPUSDT,failed,turnover_limit,19,-0.0013392290974636456,-0.4813347045244111,0.010769092370174982,0.0051846228147482964,0.0,0.14571579999999995
reversal,3,20260917,1,ADAUSDT,failed,turnover_limit,10,-0.014368672291743656,-8.773359731024875,0.01961696054382156,0.015537104116327582,0.0,0.04231908
reversal,3,20260917,1,AVAXUSDT,failed,turnover_limit,10,-0.02315650014069892,-10.694790802579794,0.025131440637659708,0.02190046940651391,0.0,0.047738569999999994
reversal,3,20260917,1,BNBUSDT,failed,turnover_limit,19,-0.00036043391481199727,-0.040764867706251616,0.017320820287863747,0.010101498502826378,0.0,0.041553339999999994
reversal,3,20260917,1,BTCUSDT,failed,turnover_limit,10,-0.010422550369819428,-11.298850113536488,0.012041437423389367,0.008971250197133851,0.0,0.03664254
reversal,3,20260917,1,DOGEUSDT,failed,turnover_limit,10,-0.018195703826308862,-9.821242910122917,0.020578215650286502,0.018442156548546973,0.0,0.06577699999999999
reversal,3,20260917,1,ETHUSDT,failed,turnover_limit,10,-0.01608063988735542,-11.559626059891997,0.01872508155818431,0.013455194433469986,0.0,0.03353054
reversal,3,20260917,1,LINKUSDT,failed,turnover_limit,10,-0.01782228482555126,-8.28996871414521,0.02425838005436487,0.020837295846283133,0.0,0.035724149999999996
reversal,3,20260917,1,LTCUSDT,failed,turnover_limit,7,-0.008093978005098035,-7.5874133516961955,0.012931595880134483,0.011428724813884905,0.0,0.04012644
reversal,3,20260917,1,SOLUSDT,failed,turnover_limit,10,-0.02145448395642313,-8.20598918999531,0.030126095292693167,0.02383403190429867,0.0,0.03456912
reversal,3,20260917,1,XRPUSDT,failed,turnover_limit,19,-0.0018150569276860207,-0.674667114820895,0.016853590613243652,0.01279269462055388,0.0,0.07146854
ridge_optimizer,3,20260917,1,ADAUSDT,failed,turnover_limit,10,-0.014368672291743656,-8.773359731024875,0.01961696054382156,0.015537104116327582,0.0,0.05786358
ridge_optimizer,3,20260917,1,AVAXUSDT,failed,turnover_limit,10,-0.02315650014069892,-10.694790802579794,0.025131440637659708,0.02190046940651391,0.0,0.052460810000000004
ridge_optimizer,3,20260917,1,BNBUSDT,failed,turnover_limit,22,0.01934753537884637,5.312334102827718,0.017320820287863747,0.00798494295131219,0.0,0.05351585
ridge_optimizer,3,20260917,1,BTCUSDT,failed,turnover_limit,10,-0.010422550369819428,-11.298850113536488,0.012041437423389367,0.008971250197133851,0.0,0.05305446
ridge_optimizer,3,20260917,1,DOGEUSDT,failed,turnover_limit,10,-0.018195703826308862,-9.821242910122917,0.020578215650286502,0.018442156548546973,0.0,0.05619975
ridge_optimizer,3,20260917,1,ETHUSDT,failed,turnover_limit,10,-0.01608063988735542,-11.559626059891997,0.01872508155818431,0.013455194433469986,0.0,0.0516785
ridge_optimizer,3,20260917,1,LINKUSDT,failed,turnover_limit,10,-0.01782228482555126,-8.28996871414521,0.02425838005436487,0.020837295846283133,0.0,0.051463699999999994
ridge_optimizer,3,20260917,1,LTCUSDT,failed,turnover_limit,19,-0.0026466139265396427,-1.064809631301468,0.01581966039842897,0.011428724813884905,0.0,0.05168176
ridge_optimizer,3,20260917,1,SOLUSDT,failed,turnover_limit,10,-0.02145448395642313,-8.20598918999531,0.030126095292693167,0.02383403190429867,0.0,0.052383389999999995
ridge_optimizer,3,20260917,1,XRPUSDT,failed,turnover_limit,22,0.003643646521853894,1.291173922729988,0.022712240923339677,0.009387980324076728,0.0,0.05734214
logistic,3,20260917,1,ADAUSDT,complete,,599,0.005069483042891454,0.40986887394906496,0.015834563970661963,0.0006052658742612441,0.0,0.03865757999999999
logistic,3,20260917,1,AVAXUSDT,complete,,599,-0.006380122605318839,-0.5296049415739255,0.017980751686932694,0.0008090301684206288,0.0,0.03748788999999999
logistic,3,20260917,1,BNBUSDT,complete,,599,0.0,,0.0,-0.0,0.0,0.04268803999999999
logistic,3,20260917,1,BTCUSDT,complete,,599,0.0,,0.0,-0.0,0.0,0.04221222999999999
logistic,3,20260917,1,DOGEUSDT,complete,,599,0.002764398355313391,0.30115762124636514,0.009439572443934896,0.0006530037087371173,0.0,0.04401958999999999
logistic,3,20260917,1,ETHUSDT,complete,,599,0.0,,0.0,-0.0,0.01,0.05063116999999991
logistic,3,20260917,1,LINKUSDT,complete,,599,-0.013567402484525926,-1.7867809893740432,0.013911649916236946,0.0005442853296061238,0.0,0.04871172
logistic,3,20260917,1,LTCUSDT,complete,,599,-0.04230779103985638,-2.330882843400579,0.04230779103985638,0.0016377916687857375,0.0,0.04220548999999997
logistic,3,20260917,1,SOLUSDT,complete,,599,0.010626735974953228,0.6136509542319485,0.014937738767252018,0.0009724975217140997,0.0,0.040751909999999995
logistic,3,20260917,1,XRPUSDT,complete,,599,0.014028499080013246,0.6829185547756016,0.016756466734850206,0.0008685579694300948,0.0,0.039964309999999996
contextual_bandit,3,20260917,1,ADAUSDT,failed,turnover_limit,10,0.014892122924822226,9.153741339969889,0.006479087920007842,0.002827029793333713,0.0,0.027751639999999998
contextual_bandit,3,20260917,1,AVAXUSDT,failed,turnover_limit,10,0.015278071662827797,6.894884723576894,0.009252614680155369,0.003816209927596237,0.0,0.02588601
contextual_bandit,3,20260917,1,BNBUSDT,failed,turnover_limit,22,0.028480360216635248,11.029147228257928,0.008144790394372992,0.004080395109998913,0.0,0.02581539
contextual_bandit,3,20260917,1,BTCUSDT,failed,turnover_limit,10,-0.001900387997368802,-5.417136350712158,0.003533449038667813,0.002912463969959478,0.0,0.0307477
contextual_bandit,3,20260917,1,DOGEUSDT,failed,turnover_limit,10,-0.0025244694316256533,-5.191885312580202,0.004945701627596555,0.002363742277729397,0.0,0.0256124
contextual_bandit,3,20260917,1,ETHUSDT,failed,turnover_limit,10,0.007821062223136721,5.382729511869872,0.007599890565880618,0.004714071300645162,0.0,0.0257524
contextual_bandit,3,20260917,1,LINKUSDT,failed,turnover_limit,10,0.014377692282494747,6.644851972621752,0.00556343495618461,0.005314763647096377,0.0,0.032232699999999996
contextual_bandit,3,20260917,1,LTCUSDT,failed,turnover_limit,109,-0.01880604505450878,-0.8321528125752657,0.07932454557363444,0.01616894886728239,0.0,0.0253402
contextual_bandit,3,20260917,1,SOLUSDT,failed,turnover_limit,13,-0.017244591172943635,-5.444034550537427,0.030126095292693167,0.02383403190429867,0.0,0.02439108
contextual_bandit,3,20260917,1,XRPUSDT,failed,turnover_limit,109,-0.04346427511219486,-3.9533851288768185,0.05259106697317317,0.009815781609113597,0.0,0.03095612
behavior_uniform,3,20260917,1,ADAUSDT,failed,turnover_limit,55,-0.00955096350182083,-2.396118166968001,0.018529272786477202,0.004937306138789325,0.0,0.03453342
behavior_uniform,3,20260917,1,AVAXUSDT,failed,turnover_limit,55,-0.020309194279554688,-3.5777433913917696,0.03141349730229115,0.009560705065554767,0.0,0.02580352
behavior_uniform,3,20260917,1,BNBUSDT,failed,turnover_limit,55,0.0026073977801437387,0.58613201878837,0.016202562082137217,0.004773172184544983,0.0,0.03507298
behavior_uniform,3,20260917,1,BTCUSDT,failed,turnover_limit,55,-0.013688501674073206,-4.516857738458373,0.016163897643902914,0.004783331774858272,0.0,0.043890860000000004
behavior_uniform,3,20260917,1,DOGEUSDT,failed,turnover_limit,55,-0.005848759520850844,-1.4192608129302897,0.012348585799525025,0.005334822858214072,0.0,0.033045080000000004
behavior_uniform,3,20260917,1,ETHUSDT,failed,turnover_limit,55,-0.008778755565630125,-2.6001559192743287,0.016332281003118565,0.005065835025586218,0.0,0.04051112
behavior_uniform,3,20260917,1,LINKUSDT,failed,turnover_limit,61,-0.021113210474403954,-2.532428561551818,0.050352301728477156,0.011251144623332432,0.0,0.04245040000000001
behavior_uniform,3,20260917,1,LTCUSDT,failed,turnover_limit,55,-0.009091395392478052,-2.3886168869530957,0.019062434702046716,0.005329679216412475,0.0,0.03329178
behavior_uniform,3,20260917,1,SOLUSDT,failed,turnover_limit,55,-0.024341043068774937,-5.272234480160615,0.02802009565963115,0.006050388053529088,0.0,0.06500138
behavior_uniform,3,20260917,1,XRPUSDT,failed,turnover_limit,58,0.008573568654451025,2.496328201506954,0.007669926643663283,0.00396013278926699,0.0,0.03363971
behavior_clone,3,20260917,1,ADAUSDT,complete,,599,0.05716876455466213,0.6698240119655948,0.10836201124425293,0.01291774267679784,0.0,0.0017818199999999973
behavior_clone,3,20260917,1,AVAXUSDT,complete,,599,0.13454508375919594,1.3912355430148022,0.10820606855165982,0.012105543478026374,0.0,0.0018831499999999997
behavior_clone,3,20260917,1,BNBUSDT,complete,,599,0.05799782268606801,0.9203011876447237,0.07134520453597215,0.008259341521947305,0.0,0.0016958899999999983
behavior_clone,3,20260917,1,BTCUSDT,complete,,599,-0.045010657908207685,-0.6861426282796564,0.1148532607350945,0.009101449592578173,0.0,0.0018101299999999999
behavior_clone,3,20260917,1,DOGEUSDT,complete,,599,0.05208807365991874,0.606967452440771,0.11604765781329196,0.012452125749668589,0.0,0.0018606299999999996
behavior_clone,3,20260917,1,ETHUSDT,complete,,599,-0.03449290760066759,-0.4887015585641065,0.1012853881128466,0.009183476107734786,0.01,0.00176805
behavior_clone,3,20260917,1,LINKUSDT,complete,,599,0.026266844992280047,0.36371903005640277,0.12761728968366393,0.012515337862083734,0.0,0.0018091899999999998
behavior_clone,3,20260917,1,LTCUSDT,complete,,599,0.06096117525586653,0.6787143574584353,0.1498596847039696,0.012992911578978658,0.0,0.0017936299999999985
behavior_clone,3,20260917,1,SOLUSDT,failed,drawdown_limit,465,-0.08327859310679186,-0.8211494091748652,0.1518977572217749,0.016653537087196215,0.0,0.00186884
behavior_clone,3,20260917,1,XRPUSDT,failed,capital_floor,465,-0.2336719329308511,-2.196361924358536,0.2536262285276687,0.01914307269593125,0.0,0.002074760000000001
ppo,3,11,2,ADAUSDT,failed,turnover_limit,541,-0.04416159841039036,-0.5874325361499055,0.09893671312014318,0.010732100709413125,0.0,0.01920059999999998
ppo,3,11,2,AVAXUSDT,failed,turnover_limit,55,0.0056174663214172416,0.6128058261472338,0.035280550670992894,0.013027901289928997,0.0,0.01800926
ppo,3,11,2,BNBUSDT,failed,turnover_limit,295,-0.000816117841264119,0.009294599929904803,0.03565577491897731,0.007111189142076491,0.0,0.016842479999999993
ppo,3,11,2,BTCUSDT,failed,turnover_limit,25,0.006391873559940864,4.21544088596928,0.005639147911905007,0.0037396898283016955,0.0,0.015922079999999998
ppo,3,11,2,DOGEUSDT,failed,turnover_limit,7,-0.003939623883258414,-3.987543558207721,0.013321691143251657,0.00757204305437198,0.0,0.0207395
ppo,3,11,2,ETHUSDT,complete,,599,-0.03871429720253605,-0.8720102334352895,0.07419412970662365,0.00656064213956196,0.0,0.01706101999999999
ppo,3,11,2,LINKUSDT,failed,turnover_limit,58,0.030336719380227528,3.332450226054343,0.03649898546318253,0.009437166066989633,0.0,0.022679079999999994
ppo,3,11,2,LTCUSDT,failed,turnover_limit,7,-0.011607826512524233,-10.043189732896993,0.019180472118460856,0.007759231017003376,0.0,0.015430020000000001
ppo,3,11,2,SOLUSDT,failed,turnover_limit,49,0.012144624057589759,1.4590964017604167,0.02515021426321362,0.010916013017611581,0.0,0.014922199999999998
ppo,3,11,2,XRPUSDT,failed,turnover_limit,7,-0.008598649453849583,-10.814930613651958,0.013603868497870208,0.0057691825417371945,0.0,0.0149377
ppo,3,23,2,ADAUSDT,failed,turnover_limit,163,0.001980964978801847,0.16352065911677124,0.05608878040269416,0.009976806847060506,0.0,0.04261184000000001
ppo,3,23,2,AVAXUSDT,failed,turnover_limit,64,-0.007675752702240635,-0.7291030559272762,0.045966818647255714,0.01087314670014336,0.0,0.027600909999999996
ppo,3,23,2,BNBUSDT,failed,drawdown_limit,197,-0.15327524843187246,-8.766602412444948,0.15602531127058106,0.01107355436912828,0.0,0.032695499999999995
ppo,3,23,2,BTCUSDT,failed,turnover_limit,406,-0.03716647800817219,-1.1545691331855559,0.09209071465559449,0.006842408979095509,0.0,0.02227635
ppo,3,23,2,DOGEUSDT,failed,endpoint_exposure,157,-0.09420928572481224,-4.332694915438023,0.1070720632961264,0.01558163974768631,0.0,0.024950559999999965
ppo,3,23,2,ETHUSDT,failed,turnover_limit,178,-0.11403662136193515,-6.739501980135901,0.11403662136193515,0.00943829655156065,0.0,0.034460059999999945
ppo,3,23,2,LINKUSDT,failed,turnover_limit,82,-0.05396084021369618,-4.969070474089558,0.06289462223805364,0.01201839515978611,0.0,0.024626090000000003
ppo,3,23,2,LTCUSDT,failed,turnover_limit,160,-0.035458366565086386,-2.8657594582243338,0.04355461796826898,0.007292849662238185,0.0,0.05244795999999999
ppo,3,23,2,SOLUSDT,failed,turnover_limit,166,-0.02801082573888547,-1.3197907649544554,0.06312353925525582,0.010607682490604706,0.0,0.0305604
ppo,3,23,2,XRPUSDT,failed,turnover_limit,169,0.006228483829312514,0.5218311652599005,0.029814567446158735,0.006261729767437786,0.0,0.06808055999999998
ppo,3,47,2,ADAUSDT,complete,,599,0.0,,0.0,-0.0,0.0,0.018492659999999994
ppo,3,47,2,AVAXUSDT,complete,,599,-0.021105518952064584,-1.0158495808966412,0.030646286733483907,0.0011007453126714731,0.0,0.02819720999999991
ppo,3,47,2,BNBUSDT,complete,,599,0.0,,0.0,-0.0,0.0,0.02292539999999996
ppo,3,47,2,BTCUSDT,complete,,599,0.0,,0.0,-0.0,0.0,0.016954689999999998
ppo,3,47,2,DOGEUSDT,complete,,599,0.07030047237716786,1.3604932359791897,0.04577720417429254,0.0033968852321732226,0.0,0.01681793
ppo,3,47,2,ETHUSDT,complete,,599,0.0028611563963718556,0.7381809621104888,0.0018068961897903524,7.105138884242468e-05,0.0,0.01471692
ppo,3,47,2,LINKUSDT,complete,,599,0.0,,0.0,-0.0,0.0,0.015575159999999998
ppo,3,47,2,LTCUSDT,complete,,599,0.0,,0.0,-0.0,0.0,0.017901869999999983
ppo,3,47,2,SOLUSDT,complete,,599,0.0,,0.0,-0.0,0.0,0.016020949999999996
ppo,3,47,2,XRPUSDT,complete,,599,0.0,,0.0,-0.0,0.0,0.01558655
double_dqn,3,11,2,ADAUSDT,complete,,599,0.03579848477335057,0.6625948563463945,0.0803532910976219,0.007726138969692627,0.0,0.021219359999999993
double_dqn,3,11,2,AVAXUSDT,complete,,599,-0.08608861242668908,-1.2651495965199138,0.09713497040410624,0.009618809065552396,0.0,0.03125106
double_dqn,3,11,2,BNBUSDT,failed,drawdown_limit,192,-0.14917607682301204,-8.589385707137705,0.15344273253597795,0.00965325026185323,0.0,0.027067369999999986
double_dqn,3,11,2,BTCUSDT,complete,,599,0.11251324446611544,2.107410522872289,0.04907429718596823,0.006890407009389769,0.0,0.024987179999999967
double_dqn,3,11,2,DOGEUSDT,complete,,599,0.12376322381906535,1.3195752068335647,0.06678644219240115,0.012165959357132428,0.0,0.04039044999999998
double_dqn,3,11,2,ETHUSDT,failed,drawdown_limit,449,-0.05903671160912205,-1.1355510409889553,0.15168687514726342,0.010508717205181772,0.0,0.02049865
double_dqn,3,11,2,LINKUSDT,complete,,599,-0.015777343396527033,-0.16826728805485164,0.09735248553153264,0.009631886493815274,0.0,0.04882889999999999
double_dqn,3,11,2,LTCUSDT,complete,,599,-0.009784984473171554,-0.1543781529348837,0.10282162067871237,0.0062147421829818915,0.0,0.05363034999999997
double_dqn,3,11,2,SOLUSDT,complete,,599,-0.07874340324521512,-1.0487566390334913,0.1149689477275353,0.011282815673805383,0.0,0.055150469999999875
double_dqn,3,11,2,XRPUSDT,complete,,599,0.04215079973328706,0.7619124869888814,0.053112840103782366,0.007660215064642839,0.0,0.02419678999999999
double_dqn,3,23,2,ADAUSDT,failed,drawdown_limit,309,-0.06158939690648202,-0.9584558152506595,0.15790714140127982,0.014735045462418585,0.0,0.019832920000000014
double_dqn,3,23,2,AVAXUSDT,failed,turnover_limit,316,-0.004480119967064211,0.0628043621133937,0.14303065239074897,0.017403002408208662,0.0,0.017170800000000007
double_dqn,3,23,2,BNBUSDT,complete,,599,0.20120953934026242,2.461543809389495,0.060828774286409204,0.010253027813176285,0.0,0.017841979999999983
double_dqn,3,23,2,BTCUSDT,complete,,599,0.02579722474619839,0.4512407431193578,0.09164894695786174,0.009271085827618849,0.0,0.020425259999999994
double_dqn,3,23,2,DOGEUSDT,failed,endpoint_exposure,157,-0.14236107182770186,-5.414599506367647,0.14360766635236877,0.020154794649749938,0.0,0.0190502
double_dqn,3,23,2,ETHUSDT,failed,drawdown_limit,401,-0.0228090545048365,-0.32262323781916963,0.15253845771465335,0.012585287903105716,0.0,0.01759079999999996
double_dqn,3,23,2,LINKUSDT,failed,drawdown_limit,331,-0.047705876876070086,-0.6966602116854999,0.15194180873918728,0.014275050726022172,0.0,0.01838380000000002
double_dqn,3,23,2,LTCUSDT,failed,turnover_limit,13,-0.034764950386591886,-24.701915333796805,0.034764950386591886,0.010917484613888084,0.0,0.014187400000000001
double_dqn,3,23,2,SOLUSDT,failed,drawdown_limit,311,0.027394641051637025,0.5325244381145704,0.15246518524452635,0.015288448810329577,0.0,0.018940739999999994
double_dqn,3,23,2,XRPUSDT,complete,,599,-0.027893580727633815,-0.26583323942230014,0.13034995705864216,0.010860394892841812,0.0,0.017429629999999967
double_dqn,3,47,2,ADAUSDT,failed,drawdown_limit,340,-0.033078340088606994,-0.5311652664851515,0.1513249969285566,0.012644385469065008,0.0,0.01715288000000001
double_dqn,3,47,2,AVAXUSDT,failed,drawdown_limit,475,-0.043973706230959864,-0.42832253176144713,0.15137567525452023,0.014471808921680313,0.0,0.016049959999999995
double_dqn,3,47,2,BNBUSDT,complete,,599,0.15012478331637058,1.8376611431506074,0.09435997816128572,0.01051946945501407,0.0,0.014443909999999999
double_dqn,3,47,2,BTCUSDT,complete,,599,0.05438061369158498,0.8749222395216321,0.10327286608610775,0.008910123252984122,0.0,0.01608209
double_dqn,3,47,2,DOGEUSDT,failed,drawdown_limit,536,0.06303803906935346,0.6711774604419672,0.15113330879353137,0.016136984731662963,0.0,0.013958359999999998
double_dqn,3,47,2,ETHUSDT,complete,,599,0.025953451859641596,0.40630629152864145,0.1142550712204341,0.009874394430626602,0.0,0.018471279999999993
double_dqn,3,47,2,LINKUSDT,complete,,599,-0.041126752561954305,-0.37644737581656745,0.145851690919245,0.011702162593490014,0.0,0.017967149999999998
double_dqn,3,47,2,LTCUSDT,complete,,599,-0.06102361970158987,-0.6461942804850468,0.14988649524688025,0.011937177481473082,0.0,0.016963719999999995
double_dqn,3,47,2,SOLUSDT,failed,drawdown_limit,328,-0.011495915244836952,-0.09134185727064377,0.15095055213769615,0.013938367784703913,0.0,0.018846709999999996
double_dqn,3,47,2,XRPUSDT,complete,,599,-0.056182814082762156,-0.6718573540334519,0.14190386555506795,0.010109853654780395,0.0,0.015316929999999956
cql,3,11,2,ADAUSDT,failed,drawdown_limit,475,-0.05352801489272718,-0.5585174105765878,0.1506731734539435,0.013689334668007808,0.0,0.013649639999999989
cql,3,11,2,AVAXUSDT,failed,drawdown_limit,342,-0.014811167267704484,-0.0681823252707032,0.1519238860096066,0.01755121806294408,0.0,0.015045960000000004
cql,3,11,2,BNBUSDT,complete,,599,0.20177062043293303,2.3400565800053132,0.09435997816128461,0.0105113071267035,0.0,0.017811409999999986
cql,3,11,2,BTCUSDT,complete,,599,0.08947400347542755,1.3279679331801282,0.0742251295399976,0.008936352039468328,0.0,0.015167879999999991
cql,3,11,2,DOGEUSDT,failed,drawdown_limit,536,0.12030158236425459,1.027036103502264,0.1589673670365902,0.01699336252778673,0.0,0.01787822
cql,3,11,2,ETHUSDT,complete,,599,0.08302440984457227,1.0541409424247137,0.08500117023666254,0.010445898959557028,0.0,0.015741189999999974
cql,3,11,2,LINKUSDT,complete,,599,-0.00662202179356608,0.03607504733288136,0.14009256388031843,0.013457217296548248,0.0,0.01410287999999997
cql,3,11,2,LTCUSDT,complete,,599,0.007700172809060435,0.16740773191954367,0.14158898735378045,0.01287960113160435,0.0,0.016033609999999986
cql,3,11,2,SOLUSDT,complete,,599,0.17504838371013776,1.4672562533999816,0.11790522882593002,0.014014989807741922,0.0,0.02045614999999997
cql,3,11,2,XRPUSDT,complete,,599,0.008217009415184995,0.1735287504126811,0.13828568130196317,0.011147607253943056,0.0,0.018087109999999986
cql,3,23,2,ADAUSDT,failed,drawdown_limit,475,-0.05352801489272718,-0.5585174105765878,0.1506731734539435,0.013689334668007808,0.0,0.01735857999999999
cql,3,23,2,AVAXUSDT,failed,drawdown_limit,342,-0.014811167267704484,-0.0681823252707032,0.1519238860096066,0.01755121806294408,0.0,0.01492574000000001
cql,3,23,2,BNBUSDT,complete,,599,0.20177062043293303,2.3400565800053132,0.09435997816128461,0.0105113071267035,0.0,0.01606084
cql,3,23,2,BTCUSDT,complete,,599,0.08947400347542755,1.3279679331801282,0.0742251295399976,0.008936352039468328,0.0,0.017807689999999987
cql,3,23,2,DOGEUSDT,failed,drawdown_limit,536,0.09807703373740684,0.8610227696928465,0.15896736703659164,0.017747651997986877,0.0,0.01437296
cql,3,23,2,ETHUSDT,complete,,599,0.08302440984457227,1.0541409424247137,0.08500117023666254,0.010445898959557028,0.0,0.018168229999999994
cql,3,23,2,LINKUSDT,complete,,599,-0.006213419179351143,0.03919990217741815,0.14009256388032176,0.013457217296548226,0.0,0.01889929999999999
cql,3,23,2,LTCUSDT,complete,,599,0.007700172809060435,0.16740773191954367,0.14158898735378045,0.01287960113160435,0.0,0.016791099999999996
cql,3,23,2,SOLUSDT,complete,,599,0.17504838371013776,1.4672562533999816,0.11790522882593002,0.014014989807741922,0.0,0.014038789999999982
cql,3,23,2,XRPUSDT,complete,,599,0.008217009415184995,0.1735287504126811,0.13828568130196317,0.011147607253943056,0.0,0.01665558999999998
cql,3,47,2,ADAUSDT,failed,drawdown_limit,484,-0.0442685557486836,-0.44749440247101885,0.15408638801481245,0.013191384424089136,0.0,0.015506529999999992
cql,3,47,2,AVAXUSDT,failed,drawdown_limit,479,0.005305573752670156,0.1668049686931356,0.15190614033646022,0.015946559651583283,0.0,0.018609419999999998
cql,3,47,2,BNBUSDT,complete,,599,0.1632275210835954,2.0687243154808512,0.09436074447545106,0.010158360465526258,0.0,0.02008481999999983
cql,3,47,2,BTCUSDT,complete,,599,0.09583523768032998,1.4175570858756932,0.07422512953999705,0.008927982710694064,0.0,0.03714693999999995
cql,3,47,2,DOGEUSDT,failed,drawdown_limit,537,0.15967973967614157,1.3937368316933385,0.16244741522043038,0.015382924642452332,0.0,0.01985386
cql,3,47,2,ETHUSDT,complete,,599,0.08302440984457227,1.0541409424247137,0.08500117023666254,0.010445898959557028,0.0,0.04237410999999989
cql,3,47,2,LINKUSDT,complete,,599,0.020380180288236405,0.2872209504429572,0.1400925638803201,0.013180206431017697,0.0,0.016682279999999924
cql,3,47,2,LTCUSDT,failed,drawdown_limit,537,-0.06607333769603418,-0.7508968191985923,0.15791244764791346,0.012668543419837681,0.0,0.017599179999999996
cql,3,47,2,SOLUSDT,complete,,599,0.08474605340056462,0.8602681805895168,0.12658946597293275,0.012721088762784745,0.0,0.01753618
cql,3,47,2,XRPUSDT,complete,,599,0.02970290966839495,0.4222115662712758,0.13828568130196317,0.010730697412142883,0.0,0.02219855999999999
cql_no_inventory_penalty,3,11,2,ADAUSDT,failed,drawdown_limit,475,-0.05352801489272718,-0.5585174105765878,0.1506731734539435,0.013689334668007808,0.0,0.01901507999999999
cql_no_inventory_penalty,3,11,2,AVAXUSDT,failed,drawdown_limit,342,-0.014811167267704484,-0.0681823252707032,0.1519238860096066,0.01755121806294408,0.0,0.023053760000000013
cql_no_inventory_penalty,3,11,2,BNBUSDT,complete,,599,0.20177062043293303,2.3400565800053132,0.09435997816128461,0.0105113071267035,0.0,0.016105079999999997
cql_no_inventory_penalty,3,11,2,BTCUSDT,complete,,599,0.08947400347542755,1.3279679331801282,0.0742251295399976,0.008936352039468328,0.0,0.016945819999999993
cql_no_inventory_penalty,3,11,2,DOGEUSDT,failed,drawdown_limit,536,0.12030158236425459,1.027036103502264,0.1589673670365902,0.01699336252778673,0.0,0.0190636
cql_no_inventory_penalty,3,11,2,ETHUSDT,complete,,599,0.08302440984457227,1.0541409424247137,0.08500117023666254,0.010445898959557028,0.0,0.014228279999999987
cql_no_inventory_penalty,3,11,2,LINKUSDT,complete,,599,-0.00662202179356608,0.03607504733288136,0.14009256388031843,0.013457217296548248,0.0,0.02025472999999999
cql_no_inventory_penalty,3,11,2,LTCUSDT,complete,,599,0.007700172809060435,0.16740773191954367,0.14158898735378045,0.01287960113160435,0.0,0.014384069999999997
cql_no_inventory_penalty,3,11,2,SOLUSDT,complete,,599,0.17504838371013776,1.4672562533999816,0.11790522882593002,0.014014989807741922,0.0,0.018420929999999988
cql_no_inventory_penalty,3,11,2,XRPUSDT,complete,,599,0.008217009415184995,0.1735287504126811,0.13828568130196317,0.011147607253943056,0.0,0.018197939999999996
cql_no_inventory_penalty,3,23,2,ADAUSDT,failed,drawdown_limit,475,-0.05352801489272718,-0.5585174105765878,0.1506731734539435,0.013689334668007808,0.0,0.01789097999999998
cql_no_inventory_penalty,3,23,2,AVAXUSDT,failed,drawdown_limit,342,-0.014811167267704484,-0.0681823252707032,0.1519238860096066,0.01755121806294408,0.0,0.018875100000000002
cql_no_inventory_penalty,3,23,2,BNBUSDT,complete,,599,0.20177062043293303,2.3400565800053132,0.09435997816128461,0.0105113071267035,0.0,0.01949739
cql_no_inventory_penalty,3,23,2,BTCUSDT,complete,,599,0.08947400347542755,1.3279679331801282,0.0742251295399976,0.008936352039468328,0.0,0.019701379999999998
cql_no_inventory_penalty,3,23,2,DOGEUSDT,failed,drawdown_limit,536,0.09807703373740684,0.8610227696928465,0.15896736703659164,0.017747651997986877,0.0,0.01975858
cql_no_inventory_penalty,3,23,2,ETHUSDT,complete,,599,0.08302440984457227,1.0541409424247137,0.08500117023666254,0.010445898959557028,0.0,0.021114929999999983
cql_no_inventory_penalty,3,23,2,LINKUSDT,complete,,599,-0.006213419179351143,0.03919990217741815,0.14009256388032176,0.013457217296548226,0.0,0.019097329999999992
cql_no_inventory_penalty,3,23,2,LTCUSDT,complete,,599,0.007700172809060435,0.16740773191954367,0.14158898735378045,0.01287960113160435,0.0,0.025585389999999993
cql_no_inventory_penalty,3,23,2,SOLUSDT,complete,,599,0.17504838371013776,1.4672562533999816,0.11790522882593002,0.014014989807741922,0.0,0.018396769999999965
cql_no_inventory_penalty,3,23,2,XRPUSDT,complete,,599,0.008217009415184995,0.1735287504126811,0.13828568130196317,0.011147607253943056,0.0,0.01934602
cql_no_inventory_penalty,3,47,2,ADAUSDT,failed,drawdown_limit,484,-0.0442685557486836,-0.44749440247101885,0.15408638801481245,0.013191384424089136,0.0,0.015377169999999963
cql_no_inventory_penalty,3,47,2,AVAXUSDT,failed,drawdown_limit,479,0.005305573752670156,0.1668049686931356,0.15190614033646022,0.015946559651583283,0.0,0.017962919999999997
cql_no_inventory_penalty,3,47,2,BNBUSDT,complete,,599,0.1632275210835954,2.0687243154808512,0.09436074447545106,0.010158360465526258,0.0,0.015004839999999993
cql_no_inventory_penalty,3,47,2,BTCUSDT,complete,,599,0.09583523768032998,1.4175570858756932,0.07422512953999705,0.008927982710694064,0.0,0.01290431999999998
cql_no_inventory_penalty,3,47,2,DOGEUSDT,failed,drawdown_limit,537,0.15967973967614157,1.3937368316933385,0.16244741522043038,0.015382924642452332,0.0,0.01380814
cql_no_inventory_penalty,3,47,2,ETHUSDT,complete,,599,0.08302440984457227,1.0541409424247137,0.08500117023666254,0.010445898959557028,0.0,0.01482697999999999
cql_no_inventory_penalty,3,47,2,LINKUSDT,complete,,599,0.020380180288236405,0.2872209504429572,0.1400925638803201,0.013180206431017697,0.0,0.013863339999999993
cql_no_inventory_penalty,3,47,2,LTCUSDT,failed,drawdown_limit,537,-0.06607333769603418,-0.7508968191985923,0.15791244764791346,0.012668543419837681,0.0,0.023612719999999986
cql_no_inventory_penalty,3,47,2,SOLUSDT,complete,,599,0.08474605340056462,0.8602681805895168,0.12658946597293275,0.012721088762784745,0.0,0.015449229999999975
cql_no_inventory_penalty,3,47,2,XRPUSDT,complete,,599,0.02970290966839495,0.4222115662712758,0.13828568130196317,0.010730697412142883,0.0,0.015441939999999875
cash,3,20260917,2,ADAUSDT,complete,,599,0.0,,0.0,-0.0,0.0,0.0014886799999999974
cash,3,20260917,2,AVAXUSDT,complete,,599,0.0,,0.0,-0.0,0.0,0.0016171499999998687
cash,3,20260917,2,BNBUSDT,complete,,599,0.0,,0.0,-0.0,0.0,0.0013203799999999997
cash,3,20260917,2,BTCUSDT,complete,,599,0.0,,0.0,-0.0,0.0,0.001257059999999999
cash,3,20260917,2,DOGEUSDT,complete,,599,0.0,,0.0,-0.0,0.0,0.00155616
cash,3,20260917,2,ETHUSDT,complete,,599,0.0,,0.0,-0.0,0.0,0.0012224399999999978
cash,3,20260917,2,LINKUSDT,complete,,599,0.0,,0.0,-0.0,0.0,0.0013548999999999992
cash,3,20260917,2,LTCUSDT,complete,,599,0.0,,0.0,-0.0,0.0,0.00131709
cash,3,20260917,2,SOLUSDT,complete,,599,0.0,,0.0,-0.0,0.0,0.0013369399999999991
cash,3,20260917,2,XRPUSDT,complete,,599,0.0,,0.0,-0.0,0.0,0.004898789999999942
constant_long,3,20260917,2,ADAUSDT,failed,drawdown_limit,475,-0.05352801489272718,-0.5585174105765878,0.1506731734539435,0.013689334668007808,0.0,0.00830375999999979
constant_long,3,20260917,2,AVAXUSDT,failed,drawdown_limit,342,-0.014811167267704484,-0.0681823252707032,0.1519238860096066,0.01755121806294408,0.0,0.015806610000000002
constant_long,3,20260917,2,BNBUSDT,complete,,599,0.20177062043293303,2.3400565800053132,0.09435997816128461,0.0105113071267035,0.0,0.018437029999999976
constant_long,3,20260917,2,BTCUSDT,complete,,599,0.08947400347542755,1.3279679331801282,0.0742251295399976,0.008936352039468328,0.0,0.0014266199999999993
constant_long,3,20260917,2,DOGEUSDT,failed,drawdown_limit,536,0.09971348284871473,0.8697920371787374,0.1589673670365891,0.017747383708065816,0.0,0.0015250999999999997
constant_long,3,20260917,2,ETHUSDT,complete,,599,0.08302440984457227,1.0541409424247137,0.08500117023666254,0.010445898959557028,0.0,0.022820369999999993
constant_long,3,20260917,2,LINKUSDT,complete,,599,-0.00662202179356608,0.03607504733288136,0.14009256388031843,0.013457217296548248,0.0,0.0013977699999999994
constant_long,3,20260917,2,LTCUSDT,complete,,599,0.007700172809060435,0.16740773191954367,0.14158898735378045,0.01287960113160435,0.0,0.001532039999999999
constant_long,3,20260917,2,SOLUSDT,complete,,599,0.17504838371013776,1.4672562533999816,0.11790522882593002,0.014014989807741922,0.0,0.0016126899999999984
constant_long,3,20260917,2,XRPUSDT,complete,,599,0.008217009415184995,0.1735287504126811,0.13828568130196317,0.011147607253943056,0.0,0.01707969999999999
constant_short,3,20260917,2,ADAUSDT,complete,,599,0.04608356521411894,0.5314687562273511,0.12533350205034932,0.013131990666731822,0.0,0.0022053599999999995
constant_short,3,20260917,2,AVAXUSDT,failed,drawdown_limit,193,-0.1203061725665272,-3.0314701670786643,0.15046755146187618,0.018027494256231513,0.0,0.0018371599999999998
constant_short,3,20260917,2,BNBUSDT,failed,drawdown_limit,192,-0.14731827828409838,-7.482391234268207,0.15129308422559662,0.010135036795091867,0.0,0.0021433499999999996
constant_short,3,20260917,2,BTCUSDT,complete,,599,-0.09191037545049396,-1.3611945335308173,0.14217390442686573,0.009180124641510667,0.0,0.0025607099999999964
constant_short,3,20260917,2,DOGEUSDT,failed,endpoint_exposure,157,-0.1400474720931003,-5.260218516837263,0.1436076663523682,0.020154794533073617,0.0,0.0018812799999999995
constant_short,3,20260917,2,ETHUSDT,complete,,599,-0.09104307364422115,-1.0983253061268146,0.14353496368254115,0.010359267111772538,0.0,0.0020552299999999986
constant_short,3,20260917,2,LINKUSDT,complete,,599,-0.016610922563584207,-0.05782812093915125,0.11659559358265836,0.013479750638649238,0.0,0.002320819999999998
constant_short,3,20260917,2,LTCUSDT,complete,,599,-0.024444781208540434,-0.17359126522448873,0.12350104494292702,0.012340309263241263,0.0,0.00199714
constant_short,3,20260917,2,SOLUSDT,failed,drawdown_limit,196,-0.12937605374669192,-3.6373912257670256,0.15415337187654932,0.015161653253873498,0.0,0.0027002499999999882
constant_short,3,20260917,2,XRPUSDT,complete,,599,-0.02399782429788022,-0.20022967745946493,0.10843564281539797,0.01152751063971987,0.0,0.0021564399999999995
historical_mean,3,20260917,2,ADAUSDT,failed,drawdown_limit,475,-0.05352801489272718,-0.5585174105765878,0.1506731734539435,0.013689334668007808,0.0,0.040289259999999924
historical_mean,3,20260917,2,AVAXUSDT,failed,drawdown_limit,342,-0.014811167267704484,-0.0681823252707032,0.1519238860096066,0.01755121806294408,0.0,0.034866790000000016
historical_mean,3,20260917,2,BNBUSDT,complete,,599,0.20177062043293303,2.3400565800053132,0.09435997816128461,0.0105113071267035,0.0,0.03419681999999996
historical_mean,3,20260917,2,BTCUSDT,complete,,599,0.08947400347542755,1.3279679331801282,0.0742251295399976,0.008936352039468328,0.0,0.03431923
historical_mean,3,20260917,2,DOGEUSDT,failed,drawdown_limit,536,0.09971348284871473,0.8697920371787374,0.1589673670365891,0.017747383708065816,0.0,0.02788218
historical_mean,3,20260917,2,ETHUSDT,complete,,599,0.08302440984457227,1.0541409424247137,0.08500117023666254,0.010445898959557028,0.0,0.03503228999999998
historical_mean,3,20260917,2,LINKUSDT,complete,,599,-0.00662202179356608,0.03607504733288136,0.14009256388031843,0.013457217296548248,0.0,0.04916138999999988
historical_mean,3,20260917,2,LTCUSDT,complete,,599,0.007700172809060435,0.16740773191954367,0.14158898735378045,0.01287960113160435,0.0,0.057172009999999863
historical_mean,3,20260917,2,SOLUSDT,complete,,599,0.17504838371013776,1.4672562533999816,0.11790522882593002,0.014014989807741922,0.0,0.05050550999999999
historical_mean,3,20260917,2,XRPUSDT,complete,,599,0.008217009415184995,0.1735287504126811,0.13828568130196317,0.011147607253943056,0.0,0.029717769999999987
last_return,3,20260917,2,ADAUSDT,failed,turnover_limit,10,-0.03610438717133624,-10.630239758221078,0.03864580798063766,0.029718147753105884,0.0,0.0324381
last_return,3,20260917,2,AVAXUSDT,failed,turnover_limit,4,-0.010477226029552256,-8.373084459765328,0.02070625079674293,0.01350156426274507,0.0,0.02890827
last_return,3,20260917,2,BNBUSDT,failed,turnover_limit,4,-0.0009166603646905136,-3.681778390140446,0.0033579443415630017,0.0025219810919034913,0.0,0.028174849999999998
last_return,3,20260917,2,BTCUSDT,failed,turnover_limit,4,0.009970535866562491,14.358636332695617,0.0008807575384327526,0.0007501277801241768,0.0,0.02845
last_return,3,20260917,2,DOGEUSDT,failed,turnover_limit,10,-0.019065126832822687,-10.32821573109537,0.021459459273062254,0.015099442890420978,0.0,0.0284074
last_return,3,20260917,2,ETHUSDT,failed,turnover_limit,7,-0.023805277621957166,-19.942868709997637,0.03007291419893343,0.009675605544027244,0.0,0.02785204
last_return,3,20260917,2,LINKUSDT,failed,turnover_limit,28,-0.018667551480833433,-3.353427689813033,0.03778673590043391,0.012560605989468066,0.0,0.0277705
last_return,3,20260917,2,LTCUSDT,failed,turnover_limit,10,-0.02972680512656245,-18.632200451527076,0.037160630730210364,0.010917485325925624,0.0,0.02844588
last_return,3,20260917,2,SOLUSDT,failed,turnover_limit,28,0.021087732370028256,3.6095119910038793,0.03726107897952402,0.016724071723860034,0.0,0.0277424
last_return,3,20260917,2,XRPUSDT,failed,turnover_limit,37,-0.005035089832215678,-1.2402804935584035,0.026733582191755034,0.00950755540002135,0.0,0.03047036
momentum,3,20260917,2,ADAUSDT,failed,turnover_limit,10,-0.04071520932885231,-12.286438401648965,0.042159364816923506,0.02973291008180101,0.0,0.029173969999999997
momentum,3,20260917,2,AVAXUSDT,failed,turnover_limit,4,-0.010477226029552256,-8.373084459765328,0.02070625079674293,0.01350156426274507,0.0,0.02930577
momentum,3,20260917,2,BNBUSDT,failed,turnover_limit,4,-0.0009166603646905136,-3.681778390140446,0.0033579443415630017,0.0025219810919034913,0.0,0.02933376
momentum,3,20260917,2,BTCUSDT,failed,turnover_limit,4,-0.01099165235414512,-16.23120775219187,0.011360859188599415,0.011113637597998993,0.0,0.02922705
momentum,3,20260917,2,DOGEUSDT,failed,turnover_limit,7,0.0019458008096346902,2.147923163187864,0.007369666793120899,0.007121447154909699,0.0,0.02916438
momentum,3,20260917,2,ETHUSDT,failed,turnover_limit,25,0.03394682170927821,8.499907110233645,0.011834047075855003,0.009273846117853535,0.0,0.02963612
momentum,3,20260917,2,LINKUSDT,failed,turnover_limit,7,0.0121167712279866,8.454702011771992,0.010573131151863313,0.010325712580008362,0.0,0.02895878
momentum,3,20260917,2,LTCUSDT,failed,turnover_limit,7,0.009636769593274197,8.634126420284588,0.008220732908216566,0.00797272608973898,0.0,0.029589459999999998
momentum,3,20260917,2,SOLUSDT,failed,turnover_limit,4,-0.014090964085388569,-15.623970143305431,0.019391294037309104,0.010632538693451488,0.0,0.02936597
momentum,3,20260917,2,XRPUSDT,failed,turnover_limit,7,0.006620566470109557,8.864316706878698,0.005574248452696717,0.00532557984765869,0.0,0.03120594
reversal,3,20260917,2,ADAUSDT,failed,turnover_limit,10,0.03770887424411207,11.147657312799646,0.01685736701688867,0.010018785835039457,0.0,0.02994726
reversal,3,20260917,2,AVAXUSDT,failed,turnover_limit,4,0.009457134852136173,7.7048681385143425,0.01053621847171815,0.01053621847171815,0.0,0.030122029999999998
reversal,3,20260917,2,BNBUSDT,failed,turnover_limit,4,-8.390453196649439e-05,-0.27857968456616494,0.0029334651932791944,0.0029334651932791944,0.0,0.02990034
reversal,3,20260917,2,BTCUSDT,failed,turnover_limit,4,0.009970535866562491,14.358636332695617,0.0008807575384327526,0.0007501277801241768,0.0,0.04694588
reversal,3,20260917,2,DOGEUSDT,failed,turnover_limit,7,-0.003939623883258414,-3.987543558207721,0.013321691143251657,0.00757204305437198,0.0,0.02926832
reversal,3,20260917,2,ETHUSDT,failed,turnover_limit,25,-0.03662210598027171,-9.268089408270892,0.05047993353055047,0.01175454480489252,0.0,0.02963216
reversal,3,20260917,2,LINKUSDT,failed,turnover_limit,7,-0.014131067584517876,-9.417749624425495,0.023962818126623486,0.010958764351095218,0.0,0.03013726
reversal,3,20260917,2,LTCUSDT,failed,turnover_limit,7,-0.011607826512524233,-10.043189732896993,0.019180472118460856,0.007759231017003376,0.0,0.02999696
reversal,3,20260917,2,SOLUSDT,failed,turnover_limit,4,0.013063653893599092,14.246771589470468,0.005719589693045979,0.005719589693045979,0.0,0.0323716
reversal,3,20260917,2,XRPUSDT,failed,turnover_limit,7,-0.008598649453849583,-10.814930613651958,0.013603868497870208,0.0057691825417371945,0.0,0.04127194
ridge_optimizer,3,20260917,2,ADAUSDT,failed,turnover_limit,67,0.009486523488376974,0.8800595770992318,0.05411784983253587,0.009116039376340618,0.0,0.07054654000000002
ridge_optimizer,3,20260917,2,AVAXUSDT,failed,turnover_limit,4,0.009457134852136173,7.7048681385143425,0.01053621847171815,0.01053621847171815,0.0,0.04275353
ridge_optimizer,3,20260917,2,BNBUSDT,failed,turnover_limit,55,0.004026258861430598,0.7477340263168781,0.020431339047953356,0.007166392549994072,0.0,0.06845546
ridge_optimizer,3,20260917,2,BTCUSDT,failed,turnover_limit,58,-0.02211603173477572,-3.7989726281506604,0.04355889929000445,0.008452550077598412,0.0,0.04363515999999999
ridge_optimizer,3,20260917,2,DOGEUSDT,failed,turnover_limit,7,-0.003939623883258414,-3.987543558207721,0.013321691143251657,0.00757204305437198,0.0,0.04395648
ridge_optimizer,3,20260917,2,ETHUSDT,failed,turnover_limit,67,-0.011976259656923283,-1.5900640277288178,0.04684007006239632,0.009036634840876662,0.0,0.05088262000000002
ridge_optimizer,3,20260917,2,LINKUSDT,failed,turnover_limit,67,0.03621527248493783,3.1080419752339474,0.04621988782698372,0.010020174303601137,0.0,0.05920338
ridge_optimizer,3,20260917,2,LTCUSDT,failed,turnover_limit,7,-0.011607826512524233,-10.043189732896993,0.019180472118460856,0.007759231017003376,0.0,0.055231499999999996
ridge_optimizer,3,20260917,2,SOLUSDT,failed,turnover_limit,4,0.013063653893599092,14.246771589470468,0.005719589693045979,0.005719589693045979,0.0,0.04283899
ridge_optimizer,3,20260917,2,XRPUSDT,failed,turnover_limit,10,0.014973385632127467,9.50719949076971,0.007969790978916813,0.005275560156625447,0.0,0.06001483999999999
logistic,3,20260917,2,ADAUSDT,complete,,599,0.0041095117597238495,1.0036163855011708,0.002630757528839567,8.771176223520971e-05,0.0,0.08043652999999985
logistic,3,20260917,2,AVAXUSDT,complete,,599,-0.031113649966788004,-1.0930781434710428,0.03673570882645916,0.0021303033397232535,0.0,0.09468492999999985
logistic,3,20260917,2,BNBUSDT,complete,,599,0.01988782410460832,1.9473192412039124,0.005534677708259772,0.00020115592360865723,0.0,0.07338201999999994
logistic,3,20260917,2,BTCUSDT,complete,,599,0.0,,0.0,-0.0,0.0,0.07790873999999999
logistic,3,20260917,2,DOGEUSDT,failed,turnover_limit,169,0.07453453202863702,4.0141182475207,0.012811820255194228,0.0014537118543144335,0.0,0.08252499999999995
logistic,3,20260917,2,ETHUSDT,complete,,599,0.0,,0.0,-0.0,0.0,0.08701907999999973
logistic,3,20260917,2,LINKUSDT,complete,,599,-1.1914222097342275e-05,0.010178922852451077,0.013922606397931081,0.0004899712333787609,0.0,0.07178802
logistic,3,20260917,2,LTCUSDT,complete,,599,0.010563127501576286,0.9378661221603241,0.009158388625578606,0.0003775312254753952,0.0,0.06845217999999993
logistic,3,20260917,2,SOLUSDT,complete,,599,0.0,,0.0,-0.0,0.0,0.0836829999999997
logistic,3,20260917,2,XRPUSDT,complete,,599,0.002756041484843097,0.296279606068471,0.009182042365324938,0.0004779342875613805,0.0,0.07861450999999998
contextual_bandit,3,20260917,2,ADAUSDT,failed,turnover_limit,58,0.0037572947063855278,0.4636314887062938,0.03722911957941244,0.009000572034917886,0.0,0.0269374
contextual_bandit,3,20260917,2,AVAXUSDT,failed,turnover_limit,4,0.009457134852136173,7.7048681385143425,0.01053621847171815,0.01053621847171815,0.0,0.02407331
contextual_bandit,3,20260917,2,BNBUSDT,failed,turnover_limit,4,-8.390453196649439e-05,-0.27857968456616494,0.0029334651932791944,0.0029334651932791944,0.0,0.02350003
contextual_bandit,3,20260917,2,BTCUSDT,failed,turnover_limit,10,0.009653689771052854,6.909494673932577,0.007638918970879649,0.004051166526375605,0.0,0.027462669999999998
contextual_bandit,3,20260917,2,DOGEUSDT,failed,turnover_limit,7,-0.003939623883258414,-3.987543558207721,0.013321691143251657,0.00757204305437198,0.0,0.03109038
contextual_bandit,3,20260917,2,ETHUSDT,failed,turnover_limit,37,0.02283185628018658,4.764314375993999,0.016316173964248226,0.008642678952787863,0.0,0.026399239999999997
contextual_bandit,3,20260917,2,LINKUSDT,failed,turnover_limit,10,0.013106747693173881,8.814871400807403,0.004245827980305261,0.004245827980305261,0.0,0.02416322
contextual_bandit,3,20260917,2,LTCUSDT,failed,turnover_limit,76,0.005922478344979831,0.8164642663034094,0.03399704739699683,0.009109014657217362,0.0,0.023626
contextual_bandit,3,20260917,2,SOLUSDT,failed,turnover_limit,10,0.01528356496425487,7.777653106520914,0.006025882089422896,0.006025882089422896,0.0,0.026024369999999998
contextual_bandit,3,20260917,2,XRPUSDT,failed,turnover_limit,7,-0.008598649453849583,-10.814930613651958,0.013603868497870208,0.0057691825417371945,0.0,0.02351738
behavior_uniform,3,20260917,2,ADAUSDT,failed,turnover_limit,55,-0.03512916745017103,-4.183719834875062,0.03865537158606791,0.015944815996739692,0.0,0.04329392000000001
behavior_uniform,3,20260917,2,AVAXUSDT,failed,turnover_limit,55,-0.05352557141808889,-6.194421690308465,0.05352557141808889,0.017027652316665143,0.0,0.0269186
behavior_uniform,3,20260917,2,BNBUSDT,failed,turnover_limit,55,-0.02941909996707559,-6.618975976393044,0.02941909996707559,0.00861927767867173,0.0,0.04468138
behavior_uniform,3,20260917,2,BTCUSDT,failed,turnover_limit,55,-0.005121194177136301,-1.0287097321580998,0.02511879546023965,0.007574055637277162,0.0,0.03290902
behavior_uniform,3,20260917,2,DOGEUSDT,failed,turnover_limit,55,-0.03233204579639848,-5.721266652173433,0.03233204579639848,0.010904851707073893,0.0,0.0308582
behavior_uniform,3,20260917,2,ETHUSDT,failed,turnover_limit,55,-0.03912891595655554,-6.703710776564638,0.03912891595655554,0.010731042527998466,0.0,0.02387238
behavior_uniform,3,20260917,2,LINKUSDT,failed,turnover_limit,55,-0.020335024516801803,-2.388887938706658,0.035778859519139505,0.011704449887970703,0.0,0.03347412
behavior_uniform,3,20260917,2,LTCUSDT,failed,turnover_limit,55,-0.04110435395968037,-7.267312119681291,0.04110435395968037,0.011379539284818163,0.0,0.02948062
behavior_uniform,3,20260917,2,SOLUSDT,failed,turnover_limit,55,-0.04434309913437107,-5.674507435546331,0.05062062271985679,0.014893522266615259,0.0,0.0337893
behavior_uniform,3,20260917,2,XRPUSDT,failed,turnover_limit,55,-0.015885069016400744,-3.432584693864516,0.023327650703385827,0.008125260777243293,0.0,0.02491316
behavior_clone,3,20260917,2,ADAUSDT,complete,,599,0.04608356521411894,0.5314687562273511,0.12533350205034932,0.013131990666731822,0.0,0.0020581899999999997
behavior_clone,3,20260917,2,AVAXUSDT,failed,drawdown_limit,193,-0.1203061725665272,-3.0314701670786643,0.15046755146187618,0.018027494256231513,0.0,0.0024871199999999993
behavior_clone,3,20260917,2,BNBUSDT,failed,drawdown_limit,192,-0.14731827828409838,-7.482391234268207,0.15129308422559662,0.010135036795091867,0.0,0.009033539999999953
behavior_clone,3,20260917,2,BTCUSDT,complete,,599,-0.09191037545049396,-1.3611945335308173,0.14217390442686573,0.009180124641510667,0.0,0.002905269999999997
behavior_clone,3,20260917,2,DOGEUSDT,failed,endpoint_exposure,157,-0.1400474720931003,-5.260218516837263,0.1436076663523682,0.020154794533073617,0.0,0.005300439999999999
behavior_clone,3,20260917,2,ETHUSDT,complete,,599,-0.09104307364422115,-1.0983253061268146,0.14353496368254115,0.010359267111772538,0.0,0.003486409999999993
behavior_clone,3,20260917,2,LINKUSDT,complete,,599,-0.016610922563584207,-0.05782812093915125,0.11659559358265836,0.013479750638649238,0.0,0.0075691999999999955
behavior_clone,3,20260917,2,LTCUSDT,complete,,599,-0.024444781208540434,-0.17359126522448873,0.12350104494292702,0.012340309263241263,0.0,0.001714189999999999
behavior_clone,3,20260917,2,SOLUSDT,failed,drawdown_limit,196,-0.12937605374669192,-3.6373912257670256,0.15415337187654932,0.015161653253873498,0.0,0.004126199999999964
behavior_clone,3,20260917,2,XRPUSDT,complete,,599,-0.02399782429788022,-0.20022967745946493,0.10843564281539797,0.01152751063971987,0.0,0.0019660399999999884
ppo,6,11,0,ADAUSDT,failed,drawdown_limit,175,-0.10139736466165272,-3.263470869363777,0.15962041919799475,0.0160568681589441,0.0,0.01578773
ppo,6,11,0,AVAXUSDT,failed,drawdown_limit,173,-0.07507083760479727,-1.9348693396119878,0.15486934851747813,0.016131389655112183,0.0,0.017553799999999998
ppo,6,11,0,BNBUSDT,failed,drawdown_limit,293,-0.12896037681724615,-2.507693044351625,0.1508528437029465,0.015728638226426887,0.0,0.018646159999999985
ppo,6,11,0,BTCUSDT,failed,drawdown_limit,280,-0.13195248998690956,-3.9506193541436536,0.15379785969062632,0.01259517543024337,0.0,0.019864
ppo,6,11,0,DOGEUSDT,failed,drawdown_limit,181,-0.08409522708984285,-1.9082096381487021,0.1503652600317098,0.0186981995509125,0.0,0.017125099999999997
ppo,6,11,0,ETHUSDT,failed,drawdown_limit,271,-0.10613364859360386,-2.639766643165089,0.15051827101644133,0.013349825253712406,0.0,0.018450199999999996
ppo,6,11,0,LINKUSDT,failed,drawdown_limit,175,-0.1099160338962929,-3.61304522806771,0.1615490337667579,0.01657598183942683,0.0,0.020758060000000002
ppo,6,11,0,LTCUSDT,failed,drawdown_limit,182,-0.1289915463341086,-4.526462066237025,0.1616574541499486,0.016403363854412,0.0,0.021175
ppo,6,11,0,SOLUSDT,failed,drawdown_limit,174,-0.06306845778844616,-1.7716451820549342,0.15216593336428752,0.016532763680537996,0.0,0.01922524
ppo,6,11,0,XRPUSDT,failed,drawdown_limit,181,-0.1399788547376134,-5.153148972907124,0.15625786357065463,0.01531959919986926,0.0,0.0152289
ppo,6,23,0,ADAUSDT,failed,drawdown_limit,175,-0.05615907292963784,-1.554631469199267,0.155571350819946,0.016056868158944124,0.0,0.019316490000000002
ppo,6,23,0,AVAXUSDT,failed,drawdown_limit,173,-0.07507083760479727,-1.9348693396119878,0.15486934851747813,0.016131389655112183,0.0,0.015352359999999999
ppo,6,23,0,BNBUSDT,failed,drawdown_limit,284,-0.11905255046349739,-2.4007152727604955,0.16253071822041354,0.015091453222582037,0.0,0.019364980000000004
ppo,6,23,0,BTCUSDT,failed,drawdown_limit,279,-0.11513641300499144,-2.9785625209721567,0.15832700620390938,0.013176004872029492,0.0,0.0178136
ppo,6,23,0,DOGEUSDT,failed,drawdown_limit,181,-0.05672819847179944,-1.1969647567123571,0.15036526003171102,0.0186732020277826,0.0,0.018054999999999998
ppo,6,23,0,ETHUSDT,failed,drawdown_limit,226,-0.08079962345835989,-2.2307837324016027,0.15075344711638217,0.013720044820318356,0.0,0.019192170000000012
ppo,6,23,0,LINKUSDT,failed,drawdown_limit,174,-0.0849018126563773,-2.7520632479687195,0.15518141675842834,0.015026697438676942,0.0,0.016619679999999998
ppo,6,23,0,LTCUSDT,failed,drawdown_limit,181,-0.10212275932252357,-3.426236335894784,0.15057826912408756,0.015605424973208248,0.0,0.017615799999999994
ppo,6,23,0,SOLUSDT,failed,drawdown_limit,174,-0.0292666189168026,-0.7051936470299541,0.1521659332387959,0.016532763680514817,0.0,0.019348799999999996
ppo,6,23,0,XRPUSDT,failed,drawdown_limit,180,-0.1287841638925754,-4.662441693123154,0.1523141360940714,0.015580771432951767,0.0,0.018993180000000005
ppo,6,47,0,ADAUSDT,failed,drawdown_limit,480,-0.07089259785679214,-1.2297909972396153,0.1527972522647184,0.011186788847093515,0.0,0.03839560999999995
ppo,6,47,0,AVAXUSDT,failed,drawdown_limit,364,-0.14052067050785733,-2.4715204532321837,0.1511586240404712,0.016060257107119235,0.0,0.0243878
ppo,6,47,0,BNBUSDT,complete,,599,0.017946553437119483,0.39862078085236713,0.05216118855466334,0.007379032068892288,0.0,0.022993590000000005
ppo,6,47,0,BTCUSDT,complete,,599,-0.09298395717015973,-2.263646472328037,0.12598548614284466,0.007090087656292354,0.0,0.020922060000000006
ppo,6,47,0,DOGEUSDT,complete,,599,-0.03292526789131789,-0.39475855526278375,0.10364450465162245,0.011371251325985784,0.0,0.020100820000000005
ppo,6,47,0,ETHUSDT,complete,,599,0.0023553392356767677,0.09664871311042875,0.079436811845772,0.009661928662997865,0.0,0.020541140000000072
ppo,6,47,0,LINKUSDT,complete,,599,-0.09861418713207237,-1.2402176924399988,0.13320816206616615,0.012559885407851872,0.0,0.022480140000000037
ppo,6,47,0,LTCUSDT,complete,,599,-0.07815618381164846,-1.213624430081534,0.14753041647978493,0.010204213095279491,0.0,0.02021746000000002
ppo,6,47,0,SOLUSDT,failed,drawdown_limit,428,-0.056280537425304145,-0.8042086095034074,0.15514740190811993,0.013711903026172468,0.0,0.024322930000000027
ppo,6,47,0,XRPUSDT,complete,,599,-0.03811141486362213,-0.5834374374418954,0.08048574798617891,0.00863508754895891,0.0,0.01908990000000014
double_dqn,6,11,0,ADAUSDT,failed,drawdown_limit,175,-0.06175748891020827,-1.9418659196725583,0.1605801003967363,0.014317444114852399,0.0,0.02303706
double_dqn,6,11,0,AVAXUSDT,failed,drawdown_limit,174,-0.0797571886465196,-2.0684735898888302,0.15915138336943402,0.01623424562962799,0.0,0.021181199999999997
double_dqn,6,11,0,BNBUSDT,failed,drawdown_limit,296,-0.10867131564462684,-2.038342732742744,0.1526618375371004,0.01517168920256362,0.0,0.02657337
double_dqn,6,11,0,BTCUSDT,failed,drawdown_limit,296,-0.10715311596210186,-2.879904583128974,0.15073337751220206,0.011794486985341876,0.0,0.02222748
double_dqn,6,11,0,DOGEUSDT,failed,drawdown_limit,277,-0.060263368728113775,-0.9164288580747721,0.1535494996714427,0.01730416810341607,0.0,0.02021622
double_dqn,6,11,0,ETHUSDT,failed,drawdown_limit,273,-0.08589275324116685,-2.0460453472415834,0.15545897490098892,0.01385634495138814,0.0,0.027121849999999992
double_dqn,6,11,0,LINKUSDT,failed,drawdown_limit,174,-0.0849018126563773,-2.7520632479687195,0.15518141675842834,0.015026697438676942,0.0,0.041787
double_dqn,6,11,0,LTCUSDT,failed,drawdown_limit,182,-0.11559584181019233,-3.9039452282081806,0.1633242532391036,0.016403363941188763,0.0,0.0195403
double_dqn,6,11,0,SOLUSDT,failed,drawdown_limit,174,-0.0292666189168026,-0.7051936470299541,0.1521659332387959,0.016532763680514817,0.0,0.024456719999999998
double_dqn,6,11,0,XRPUSDT,failed,drawdown_limit,180,-0.13823907501556953,-5.339906272181898,0.1615136870793461,0.015580771432951803,0.0,0.029891020000000008
double_dqn,6,23,0,ADAUSDT,failed,drawdown_limit,175,-0.060168369551690914,-1.7018287286639113,0.15557135081994733,0.016056868158944138,0.0,0.01848208
double_dqn,6,23,0,AVAXUSDT,failed,drawdown_limit,182,-0.0764802618240481,-1.8804161592596755,0.15615717428517917,0.016834935944355166,0.0,0.0198607
double_dqn,6,23,0,BNBUSDT,failed,drawdown_limit,278,-0.11429002800151566,-2.5500180653228153,0.1504746866904204,0.014306838660721124,0.0,0.04185902
double_dqn,6,23,0,BTCUSDT,failed,drawdown_limit,279,-0.12006589652145827,-3.1610876901640177,0.15832700620390994,0.013176004872029499,0.0,0.0226183
double_dqn,6,23,0,DOGEUSDT,complete,,599,-0.05060174933150596,-0.32530932406100677,0.14819399701445712,0.016385635808706566,0.0,0.02377502000000014
double_dqn,6,23,0,ETHUSDT,failed,drawdown_limit,226,-0.09857654974750918,-2.8298656551867305,0.15075344711638183,0.013720044820318347,0.0,0.030557030000000034
double_dqn,6,23,0,LINKUSDT,failed,drawdown_limit,182,-0.09082273662872542,-2.823966536266217,0.1566037691799742,0.016144610592882625,0.0,0.019496
double_dqn,6,23,0,LTCUSDT,failed,drawdown_limit,181,-0.10215882854965408,-3.462544806085737,0.15057826912408712,0.01560542497320827,0.0,0.020080699999999996
double_dqn,6,23,0,SOLUSDT,failed,drawdown_limit,174,-0.04758881542202653,-1.262456865151468,0.15216593323879735,0.01653276368051483,0.0,0.02121404
double_dqn,6,23,0,XRPUSDT,failed,drawdown_limit,180,-0.1287841638925754,-4.662441693123154,0.1523141360940714,0.015580771432951767,0.0,0.023110500000000006
double_dqn,6,47,0,ADAUSDT,complete,,599,-0.03438649928262871,-0.33215638283555876,0.1434809041833771,0.012505647081581727,0.0,0.026825780000000108
double_dqn,6,47,0,AVAXUSDT,failed,drawdown_limit,176,-0.07169016719029297,-2.3721520979574398,0.1517803463473455,0.014217765339692249,0.0,0.01989466
double_dqn,6,47,0,BNBUSDT,complete,,599,-0.10047238082086707,-1.6580088690343695,0.14520212927435283,0.009873353203478211,0.0,0.020226760000000007
double_dqn,6,47,0,BTCUSDT,complete,,599,-0.030336875991016865,-0.5404014653792647,0.09817225705809984,0.008432082842122683,0.0,0.02400178000000029
double_dqn,6,47,0,DOGEUSDT,failed,drawdown_limit,303,-0.06668512169624419,-1.2372199980838987,0.16108565385318407,0.016111960545317487,0.0,0.0267945
double_dqn,6,47,0,ETHUSDT,failed,drawdown_limit,342,-0.08421439463118852,-1.8702914689053929,0.15219761405070176,0.012812425618732606,0.0,0.019270679999999984
double_dqn,6,47,0,LINKUSDT,failed,drawdown_limit,277,-0.08410591074604867,-1.5729649591301302,0.15037292085066367,0.01696618716562694,0.0,0.0200319
double_dqn,6,47,0,LTCUSDT,complete,,599,-0.04908820201949371,-0.7137459793558273,0.10693019444110374,0.010475215988188017,0.0,0.021194730000000002
double_dqn,6,47,0,SOLUSDT,failed,drawdown_limit,176,-0.05211757025943631,-1.6813548549963524,0.15142055959392287,0.015964560294794896,0.0,0.01768911
double_dqn,6,47,0,XRPUSDT,complete,,599,0.009775370055603583,0.19740002300731824,0.09654732227937679,0.009863824758525874,0.0,0.018900450000000013
cql,6,11,0,ADAUSDT,failed,drawdown_limit,175,-0.05615907292963784,-1.554631469199267,0.155571350819946,0.016056868158944124,0.0,0.01406339
cql,6,11,0,AVAXUSDT,failed,drawdown_limit,173,-0.07507083760479727,-1.9348693396119878,0.15486934851747813,0.016131389655112183,0.0,0.019456119999999997
cql,6,11,0,BNBUSDT,failed,drawdown_limit,278,-0.12320452675467564,-2.831459127356363,0.166477778404728,0.014324517908063257,0.0,0.01839994
cql,6,11,0,BTCUSDT,failed,drawdown_limit,279,-0.11513641300499144,-2.9785625209721567,0.15832700620390938,0.013176004872029492,0.0,0.020434119999999997
cql,6,11,0,DOGEUSDT,failed,drawdown_limit,181,-0.05672819847179944,-1.1969647567123571,0.15036526003171102,0.0186732020277826,0.0,0.0214993
cql,6,11,0,ETHUSDT,complete,,599,0.23114495432087723,1.8740389228618677,0.13693071554883496,0.014248866194106865,0.0,0.02047976
cql,6,11,0,LINKUSDT,failed,drawdown_limit,174,-0.0849018126563773,-2.7520632479687195,0.15518141675842834,0.015026697438676942,0.0,0.0209178
cql,6,11,0,LTCUSDT,failed,drawdown_limit,181,-0.10212275932252357,-3.426236335894784,0.15057826912408756,0.015605424973208248,0.0,0.0137781
cql,6,11,0,SOLUSDT,failed,drawdown_limit,174,-0.0292666189168026,-0.7051936470299541,0.1521659332387959,0.016532763680514817,0.0,0.019335999999999992
cql,6,11,0,XRPUSDT,failed,drawdown_limit,180,-0.1287841638925754,-4.662441693123154,0.1523141360940714,0.015580771432951767,0.0,0.01444245
cql,6,23,0,ADAUSDT,failed,drawdown_limit,175,-0.05615907292963784,-1.554631469199267,0.155571350819946,0.016056868158944124,0.0,0.03155096000000002
cql,6,23,0,AVAXUSDT,failed,drawdown_limit,173,-0.07507083760479727,-1.9348693396119878,0.15486934851747813,0.016131389655112183,0.0,0.01730428
cql,6,23,0,BNBUSDT,failed,drawdown_limit,284,-0.1198116507624426,-2.4305381805318715,0.16253071822041443,0.015091453222582037,0.0,0.03681823000000002
cql,6,23,0,BTCUSDT,failed,drawdown_limit,279,-0.11513641300499144,-2.9785625209721567,0.15832700620390938,0.013176004872029492,0.0,0.04744655999999997
cql,6,23,0,DOGEUSDT,failed,drawdown_limit,181,-0.05672819847179944,-1.1969647567123571,0.15036526003171102,0.0186732020277826,0.0,0.022384099999999997
cql,6,23,0,ETHUSDT,failed,drawdown_limit,226,-0.08079962345835989,-2.2307837324016027,0.15075344711638217,0.013720044820318356,0.0,0.02096362000000001
cql,6,23,0,LINKUSDT,failed,drawdown_limit,174,-0.0849018126563773,-2.7520632479687195,0.15518141675842834,0.015026697438676942,0.0,0.02206672
cql,6,23,0,LTCUSDT,failed,drawdown_limit,181,-0.10212275932252357,-3.426236335894784,0.15057826912408756,0.015605424973208248,0.0,0.0188246
cql,6,23,0,SOLUSDT,failed,drawdown_limit,174,-0.0292666189168026,-0.7051936470299541,0.1521659332387959,0.016532763680514817,0.0,0.024705919999999992
cql,6,23,0,XRPUSDT,failed,drawdown_limit,180,-0.1287841638925754,-4.662441693123154,0.1523141360940714,0.015580771432951767,0.0,0.01904857
cql,6,47,0,ADAUSDT,failed,drawdown_limit,175,-0.05615907292963784,-1.554631469199267,0.155571350819946,0.016056868158944124,0.0,0.020867800000000006
cql,6,47,0,AVAXUSDT,failed,drawdown_limit,173,-0.07507083760479727,-1.9348693396119878,0.15486934851747813,0.016131389655112183,0.0,0.03716699999999998
cql,6,47,0,BNBUSDT,failed,drawdown_limit,284,-0.11905255046349739,-2.4007152727604955,0.16253071822041354,0.015091453222582037,0.0,0.020308260000000005
cql,6,47,0,BTCUSDT,failed,drawdown_limit,279,-0.11513641300499144,-2.9785625209721567,0.15832700620390938,0.013176004872029492,0.0,0.01750986
cql,6,47,0,DOGEUSDT,failed,drawdown_limit,181,-0.05672819847179944,-1.1969647567123571,0.15036526003171102,0.0186732020277826,0.0,0.0166813
cql,6,47,0,ETHUSDT,failed,drawdown_limit,226,-0.08079962345835989,-2.2307837324016027,0.15075344711638217,0.013720044820318356,0.0,0.016259370000000002
cql,6,47,0,LINKUSDT,failed,drawdown_limit,174,-0.0849018126563773,-2.7520632479687195,0.15518141675842834,0.015026697438676942,0.0,0.028372759999999986
cql,6,47,0,LTCUSDT,failed,drawdown_limit,181,-0.10212275932252357,-3.426236335894784,0.15057826912408756,0.015605424973208248,0.0,0.0158015
cql,6,47,0,SOLUSDT,failed,drawdown_limit,174,-0.0292666189168026,-0.7051936470299541,0.1521659332387959,0.016532763680514817,0.0,0.01502136
cql,6,47,0,XRPUSDT,failed,drawdown_limit,180,-0.1287841638925754,-4.662441693123154,0.1523141360940714,0.015580771432951767,0.0,0.014372580000000001
cql_no_inventory_penalty,6,11,0,ADAUSDT,failed,drawdown_limit,175,-0.05615907292963784,-1.554631469199267,0.155571350819946,0.016056868158944124,0.0,0.01753768
cql_no_inventory_penalty,6,11,0,AVAXUSDT,failed,drawdown_limit,173,-0.07507083760479727,-1.9348693396119878,0.15486934851747813,0.016131389655112183,0.0,0.01687488
cql_no_inventory_penalty,6,11,0,BNBUSDT,failed,drawdown_limit,278,-0.12320452675467564,-2.831459127356363,0.166477778404728,0.014324517908063257,0.0,0.019118439999999997
cql_no_inventory_penalty,6,11,0,BTCUSDT,failed,drawdown_limit,279,-0.11513641300499144,-2.9785625209721567,0.15832700620390938,0.013176004872029492,0.0,0.020249499999999997
cql_no_inventory_penalty,6,11,0,DOGEUSDT,failed,drawdown_limit,181,-0.05672819847179944,-1.1969647567123571,0.15036526003171102,0.0186732020277826,0.0,0.020796099999999994
cql_no_inventory_penalty,6,11,0,ETHUSDT,complete,,599,0.23114495432087723,1.8740389228618677,0.13693071554883496,0.014248866194106865,0.0,0.022908080000000032
cql_no_inventory_penalty,6,11,0,LINKUSDT,failed,drawdown_limit,174,-0.0849018126563773,-2.7520632479687195,0.15518141675842834,0.015026697438676942,0.0,0.020744479999999996
cql_no_inventory_penalty,6,11,0,LTCUSDT,failed,drawdown_limit,181,-0.10212275932252357,-3.426236335894784,0.15057826912408756,0.015605424973208248,0.0,0.01724
cql_no_inventory_penalty,6,11,0,SOLUSDT,failed,drawdown_limit,174,-0.0292666189168026,-0.7051936470299541,0.1521659332387959,0.016532763680514817,0.0,0.01876112
cql_no_inventory_penalty,6,11,0,XRPUSDT,failed,drawdown_limit,180,-0.1287841638925754,-4.662441693123154,0.1523141360940714,0.015580771432951767,0.0,0.039395060000000016
cql_no_inventory_penalty,6,23,0,ADAUSDT,failed,drawdown_limit,175,-0.05615907292963784,-1.554631469199267,0.155571350819946,0.016056868158944124,0.0,0.018341080000000006
cql_no_inventory_penalty,6,23,0,AVAXUSDT,failed,drawdown_limit,173,-0.07507083760479727,-1.9348693396119878,0.15486934851747813,0.016131389655112183,0.0,0.019315119999999998
cql_no_inventory_penalty,6,23,0,BNBUSDT,failed,drawdown_limit,284,-0.1198116507624426,-2.4305381805318715,0.16253071822041443,0.015091453222582037,0.0,0.028889170000000013
cql_no_inventory_penalty,6,23,0,BTCUSDT,failed,drawdown_limit,279,-0.11513641300499144,-2.9785625209721567,0.15832700620390938,0.013176004872029492,0.0,0.01796698
cql_no_inventory_penalty,6,23,0,DOGEUSDT,failed,drawdown_limit,181,-0.05672819847179944,-1.1969647567123571,0.15036526003171102,0.0186732020277826,0.0,0.022911599999999994
cql_no_inventory_penalty,6,23,0,ETHUSDT,failed,drawdown_limit,226,-0.08079962345835989,-2.2307837324016027,0.15075344711638217,0.013720044820318356,0.0,0.03545728000000001
cql_no_inventory_penalty,6,23,0,LINKUSDT,failed,drawdown_limit,174,-0.0849018126563773,-2.7520632479687195,0.15518141675842834,0.015026697438676942,0.0,0.03161507999999999
cql_no_inventory_penalty,6,23,0,LTCUSDT,failed,drawdown_limit,181,-0.10212275932252357,-3.426236335894784,0.15057826912408756,0.015605424973208248,0.0,0.046383699999999986
cql_no_inventory_penalty,6,23,0,SOLUSDT,failed,drawdown_limit,174,-0.0292666189168026,-0.7051936470299541,0.1521659332387959,0.016532763680514817,0.0,0.029031359999999985
cql_no_inventory_penalty,6,23,0,XRPUSDT,failed,drawdown_limit,180,-0.1287841638925754,-4.662441693123154,0.1523141360940714,0.015580771432951767,0.0,0.04031305000000002
cql_no_inventory_penalty,6,47,0,ADAUSDT,failed,drawdown_limit,175,-0.05615907292963784,-1.554631469199267,0.155571350819946,0.016056868158944124,0.0,0.019427870000000007
cql_no_inventory_penalty,6,47,0,AVAXUSDT,failed,drawdown_limit,173,-0.07507083760479727,-1.9348693396119878,0.15486934851747813,0.016131389655112183,0.0,0.014546479999999999
cql_no_inventory_penalty,6,47,0,BNBUSDT,failed,drawdown_limit,284,-0.11905255046349739,-2.4007152727604955,0.16253071822041354,0.015091453222582037,0.0,0.01467322
cql_no_inventory_penalty,6,47,0,BTCUSDT,failed,drawdown_limit,279,-0.11513641300499144,-2.9785625209721567,0.15832700620390938,0.013176004872029492,0.0,0.016277379999999998
cql_no_inventory_penalty,6,47,0,DOGEUSDT,failed,drawdown_limit,181,-0.05672819847179944,-1.1969647567123571,0.15036526003171102,0.0186732020277826,0.0,0.0157118
cql_no_inventory_penalty,6,47,0,ETHUSDT,failed,drawdown_limit,226,-0.08079962345835989,-2.2307837324016027,0.15075344711638217,0.013720044820318356,0.0,0.013655170000000003
cql_no_inventory_penalty,6,47,0,LINKUSDT,failed,drawdown_limit,174,-0.0849018126563773,-2.7520632479687195,0.15518141675842834,0.015026697438676942,0.0,0.01445012
cql_no_inventory_penalty,6,47,0,LTCUSDT,failed,drawdown_limit,181,-0.10212275932252357,-3.426236335894784,0.15057826912408756,0.015605424973208248,0.0,0.018769699999999997
cql_no_inventory_penalty,6,47,0,SOLUSDT,failed,drawdown_limit,174,-0.0292666189168026,-0.7051936470299541,0.1521659332387959,0.016532763680514817,0.0,0.01738824
cql_no_inventory_penalty,6,47,0,XRPUSDT,failed,drawdown_limit,180,-0.1287841638925754,-4.662441693123154,0.1523141360940714,0.015580771432951767,0.0,0.014403660000000002
cash,6,20260917,0,ADAUSDT,complete,,599,0.0,,0.0,-0.0,0.0,0.0016383200000000013
cash,6,20260917,0,AVAXUSDT,complete,,599,0.0,,0.0,-0.0,0.0,0.00158424
cash,6,20260917,0,BNBUSDT,complete,,599,0.0,,0.0,-0.0,0.0,0.0015795500000000003
cash,6,20260917,0,BTCUSDT,complete,,599,0.0,,0.0,-0.0,0.0,0.00149005
cash,6,20260917,0,DOGEUSDT,complete,,599,0.0,,0.0,-0.0,0.0,0.0014843300000000003
cash,6,20260917,0,ETHUSDT,complete,,599,0.0,,0.0,-0.0,0.0,0.0015825400000000003
cash,6,20260917,0,LINKUSDT,complete,,599,0.0,,0.0,-0.0,0.0,0.0014243000000000023
cash,6,20260917,0,LTCUSDT,complete,,599,0.0,,0.0,-0.0,0.0,0.0015035800000000037
cash,6,20260917,0,SOLUSDT,complete,,599,0.0,,0.0,-0.0,0.0,0.0014995400000000008
cash,6,20260917,0,XRPUSDT,complete,,599,0.0,,0.0,-0.0,0.0,0.0015236000000000008
constant_long,6,20260917,0,ADAUSDT,failed,drawdown_limit,175,-0.05615907292963784,-1.554631469199267,0.155571350819946,0.016056868158944124,0.0,0.0018205100000000002
constant_long,6,20260917,0,AVAXUSDT,failed,drawdown_limit,173,-0.07507083760479727,-1.9348693396119878,0.15486934851747813,0.016131389655112183,0.0,0.0015133999999999998
constant_long,6,20260917,0,BNBUSDT,failed,drawdown_limit,284,-0.11905255046349739,-2.4007152727604955,0.16253071822041354,0.015091453222582037,0.0,0.00150218
constant_long,6,20260917,0,BTCUSDT,failed,drawdown_limit,279,-0.11513641300499144,-2.9785625209721567,0.15832700620390938,0.013176004872029492,0.0,0.003162319999999998
constant_long,6,20260917,0,DOGEUSDT,failed,drawdown_limit,181,-0.05672819847179944,-1.1969647567123571,0.15036526003171102,0.0186732020277826,0.0,0.003310699999999999
constant_long,6,20260917,0,ETHUSDT,failed,drawdown_limit,226,-0.08079962345835989,-2.2307837324016027,0.15075344711638217,0.013720044820318356,0.0,0.0019017200000000006
constant_long,6,20260917,0,LINKUSDT,failed,drawdown_limit,174,-0.0849018126563773,-2.7520632479687195,0.15518141675842834,0.015026697438676942,0.0,0.0016360399999999998
constant_long,6,20260917,0,LTCUSDT,failed,drawdown_limit,181,-0.10212275932252357,-3.426236335894784,0.15057826912408756,0.015605424973208248,0.0,0.0018108999999999996
constant_long,6,20260917,0,SOLUSDT,failed,drawdown_limit,174,-0.0292666189168026,-0.7051936470299541,0.1521659332387959,0.016532763680514817,0.0,0.0015128
constant_long,6,20260917,0,XRPUSDT,failed,drawdown_limit,180,-0.1287841638925754,-4.662441693123154,0.1523141360940714,0.015580771432951767,0.0,0.0014884
constant_short,6,20260917,0,ADAUSDT,failed,endpoint_exposure,239,-0.001996309947590036,0.11559682319655155,0.1089677738715259,0.023700147409918205,0.0,0.00197787
constant_short,6,20260917,0,AVAXUSDT,failed,drawdown_limit,384,0.18298596212508422,1.5734086191089656,0.15229828597283168,0.02362715461294943,0.0,0.00157894
constant_short,6,20260917,0,BNBUSDT,complete,,599,0.027361027481999534,0.3586481679765352,0.13969546354409612,0.012940787993263947,0.0,0.0016392400000000001
constant_short,6,20260917,0,BTCUSDT,complete,,599,0.16089756966256874,1.749756173167498,0.0800961587166521,0.011381512488206187,0.0,0.0016932800000000001
constant_short,6,20260917,0,DOGEUSDT,complete,,599,0.10769740171344067,0.8878145407853844,0.13397131421711694,0.017081761911892184,0.0,0.0014675400000000003
constant_short,6,20260917,0,ETHUSDT,failed,drawdown_limit,414,0.04383542264637286,0.608428361310973,0.1624735525832086,0.016068994996399,0.0,0.0016481199999999997
constant_short,6,20260917,0,LINKUSDT,complete,,599,0.05675179427577648,0.517701593359814,0.13240255985469518,0.017634115512497016,0.0,0.0018936200000000002
constant_short,6,20260917,0,LTCUSDT,complete,,599,0.13167030447372752,1.1424297405477861,0.1163875732419637,0.01505125727259626,0.0,0.0015091200000000005
constant_short,6,20260917,0,SOLUSDT,failed,drawdown_limit,461,0.04949843438438961,0.5225303885927614,0.15280415394935765,0.02214605690872674,0.0,0.0016524799999999998
constant_short,6,20260917,0,XRPUSDT,complete,,599,0.11306217564309184,1.034683242316386,0.14724436930681795,0.01627450459739606,0.0,0.0015642700000000028
historical_mean,6,20260917,0,ADAUSDT,failed,drawdown_limit,175,-0.05615907292963784,-1.554631469199267,0.155571350819946,0.016056868158944124,0.0,0.04385743
historical_mean,6,20260917,0,AVAXUSDT,failed,drawdown_limit,173,-0.07507083760479727,-1.9348693396119878,0.15486934851747813,0.016131389655112183,0.0,0.04055064
historical_mean,6,20260917,0,BNBUSDT,failed,drawdown_limit,284,-0.11905255046349739,-2.4007152727604955,0.16253071822041354,0.015091453222582037,0.0,0.03944679
historical_mean,6,20260917,0,BTCUSDT,failed,drawdown_limit,279,-0.11513641300499144,-2.9785625209721567,0.15832700620390938,0.013176004872029492,0.0,0.08161813999999995
historical_mean,6,20260917,0,DOGEUSDT,failed,drawdown_limit,181,-0.05672819847179944,-1.1969647567123571,0.15036526003171102,0.0186732020277826,0.0,0.10234039999999994
historical_mean,6,20260917,0,ETHUSDT,failed,drawdown_limit,226,-0.08079962345835989,-2.2307837324016027,0.15075344711638217,0.013720044820318356,0.0,0.049174080000000044
historical_mean,6,20260917,0,LINKUSDT,failed,drawdown_limit,174,-0.0849018126563773,-2.7520632479687195,0.15518141675842834,0.015026697438676942,0.0,0.05124487999999999
historical_mean,6,20260917,0,LTCUSDT,failed,drawdown_limit,181,-0.10212275932252357,-3.426236335894784,0.15057826912408756,0.015605424973208248,0.0,0.0431695
historical_mean,6,20260917,0,SOLUSDT,failed,drawdown_limit,174,-0.0292666189168026,-0.7051936470299541,0.1521659332387959,0.016532763680514817,0.0,0.039318
historical_mean,6,20260917,0,XRPUSDT,failed,drawdown_limit,180,-0.1287841638925754,-4.662441693123154,0.1523141360940714,0.015580771432951767,0.0,0.03548068
last_return,6,20260917,0,ADAUSDT,failed,turnover_limit,13,-0.015903882612661846,-8.551982681402881,0.016470180925046263,0.007245180643285276,0.0,0.04268084
last_return,6,20260917,0,AVAXUSDT,failed,turnover_limit,13,-0.01238061866274165,-4.196220993884457,0.027704396497790662,0.012502313317558356,0.0,0.0325881
last_return,6,20260917,0,BNBUSDT,failed,turnover_limit,7,0.0003639972537625713,0.49068961122895777,0.008970372148838224,0.0064172967646615175,0.0,0.03257932
last_return,6,20260917,0,BTCUSDT,failed,turnover_limit,13,-0.01511054372223919,-8.08182524212238,0.021453650838899163,0.008461740690535291,0.0,0.03599538
last_return,6,20260917,0,DOGEUSDT,failed,turnover_limit,13,-0.005355009881769179,-3.3394618525597397,0.012436331064837103,0.0075225395534012085,0.0,0.03298148
last_return,6,20260917,0,ETHUSDT,failed,turnover_limit,13,-0.020182577505603594,-12.124034194946388,0.025047124376125662,0.00706954093570511,0.0,0.0319604
last_return,6,20260917,0,LINKUSDT,failed,turnover_limit,13,-0.02865053161690423,-11.730531715317499,0.03658070740637942,0.010123792798793496,0.0,0.03343488
last_return,6,20260917,0,LTCUSDT,failed,turnover_limit,7,-0.0005436187403028425,-0.5459014202546348,0.009395735748029765,0.004747817523878206,0.0,0.03252742
last_return,6,20260917,0,SOLUSDT,failed,turnover_limit,31,0.01590182886808522,3.4687397461164973,0.026470607489699094,0.006224686146225289,0.0,0.03840735
last_return,6,20260917,0,XRPUSDT,failed,turnover_limit,13,-0.0024492481810978184,-1.344845544316786,0.01282170332549859,0.00494895342579782,0.0,0.03284292
momentum,6,20260917,0,ADAUSDT,failed,turnover_limit,13,-0.015903882612661846,-8.551982681402881,0.016470180925046263,0.007245180643285276,0.0,0.03265494
momentum,6,20260917,0,AVAXUSDT,failed,turnover_limit,13,-0.01238061866274165,-4.196220993884457,0.027704396497790662,0.012502313317558356,0.0,0.032093
momentum,6,20260917,0,BNBUSDT,failed,turnover_limit,7,0.0003639972537625713,0.49068961122895777,0.008970372148838224,0.0064172967646615175,0.0,0.03136829
momentum,6,20260917,0,BTCUSDT,failed,turnover_limit,13,-0.01511054372223919,-8.08182524212238,0.021453650838899163,0.008461740690535291,0.0,0.03452502
momentum,6,20260917,0,DOGEUSDT,failed,turnover_limit,13,-0.009980622657717153,-6.367963675384212,0.012259468678313512,0.007140381300871468,0.0,0.03317984
momentum,6,20260917,0,ETHUSDT,failed,turnover_limit,7,0.0015252300753665349,1.8830966435834142,0.006476027649644722,0.006241327954532694,0.0,0.03242721
momentum,6,20260917,0,LINKUSDT,failed,turnover_limit,13,-0.0239385487331506,-13.446195882223977,0.031312198875258934,0.010110017229883805,0.0,0.031739659999999996
momentum,6,20260917,0,LTCUSDT,failed,turnover_limit,7,-0.0004565234802335061,-0.4533256174752188,0.010227480203095607,0.008229468603659695,0.0,0.035924479999999995
momentum,6,20260917,0,SOLUSDT,failed,turnover_limit,13,-0.01979782591672119,-9.730722790050258,0.027646737348493322,0.012043497682809101,0.0,0.0318772
momentum,6,20260917,0,XRPUSDT,failed,turnover_limit,13,-0.010011641706603847,-5.860020165985572,0.013660605257667546,0.007860558438003706,0.0,0.03468412
reversal,6,20260917,0,ADAUSDT,failed,turnover_limit,13,0.014968422286779415,8.194986315602828,0.008342211536659927,0.008342211536659927,0.0,0.03346252
reversal,6,20260917,0,AVAXUSDT,failed,turnover_limit,13,0.01107475025791893,3.9316094246132343,0.01902449564130715,0.009104912374121477,0.0,0.0323431
reversal,6,20260917,0,BNBUSDT,failed,turnover_limit,7,-0.0013655289765477363,-1.556871076758158,0.00846511702777275,0.00561554708935097,0.0,0.03241075
reversal,6,20260917,0,BTCUSDT,failed,turnover_limit,13,0.014182535572486277,7.614411920230801,0.008555744416901323,0.007742485298993018,0.0,0.032952419999999996
reversal,6,20260917,0,DOGEUSDT,failed,turnover_limit,13,0.007999760391055988,5.200402802559451,0.01091654106556239,0.0075225395534012085,0.0,0.03294142
reversal,6,20260917,0,ETHUSDT,failed,turnover_limit,7,-0.002529381747719439,-2.9760532305678447,0.007481572291651695,0.006966827475814341,0.0,0.03271399
reversal,6,20260917,0,LINKUSDT,failed,turnover_limit,13,0.02289141483256807,12.991339440856567,0.008111998554691024,0.007863964545827495,0.0,0.03246094
reversal,6,20260917,0,LTCUSDT,failed,turnover_limit,7,-0.0005436187403028425,-0.5459014202546348,0.009395735748029765,0.004747817523878206,0.0,0.03297768
reversal,6,20260917,0,SOLUSDT,failed,turnover_limit,13,0.01872942548421186,9.365484131659423,0.009334378085243511,0.007511998301724998,0.0,0.03291608
reversal,6,20260917,0,XRPUSDT,failed,turnover_limit,13,0.008046736893320361,4.728438808657086,0.012189033624313561,0.007185351405452511,0.0,0.033020719999999996
ridge_optimizer,6,20260917,0,ADAUSDT,failed,drawdown_limit,175,-0.05615907292963784,-1.554631469199267,0.155571350819946,0.016056868158944124,0.0,0.05548398
ridge_optimizer,6,20260917,0,AVAXUSDT,failed,drawdown_limit,173,-0.07507083760479727,-1.9348693396119878,0.15486934851747813,0.016131389655112183,0.0,0.05697551999999999
ridge_optimizer,6,20260917,0,BNBUSDT,failed,drawdown_limit,284,-0.11905255046349739,-2.4007152727604955,0.16253071822041354,0.015091453222582037,0.0,0.05516400000000002
ridge_optimizer,6,20260917,0,BTCUSDT,failed,drawdown_limit,279,-0.11513641300499144,-2.9785625209721567,0.15832700620390938,0.013176004872029492,0.0,0.05239799999999999
ridge_optimizer,6,20260917,0,DOGEUSDT,failed,drawdown_limit,181,-0.05672819847179944,-1.1969647567123571,0.15036526003171102,0.0186732020277826,0.0,0.0522839
ridge_optimizer,6,20260917,0,ETHUSDT,failed,drawdown_limit,226,-0.08079962345835989,-2.2307837324016027,0.15075344711638217,0.013720044820318356,0.0,0.05118526
ridge_optimizer,6,20260917,0,LINKUSDT,failed,drawdown_limit,174,-0.0849018126563773,-2.7520632479687195,0.15518141675842834,0.015026697438676942,0.0,0.059828479999999996
ridge_optimizer,6,20260917,0,LTCUSDT,failed,drawdown_limit,181,-0.10212275932252357,-3.426236335894784,0.15057826912408756,0.015605424973208248,0.0,0.13281149999999994
ridge_optimizer,6,20260917,0,SOLUSDT,failed,drawdown_limit,174,-0.0292666189168026,-0.7051936470299541,0.1521659332387959,0.016532763680514817,0.0,0.06752283999999999
ridge_optimizer,6,20260917,0,XRPUSDT,failed,drawdown_limit,180,-0.1287841638925754,-4.662441693123154,0.1523141360940714,0.015580771432951767,0.0,0.04988642
logistic,6,20260917,0,ADAUSDT,complete,,599,0.0,,0.0,-0.0,0.0,0.04084218000000003
logistic,6,20260917,0,AVAXUSDT,complete,,599,0.00873902558796269,0.26701472039372737,0.02603604423507444,0.001735809731160994,0.0,0.038152180000000015
logistic,6,20260917,0,BNBUSDT,complete,,599,0.0,,0.0,-0.0,0.0,0.03769673000000002
logistic,6,20260917,0,BTCUSDT,complete,,599,0.0,,0.0,-0.0,0.0,0.03823502000000001
logistic,6,20260917,0,DOGEUSDT,complete,,599,0.00877544413864717,0.3649363193965217,0.021957539410900617,0.0009652376996329444,0.0,0.03804807000000002
logistic,6,20260917,0,ETHUSDT,complete,,599,0.0,,0.0,-0.0,0.0,0.03806621
logistic,6,20260917,0,LINKUSDT,complete,,599,0.0,,0.0,-0.0,0.0,0.03910668
logistic,6,20260917,0,LTCUSDT,complete,,599,0.0,,0.0,-0.0,0.0,0.043544120000000006
logistic,6,20260917,0,SOLUSDT,complete,,599,-0.008789034005521779,-0.2194468693296457,0.030433513692695646,0.0016983236344453683,0.0,0.050691940000000026
logistic,6,20260917,0,XRPUSDT,complete,,599,0.0,,0.0,-0.0,0.0,0.040542220000000025
contextual_bandit,6,20260917,0,ADAUSDT,failed,drawdown_limit,278,-0.058437893799865304,-0.7991541101313441,0.15401653689986683,0.019682383196224507,0.0,0.036907679999999984
contextual_bandit,6,20260917,0,AVAXUSDT,failed,drawdown_limit,260,-0.050791211736632036,-0.6940667351774717,0.1555164400630662,0.019133968180499745,0.0,0.041396970000000005
contextual_bandit,6,20260917,0,BNBUSDT,failed,turnover_limit,43,0.015212896290327738,7.686920511055436,0.003004453604528723,0.0017827963046646393,0.0,0.02607273
contextual_bandit,6,20260917,0,BTCUSDT,failed,turnover_limit,487,0.06021113035700343,1.0152449028853472,0.07214814391270952,0.009822864086349723,0.0,0.030283259999999992
contextual_bandit,6,20260917,0,DOGEUSDT,failed,turnover_limit,235,0.053496986491156306,1.2663763761136815,0.12137636261307538,0.015580963728573418,0.0,0.03117849
contextual_bandit,6,20260917,0,ETHUSDT,failed,drawdown_limit,324,-0.09158578782541571,-1.9439625083917782,0.15009495744558288,0.01405595531818019,0.0,0.026529050000000002
contextual_bandit,6,20260917,0,LINKUSDT,failed,turnover_limit,97,0.05385886881413571,4.102477415437182,0.03843638271001404,0.008958937056775395,0.0,0.02578496
contextual_bandit,6,20260917,0,LTCUSDT,failed,drawdown_limit,415,-0.10692466528139422,-1.7509495054259696,0.15508709029922585,0.013222479686644875,0.0,0.02777849
contextual_bandit,6,20260917,0,SOLUSDT,failed,drawdown_limit,277,-0.06396497061614792,-1.084037232062832,0.16202679096769856,0.01933039279289985,0.0,0.0267921
contextual_bandit,6,20260917,0,XRPUSDT,failed,drawdown_limit,415,-0.0939693019235538,-1.4671395941737224,0.1536728732219338,0.012695584842931953,0.0,0.027972140000000013
behavior_uniform,6,20260917,0,ADAUSDT,failed,turnover_limit,115,-0.05762775629924699,-4.2876185396307305,0.0844217331368512,0.010896946195529314,0.0,0.031171939999999992
behavior_uniform,6,20260917,0,AVAXUSDT,failed,turnover_limit,115,-0.08038580448237231,-4.581392006410288,0.11030329515483417,0.013634651527355157,0.0,0.02528498
behavior_uniform,6,20260917,0,BNBUSDT,failed,turnover_limit,115,-0.03289278174427446,-3.7054531904257653,0.05103327993476858,0.006656909343913275,0.0,0.03471063999999999
behavior_uniform,6,20260917,0,BTCUSDT,failed,turnover_limit,115,-0.01305256297911761,-1.393509173252632,0.0364904898010584,0.007554314384294769,0.0,0.026958559999999996
behavior_uniform,6,20260917,0,DOGEUSDT,failed,turnover_limit,115,0.017970350198261764,1.2087028659071228,0.04568157305225673,0.009811218995931292,0.0,0.02508556
behavior_uniform,6,20260917,0,ETHUSDT,failed,turnover_limit,115,-0.03623968660912924,-3.0623321728273014,0.055884191761987445,0.009644915967375415,0.0,0.02455293
behavior_uniform,6,20260917,0,LINKUSDT,failed,turnover_limit,115,-0.06042894091538986,-4.246920352907471,0.08589131333095157,0.010976229697925314,0.0,0.02629853
behavior_uniform,6,20260917,0,LTCUSDT,failed,turnover_limit,115,-0.04439934684727587,-3.7947688081075435,0.07069058871137435,0.007759426280699144,0.0,0.027558589999999997
behavior_uniform,6,20260917,0,SOLUSDT,failed,turnover_limit,115,-0.09801892549955593,-5.388968248488205,0.13378595462141485,0.0167457214583895,0.0,0.024082399999999997
behavior_uniform,6,20260917,0,XRPUSDT,failed,turnover_limit,115,-0.04694159205182136,-4.195187441459796,0.06470796761265318,0.008863260171589282,0.0,0.023965229999999997
behavior_clone,6,20260917,0,ADAUSDT,failed,endpoint_exposure,239,-0.001996309947590036,0.11559682319655155,0.1089677738715259,0.023700147409918205,0.0,0.00160243
behavior_clone,6,20260917,0,AVAXUSDT,failed,drawdown_limit,384,0.18298596212508422,1.5734086191089656,0.15229828597283168,0.02362715461294943,0.0,0.00170059
behavior_clone,6,20260917,0,BNBUSDT,complete,,599,0.027361027481999534,0.3586481679765352,0.13969546354409612,0.012940787993263947,0.0,0.0016568200000000016
behavior_clone,6,20260917,0,BTCUSDT,complete,,599,0.16089756966256874,1.749756173167498,0.0800961587166521,0.011381512488206187,0.0,0.001926990000000001
behavior_clone,6,20260917,0,DOGEUSDT,complete,,599,0.10769740171344067,0.8878145407853844,0.13397131421711694,0.017081761911892184,0.0,0.00168814
behavior_clone,6,20260917,0,ETHUSDT,failed,drawdown_limit,414,0.04383542264637286,0.608428361310973,0.1624735525832086,0.016068994996399,0.0,0.0015519599999999987
behavior_clone,6,20260917,0,LINKUSDT,complete,,599,0.05675179427577648,0.517701593359814,0.13240255985469518,0.017634115512497016,0.0,0.0016115800000000003
behavior_clone,6,20260917,0,LTCUSDT,complete,,599,0.13167030447372752,1.1424297405477861,0.1163875732419637,0.01505125727259626,0.0,0.002551480000000026
behavior_clone,6,20260917,0,SOLUSDT,failed,drawdown_limit,461,0.04949843438438961,0.5225303885927614,0.15280415394935765,0.02214605690872674,0.0,0.0042893999999999675
behavior_clone,6,20260917,0,XRPUSDT,complete,,599,0.11306217564309184,1.034683242316386,0.14724436930681795,0.01627450459739606,0.0,0.002060050000000001
ppo,6,11,1,ADAUSDT,complete,,599,-0.009171689360072288,-0.05355601422080289,0.10495346584910592,0.00988552107668557,0.0,0.014891990000000003
ppo,6,11,1,AVAXUSDT,complete,,599,-0.05401131467688336,-0.6594398475864306,0.07796862368549928,0.010699655076061472,0.0,0.017563710000000166
ppo,6,11,1,BNBUSDT,complete,,599,-0.031007725198566538,-0.5764517202715942,0.07544284790122646,0.007756501049239891,0.0,0.018447030000000007
ppo,6,11,1,BTCUSDT,complete,,599,0.03974550279451683,0.8688171962223585,0.05132354583364385,0.0059133424951031055,0.0,0.018006780000000118
ppo,6,11,1,DOGEUSDT,failed,turnover_limit,163,0.03478691480169971,1.138878559478089,0.05886587491383255,0.0132867297621267,0.0,0.033071510000000005
ppo,6,11,1,ETHUSDT,complete,,599,0.05374889780141778,1.1716999430270234,0.04815190066583752,0.005993311533084444,0.01,0.019316770000000004
ppo,6,11,1,LINKUSDT,complete,,599,-0.0021522832891733845,0.03535612014540109,0.0803650578495928,0.01007191144131091,0.0,0.015809320000000033
ppo,6,11,1,LTCUSDT,failed,turnover_limit,433,-0.031634359340864004,-0.41343424241084686,0.10352241759194125,0.01287997259686345,0.0,0.018638880000000004
ppo,6,11,1,SOLUSDT,complete,,599,0.02268072085044892,0.32593889230418077,0.08620167663859635,0.012681614698632304,0.0,0.01618236000000001
ppo,6,11,1,XRPUSDT,failed,turnover_limit,475,0.051260334067240176,1.0042116737964344,0.03676013975179193,0.009271367082538418,0.0,0.01841484999999998
ppo,6,23,1,ADAUSDT,complete,,599,-0.06102827044612924,-0.5857335485004371,0.134513191929448,0.01160170373471232,0.0,0.01755007
ppo,6,23,1,AVAXUSDT,complete,,599,-0.10122496032787642,-1.0366785951714508,0.12398506048838887,0.013197402806714298,0.0,0.01865735
ppo,6,23,1,BNBUSDT,complete,,599,-0.06462030100861449,-1.011953672023284,0.10869439141633586,0.009495418842324325,0.0,0.02388472000000008
ppo,6,23,1,BTCUSDT,complete,,599,0.05858528565148413,1.02004318008185,0.05746884806865582,0.007633478748790971,0.0,0.01808216
ppo,6,23,1,DOGEUSDT,complete,,599,-0.041460894520160996,-0.3481452166378831,0.0969756325958665,0.012602282926342063,0.0,0.01748806000000001
ppo,6,23,1,ETHUSDT,complete,,599,0.0165584363753557,0.3191333306619275,0.06582956687218267,0.008552675850661695,0.01,0.016629940000000003
ppo,6,23,1,LINKUSDT,complete,,599,-0.056671357977931325,-0.5681735370741772,0.1141149047731842,0.011977364773847095,0.0,0.016287850000000003
ppo,6,23,1,LTCUSDT,complete,,599,-0.03310945957695233,-0.25162795650746506,0.11193845697190685,0.013841051144938636,0.0,0.018317020000000017
ppo,6,23,1,SOLUSDT,complete,,599,-0.012924185690420642,-0.010309506115737018,0.12373621365934073,0.014266609822203376,0.0,0.018298190000000006
ppo,6,23,1,XRPUSDT,failed,endpoint_exposure,465,0.24018461478407072,2.15803704521783,0.06812630287923482,0.010176438748494143,0.0,0.019114420000000017
ppo,6,47,1,ADAUSDT,failed,turnover_limit,187,-0.04545591337053678,-2.0022646335970773,0.0613951113502067,0.009508571062812188,0.0,0.01979437
ppo,6,47,1,AVAXUSDT,failed,turnover_limit,157,-0.04315868596228234,-1.6134650059998947,0.07688070316499285,0.015863098456496902,0.0,0.014201159999999999
ppo,6,47,1,BNBUSDT,failed,turnover_limit,85,-0.002717804199397822,-0.21478841820771477,0.027661887610643365,0.01082334652757735,0.0,0.018887699999999997
ppo,6,47,1,BTCUSDT,failed,turnover_limit,175,0.05192338180300804,2.7814896671560634,0.03680503897164544,0.007949200605094261,0.0,0.01729882
ppo,6,47,1,DOGEUSDT,failed,turnover_limit,241,-0.006714825246730616,-0.12818379879772338,0.08908112114285793,0.012520424607387594,0.0,0.0283744
ppo,6,47,1,ETHUSDT,failed,turnover_limit,31,0.008726819276913433,1.8268265643553783,0.02534968885158384,0.013496318600799861,0.0,0.0141339
ppo,6,47,1,LINKUSDT,failed,turnover_limit,205,0.0054004433838481525,0.2646506829510487,0.04719689396248228,0.01088408496050277,0.0,0.016491919999999993
ppo,6,47,1,LTCUSDT,failed,turnover_limit,175,-0.05134038330859736,-1.8055252172327303,0.10918302152298642,0.013626036340305063,0.0,0.018067140000000002
ppo,6,47,1,SOLUSDT,failed,turnover_limit,409,0.017001385185700046,0.361784030362431,0.07393629302399674,0.012327457612645568,0.0,0.022948519999999917
ppo,6,47,1,XRPUSDT,failed,turnover_limit,31,-0.006016909277278937,-1.8444402622377531,0.022665511999412913,0.009387980999835732,0.0,0.016446850000000002
double_dqn,6,11,1,ADAUSDT,complete,,599,0.20807834040269801,2.8216033045705435,0.060846420596252226,0.008018722169477358,0.0,0.01670055
double_dqn,6,11,1,AVAXUSDT,complete,,599,-0.09676361956500046,-1.746393600353036,0.1361308618796454,0.008303197004637745,0.0,0.02825420000000003
double_dqn,6,11,1,BNBUSDT,complete,,599,0.04153580236823862,0.8726818100327645,0.046110045063137095,0.0068135327607044514,0.0,0.027507710000000032
double_dqn,6,11,1,BTCUSDT,failed,turnover_limit,187,0.012111077112627822,0.6263800092492792,0.044732639079361314,0.008375948844674307,0.0,0.0158135
double_dqn,6,11,1,DOGEUSDT,failed,turnover_limit,535,-0.030307869026595657,-0.37050912720431073,0.10103901501993418,0.01151565590240913,0.0,0.01790454
double_dqn,6,11,1,ETHUSDT,failed,turnover_limit,193,-0.022864859954386474,-1.0573926197462122,0.06250393385046715,0.009641340543269428,0.0,0.025824639999999996
double_dqn,6,11,1,LINKUSDT,failed,turnover_limit,193,-0.002224760300724715,-0.08549426205610314,0.040113539225577366,0.007131422889371819,0.0,0.016859519999999996
double_dqn,6,11,1,LTCUSDT,failed,turnover_limit,157,0.027446201034274864,1.5702800144133735,0.02075260464357609,0.009135720207287049,0.0,0.026248919999999978
double_dqn,6,11,1,SOLUSDT,failed,turnover_limit,187,0.024415510276898367,0.8871050754672082,0.04797548700472165,0.013250870599482201,0.0,0.027349990000000005
double_dqn,6,11,1,XRPUSDT,failed,drawdown_limit,465,-0.11869719941850487,-1.0932464105747068,0.19521963813096266,0.01473040053542976,0.0,0.05005283000000007
double_dqn,6,23,1,ADAUSDT,failed,turnover_limit,97,-0.0030042630293183326,-0.10343448958076544,0.052125250726377526,0.011365928458854114,0.0,0.05964683999999999
double_dqn,6,23,1,AVAXUSDT,failed,turnover_limit,97,-0.027235661581487935,-1.2376809436182783,0.07039879164020613,0.017949019241571308,0.0,0.01771492
double_dqn,6,23,1,BNBUSDT,failed,turnover_limit,85,0.01128684120856227,1.1464664675137313,0.02788846120472499,0.010830866281870511,0.0,0.01243852
double_dqn,6,23,1,BTCUSDT,failed,turnover_limit,145,-0.09478477381433859,-4.871111219042873,0.13280713899178553,0.014740147756187802,0.0,0.03481384
double_dqn,6,23,1,DOGEUSDT,failed,turnover_limit,103,-0.09445183229642284,-5.798175889347115,0.10577167898350814,0.01742375165653733,0.0,0.04300508999999997
double_dqn,6,23,1,ETHUSDT,failed,turnover_limit,103,-0.0818018772416308,-5.264775035995271,0.10466418981231007,0.015551318318649235,0.0,0.04284381999999997
double_dqn,6,23,1,LINKUSDT,failed,turnover_limit,97,-0.010093373596217203,-0.47111899463282,0.06640011319282457,0.014693354200137222,0.0,0.03405924
double_dqn,6,23,1,LTCUSDT,failed,turnover_limit,25,-0.022977082190183795,-5.499719106490938,0.03320522520009672,0.012852914773782309,0.0,0.014055320000000001
double_dqn,6,23,1,SOLUSDT,failed,drawdown_limit,140,-0.11530424136947393,-3.9596616864095635,0.1514890478937605,0.020662678386604547,0.0,0.03387829
double_dqn,6,23,1,XRPUSDT,failed,turnover_limit,97,-0.017628120374784784,-1.3507508381972302,0.032940680243833675,0.010674073707434405,0.0,0.03487392
double_dqn,6,47,1,ADAUSDT,complete,,599,0.030416975030827187,0.4668733995782861,0.07583139190694133,0.009032228951397788,0.0,0.04027714000000007
double_dqn,6,47,1,AVAXUSDT,complete,,599,0.011505232087392958,0.235111897841475,0.06710187983144622,0.009535696851233226,0.0,0.024859120000000012
double_dqn,6,47,1,BNBUSDT,complete,,599,0.02597626306197065,0.567338063557817,0.04271978600740933,0.0067708999011638705,0.0,0.038175830000000015
double_dqn,6,47,1,BTCUSDT,complete,,599,0.019756154970441253,0.41695543232318777,0.06907439766291512,0.006996786245911816,0.0,0.04757725000000001
double_dqn,6,47,1,DOGEUSDT,complete,,599,-0.0301793357600052,-0.31916023465472837,0.11534291212104941,0.01036351401127928,0.0,0.028343360000000095
double_dqn,6,47,1,ETHUSDT,complete,,599,0.012455603990140673,0.2841727987704785,0.04951815357144951,0.007264283769459656,0.01,0.033027880000000086
double_dqn,6,47,1,LINKUSDT,complete,,599,0.06160993087025335,0.9043312089385112,0.05399826691708465,0.009438553856218772,0.0,0.04031119000000001
double_dqn,6,47,1,LTCUSDT,complete,,599,0.002181402222525941,0.10151647627222302,0.10865823245295014,0.011104490410989968,0.0,0.012616390000000078
double_dqn,6,47,1,SOLUSDT,failed,drawdown_limit,322,-0.12935897533265917,-2.847967010775206,0.15107867901405003,0.012885876890477984,0.0,0.03862967
double_dqn,6,47,1,XRPUSDT,failed,drawdown_limit,465,-0.15976542100377344,-1.4647412975278291,0.23334111740439345,0.01644504985744706,0.0,0.03996041
cql,6,11,1,ADAUSDT,failed,turnover_limit,25,-0.02365388549995917,-4.606732088573519,0.044594413709152736,0.0160522220190209,0.0,0.0150548
cql,6,11,1,AVAXUSDT,complete,,599,0.1794673583633426,1.8055448530256724,0.09613109097181072,0.011408761459995202,0.0,0.01944725
cql,6,11,1,BNBUSDT,complete,,599,0.06422623275653705,1.0334170625505394,0.06986527136686838,0.008195114167109904,0.0,0.019388030000000323
cql,6,11,1,BTCUSDT,failed,drawdown_limit,183,-0.15561922903053937,-6.73651178751449,0.1567044407945628,0.014406360092611948,0.0,0.0178994
cql,6,11,1,DOGEUSDT,complete,,599,0.07612124158204114,0.8479235044988511,0.07550811549657643,0.010688910497122806,0.0,0.017793270000000007
cql,6,11,1,ETHUSDT,complete,,599,-0.01071840354632514,-0.11815530777181504,0.06393058902880566,0.00855356161713472,0.01,0.01452022
cql,6,11,1,LINKUSDT,complete,,599,-0.04576087182400501,-0.4471800661199813,0.1490144283877599,0.012068733462539998,0.0,0.018241410000000027
cql,6,11,1,LTCUSDT,failed,drawdown_limit,426,-0.14279812640182,-1.9499743941448635,0.15717435330971374,0.014530476040820063,0.0,0.01961529999999999
cql,6,11,1,SOLUSDT,failed,drawdown_limit,101,-0.12718179015472586,-5.443930544516269,0.16288079486456453,0.021847314720484384,0.0,0.01369676
cql,6,11,1,XRPUSDT,failed,turnover_limit,127,-0.04333954440002352,-1.8869148526108346,0.07525121179381278,0.01707556897705872,0.0,0.01368624
cql,6,23,1,ADAUSDT,failed,drawdown_limit,400,-0.12394870569334071,-1.9236356794752218,0.16156012754589966,0.012987118692582438,0.0,0.014772080000000003
cql,6,23,1,AVAXUSDT,failed,drawdown_limit,570,-0.13070658362786458,-1.4029024470442397,0.15323740040815714,0.01360939663038874,0.0,0.02002206
cql,6,23,1,BNBUSDT,complete,,599,-0.06603678365227228,-0.9817092601353993,0.10893794058950501,0.009659452255780361,0.0,0.01640912000000001
cql,6,23,1,BTCUSDT,complete,,599,0.03617521252347644,0.6276630722229559,0.05746884806865582,0.007914064007353247,0.0,0.01587983
cql,6,23,1,DOGEUSDT,complete,,599,-0.07009394820448944,-0.6571565405153519,0.11378937910177522,0.012602102219197315,0.0,0.018144310000000007
cql,6,23,1,ETHUSDT,complete,,599,0.03421047947863598,0.5816023500223019,0.061793465527196334,0.008588075749810376,0.01,0.03440518000000004
cql,6,23,1,LINKUSDT,complete,,599,-0.04313594262737919,-0.38811875143002095,0.12788673254952898,0.01210817961115962,0.0,0.016887460000000003
cql,6,23,1,LTCUSDT,complete,,599,-0.07251620206177123,-0.6512840496509071,0.1309627598923131,0.014094634765558011,0.0,0.016220050000000024
cql,6,23,1,SOLUSDT,failed,drawdown_limit,423,-0.11845305828784569,-1.4195518969499885,0.15450907553077742,0.01569501702048718,0.0,0.025078499999999965
cql,6,23,1,XRPUSDT,failed,endpoint_exposure,465,0.24579183720263775,2.184899339617292,0.0673324907850067,0.010501093853208085,0.0,0.027312210000000066
cql,6,47,1,ADAUSDT,complete,,599,-0.08058592847499335,-0.8019679329879803,0.14239278676985767,0.011610522843027342,0.0,0.017795650000000007
cql,6,47,1,AVAXUSDT,failed,drawdown_limit,570,-0.13070658362786458,-1.4029024470442397,0.15323740040815714,0.01360939663038874,0.0,0.017806020000000002
cql,6,47,1,BNBUSDT,complete,,599,-0.06603678365227228,-0.9817092601353993,0.10893794058950501,0.009659452255780361,0.0,0.018471700000000004
cql,6,47,1,BTCUSDT,complete,,599,0.03617521252347644,0.6276630722229559,0.05746884806865582,0.007914064007353247,0.0,0.015565370000000012
cql,6,47,1,DOGEUSDT,complete,,599,-0.07009394820448944,-0.6571565405153519,0.11378937910177522,0.012602102219197315,0.0,0.02069932000000004
cql,6,47,1,ETHUSDT,complete,,599,0.023816726958887813,0.4245591755893777,0.061793465527196334,0.008588075749810376,0.01,0.021321900000000015
cql,6,47,1,LINKUSDT,complete,,599,-0.04313594262737919,-0.38811875143002095,0.12788673254952898,0.01210817961115962,0.0,0.018015110000000008
cql,6,47,1,LTCUSDT,complete,,599,-0.08440835007276459,-0.7825736671741099,0.13300333124659036,0.01409463471795734,0.0,0.020832760000000027
cql,6,47,1,SOLUSDT,complete,,599,0.0058026697406829975,0.15570895623435377,0.12917038067992703,0.014266521319250854,0.0,0.01817226
cql,6,47,1,XRPUSDT,failed,endpoint_exposure,465,0.24579183720263775,2.184899339617292,0.0673324907850067,0.010501093853208085,0.0,0.017459260000000004
cql_no_inventory_penalty,6,11,1,ADAUSDT,failed,turnover_limit,25,-0.02365388549995917,-4.606732088573519,0.044594413709152736,0.0160522220190209,0.0,0.01467044
cql_no_inventory_penalty,6,11,1,AVAXUSDT,complete,,599,0.1794673583633426,1.8055448530256724,0.09613109097181072,0.011408761459995202,0.0,0.024225540000000052
cql_no_inventory_penalty,6,11,1,BNBUSDT,complete,,599,0.06422623275653705,1.0334170625505394,0.06986527136686838,0.008195114167109904,0.0,0.021384140000000003
cql_no_inventory_penalty,6,11,1,BTCUSDT,failed,drawdown_limit,183,-0.15561922903053937,-6.73651178751449,0.1567044407945628,0.014406360092611948,0.0,0.024365899999999996
cql_no_inventory_penalty,6,11,1,DOGEUSDT,complete,,599,0.06484226630618006,0.7387088961931596,0.08519784255067575,0.01068065209810574,0.0,0.020031260000000006
cql_no_inventory_penalty,6,11,1,ETHUSDT,complete,,599,-0.01071840354632514,-0.11815530777181504,0.06393058902880566,0.00855356161713472,0.01,0.02050017
cql_no_inventory_penalty,6,11,1,LINKUSDT,complete,,599,-0.04576087182400501,-0.4471800661199813,0.1490144283877599,0.012068733462539998,0.0,0.021067740000000005
cql_no_inventory_penalty,6,11,1,LTCUSDT,failed,drawdown_limit,426,-0.14279812640182,-1.9499743941448635,0.15717435330971374,0.014530476040820063,0.0,0.016878299999999992
cql_no_inventory_penalty,6,11,1,SOLUSDT,failed,drawdown_limit,101,-0.12718179015472586,-5.443930544516269,0.16288079486456453,0.021847314720484384,0.0,0.018631159999999997
cql_no_inventory_penalty,6,11,1,XRPUSDT,failed,turnover_limit,127,-0.04333954440002352,-1.8869148526108346,0.07525121179381278,0.01707556897705872,0.0,0.020131159999999995
cql_no_inventory_penalty,6,23,1,ADAUSDT,failed,drawdown_limit,400,-0.12394870569334071,-1.9236356794752218,0.16156012754589966,0.012987118692582438,0.0,0.02187096000000001
cql_no_inventory_penalty,6,23,1,AVAXUSDT,failed,drawdown_limit,570,-0.13070658362786458,-1.4029024470442397,0.15323740040815714,0.01360939663038874,0.0,0.020551260000000005
cql_no_inventory_penalty,6,23,1,BNBUSDT,complete,,599,-0.06603678365227228,-0.9817092601353993,0.10893794058950501,0.009659452255780361,0.0,0.019871720000000006
cql_no_inventory_penalty,6,23,1,BTCUSDT,complete,,599,0.03617521252347644,0.6276630722229559,0.05746884806865582,0.007914064007353247,0.0,0.02069987
cql_no_inventory_penalty,6,23,1,DOGEUSDT,complete,,599,-0.07009394820448944,-0.6571565405153519,0.11378937910177522,0.012602102219197315,0.0,0.02053419
cql_no_inventory_penalty,6,23,1,ETHUSDT,complete,,599,0.03421047947863598,0.5816023500223019,0.061793465527196334,0.008588075749810376,0.01,0.019580300000000002
cql_no_inventory_penalty,6,23,1,LINKUSDT,complete,,599,-0.04313594262737919,-0.38811875143002095,0.12788673254952898,0.01210817961115962,0.0,0.024569980000000154
cql_no_inventory_penalty,6,23,1,LTCUSDT,complete,,599,-0.07251620206177123,-0.6512840496509071,0.1309627598923131,0.014094634765558011,0.0,0.021988390000000142
cql_no_inventory_penalty,6,23,1,SOLUSDT,failed,drawdown_limit,423,-0.11845305828784569,-1.4195518969499885,0.15450907553077742,0.01569501702048718,0.0,0.021306
cql_no_inventory_penalty,6,23,1,XRPUSDT,failed,endpoint_exposure,465,0.24579183720263775,2.184899339617292,0.0673324907850067,0.010501093853208085,0.0,0.020364490000000002
cql_no_inventory_penalty,6,47,1,ADAUSDT,complete,,599,-0.08058592847499335,-0.8019679329879803,0.14239278676985767,0.011610522843027342,0.0,0.022525260000000005
cql_no_inventory_penalty,6,47,1,AVAXUSDT,failed,drawdown_limit,570,-0.13070658362786458,-1.4029024470442397,0.15323740040815714,0.01360939663038874,0.0,0.03778764000000001
cql_no_inventory_penalty,6,47,1,BNBUSDT,complete,,599,-0.06603678365227228,-0.9817092601353993,0.10893794058950501,0.009659452255780361,0.0,0.027326360000000008
cql_no_inventory_penalty,6,47,1,BTCUSDT,complete,,599,0.03617521252347644,0.6276630722229559,0.05746884806865582,0.007914064007353247,0.0,0.029071850000000024
cql_no_inventory_penalty,6,47,1,DOGEUSDT,complete,,599,-0.07009394820448944,-0.6571565405153519,0.11378937910177522,0.012602102219197315,0.0,0.03412220000000001
cql_no_inventory_penalty,6,47,1,ETHUSDT,complete,,599,0.023816726958887813,0.4245591755893777,0.061793465527196334,0.008588075749810376,0.01,0.05455703000000001
cql_no_inventory_penalty,6,47,1,LINKUSDT,complete,,599,-0.04313594262737919,-0.38811875143002095,0.12788673254952898,0.01210817961115962,0.0,0.025648430000000073
cql_no_inventory_penalty,6,47,1,LTCUSDT,complete,,599,-0.08440835007276459,-0.7825736671741099,0.13300333124659036,0.01409463471795734,0.0,0.03517756000000005
cql_no_inventory_penalty,6,47,1,SOLUSDT,complete,,599,0.0058026697406829975,0.15570895623435377,0.12917038067992703,0.014266521319250854,0.0,0.027229340000000074
cql_no_inventory_penalty,6,47,1,XRPUSDT,failed,endpoint_exposure,465,0.24579183720263775,2.184899339617292,0.0673324907850067,0.010501093853208085,0.0,0.02239733
cash,6,20260917,1,ADAUSDT,complete,,599,0.0,,0.0,-0.0,0.0,0.0015078400000000025
cash,6,20260917,1,AVAXUSDT,complete,,599,0.0,,0.0,-0.0,0.0,0.0016949100000000004
cash,6,20260917,1,BNBUSDT,complete,,599,0.0,,0.0,-0.0,0.0,0.0017373300000000003
cash,6,20260917,1,BTCUSDT,complete,,599,0.0,,0.0,-0.0,0.0,0.0015777400000000004
cash,6,20260917,1,DOGEUSDT,complete,,599,0.0,,0.0,-0.0,0.0,0.0018445100000000002
cash,6,20260917,1,ETHUSDT,complete,,599,0.0,,0.0,-0.0,0.01,0.0016022700000000013
cash,6,20260917,1,LINKUSDT,complete,,599,0.0,,0.0,-0.0,0.0,0.0015071400000000012
cash,6,20260917,1,LTCUSDT,complete,,599,0.0,,0.0,-0.0,0.0,0.001418010000000001
cash,6,20260917,1,SOLUSDT,complete,,599,0.0,,0.0,-0.0,0.0,0.0017713300000000002
cash,6,20260917,1,XRPUSDT,complete,,599,0.0,,0.0,-0.0,0.0,0.0015544700000000003
constant_long,6,20260917,1,ADAUSDT,complete,,599,-0.08058592847499335,-0.8019679329879803,0.14239278676985767,0.011610522843027342,0.0,0.0020755400000000016
constant_long,6,20260917,1,AVAXUSDT,failed,drawdown_limit,570,-0.13070658362786458,-1.4029024470442397,0.15323740040815714,0.01360939663038874,0.0,0.02066028000000002
constant_long,6,20260917,1,BNBUSDT,complete,,599,-0.06603678365227228,-0.9817092601353993,0.10893794058950501,0.009659452255780361,0.0,0.00213048
constant_long,6,20260917,1,BTCUSDT,complete,,599,0.03617521252347644,0.6276630722229559,0.05746884806865582,0.007914064007353247,0.0,0.003071800000000004
constant_long,6,20260917,1,DOGEUSDT,complete,,599,-0.07009394820448944,-0.6571565405153519,0.11378937910177522,0.012602102219197315,0.0,0.0027430000000000583
constant_long,6,20260917,1,ETHUSDT,complete,,599,0.023816726958887813,0.4245591755893777,0.061793465527196334,0.008588075749810376,0.01,0.003174650000000088
constant_long,6,20260917,1,LINKUSDT,complete,,599,-0.04313594262737919,-0.38811875143002095,0.12788673254952898,0.01210817961115962,0.0,0.002547790000000001
constant_long,6,20260917,1,LTCUSDT,complete,,599,-0.07251620206177123,-0.6512840496509071,0.1309627598923131,0.014094634765558011,0.0,0.00261046
constant_long,6,20260917,1,SOLUSDT,complete,,599,0.0058026697406829975,0.15570895623435377,0.12917038067992703,0.014266521319250854,0.0,0.0038431900000000024
constant_long,6,20260917,1,XRPUSDT,failed,endpoint_exposure,465,0.24579183720263775,2.184899339617292,0.0673324907850067,0.010501093853208085,0.0,0.002502770000000004
constant_short,6,20260917,1,ADAUSDT,complete,,599,0.07004991451927411,0.8004873802312789,0.10301515775502645,0.012587474213679542,0.0,0.002427770000000001
constant_short,6,20260917,1,AVAXUSDT,complete,,599,0.13736584183552103,1.4074537349887115,0.1066047968209155,0.012122589866300316,0.0,0.0017731100000000005
constant_short,6,20260917,1,BNBUSDT,complete,,599,0.06278794371528718,0.9852247219704375,0.07030385208316614,0.00824821380045326,0.0,0.00180203
constant_short,6,20260917,1,BTCUSDT,complete,,599,-0.043574490661168586,-0.6514571992193546,0.11451090345754833,0.009172045597911065,0.0,0.0019227800000000005
constant_short,6,20260917,1,DOGEUSDT,complete,,599,0.05759812972180112,0.6662421195978254,0.11033829165273867,0.012456970621901249,0.0,0.0016860900000000001
constant_short,6,20260917,1,ETHUSDT,complete,,599,-0.03278759903413875,-0.45556702596159154,0.10075828787338148,0.009271891225997942,0.01,0.0016494800000000003
constant_short,6,20260917,1,LINKUSDT,complete,,599,0.026685514928199705,0.3663162693596462,0.12953923318455907,0.012640683887364978,0.0,0.001635810000000001
constant_short,6,20260917,1,LTCUSDT,failed,drawdown_limit,431,-0.0730677190295389,-0.8580499252710838,0.15095225946987745,0.015013623870155,0.0,0.0017323400000000004
constant_short,6,20260917,1,SOLUSDT,failed,drawdown_limit,466,-0.10597739366665093,-1.0519512560537392,0.17539674821118267,0.017541169926299546,0.0,0.0016719500000000004
constant_short,6,20260917,1,XRPUSDT,failed,capital_floor,465,-0.23288358781476615,-2.176059706831647,0.2529478320435107,0.019303240891296588,0.0,0.0017408500000000004
historical_mean,6,20260917,1,ADAUSDT,complete,,599,-0.08058592847499335,-0.8019679329879803,0.14239278676985767,0.011610522843027342,0.0,0.04749387000000004
historical_mean,6,20260917,1,AVAXUSDT,failed,drawdown_limit,570,-0.13070658362786458,-1.4029024470442397,0.15323740040815714,0.01360939663038874,0.0,0.04284214
historical_mean,6,20260917,1,BNBUSDT,complete,,599,-0.06603678365227228,-0.9817092601353993,0.10893794058950501,0.009659452255780361,0.0,0.05493100000000005
historical_mean,6,20260917,1,BTCUSDT,complete,,599,0.03617521252347644,0.6276630722229559,0.05746884806865582,0.007914064007353247,0.0,0.041833760000000005
historical_mean,6,20260917,1,DOGEUSDT,complete,,599,-0.07009394820448944,-0.6571565405153519,0.11378937910177522,0.012602102219197315,0.0,0.04575751
historical_mean,6,20260917,1,ETHUSDT,complete,,599,0.023816726958887813,0.4245591755893777,0.061793465527196334,0.008588075749810376,0.01,0.04067414
historical_mean,6,20260917,1,LINKUSDT,complete,,599,-0.04313594262737919,-0.38811875143002095,0.12788673254952898,0.01210817961115962,0.0,0.03999222000000005
historical_mean,6,20260917,1,LTCUSDT,complete,,599,-0.07251620206177123,-0.6512840496509071,0.1309627598923131,0.014094634765558011,0.0,0.04120908000000002
historical_mean,6,20260917,1,SOLUSDT,complete,,599,0.0058026697406829975,0.15570895623435377,0.12917038067992703,0.014266521319250854,0.0,0.04082900000000001
historical_mean,6,20260917,1,XRPUSDT,failed,endpoint_exposure,465,0.24579183720263775,2.184899339617292,0.0673324907850067,0.010501093853208085,0.0,0.04126990000000001
last_return,6,20260917,1,ADAUSDT,failed,turnover_limit,19,-0.03521693581650709,-11.356633762048967,0.037210919569632406,0.015537104116327582,0.0,0.04214724
last_return,6,20260917,1,AVAXUSDT,failed,turnover_limit,19,-0.002334932103534304,-1.2258043452620593,0.012106652954904096,0.006333192613351635,0.0,0.03484492
last_return,6,20260917,1,BNBUSDT,failed,turnover_limit,55,-0.03109691001160153,-3.9593332770751886,0.036897745453287056,0.009532629248218627,0.0,0.04131668
last_return,6,20260917,1,BTCUSDT,failed,turnover_limit,19,-0.01652796846936233,-11.32163492459989,0.017298824715997974,0.008971250197133851,0.0,0.03574679
last_return,6,20260917,1,DOGEUSDT,failed,turnover_limit,19,-0.013192590752046152,-5.96005733153277,0.014788278894965812,0.007255731470900639,0.0,0.05356626
last_return,6,20260917,1,ETHUSDT,failed,turnover_limit,19,0.012153359462630409,4.865977020638521,0.012956535681402426,0.006354210640162061,0.0,0.0368001
last_return,6,20260917,1,LINKUSDT,failed,turnover_limit,19,-0.02414267186306318,-7.35143030894498,0.030168309177122987,0.020837295846283133,0.0,0.04069623
last_return,6,20260917,1,LTCUSDT,failed,turnover_limit,19,-0.019060109862344854,-8.481655591535784,0.019060109862344854,0.011428724813884905,0.0,0.07025839999999998
last_return,6,20260917,1,SOLUSDT,failed,turnover_limit,13,0.015038735406352588,4.9537149480320135,0.017200728552879574,0.007408327915916391,0.0,0.03927064
last_return,6,20260917,1,XRPUSDT,failed,turnover_limit,19,-0.009292476270309269,-6.905408039137514,0.010615211879756004,0.0051029361248997596,0.0,0.03364028
momentum,6,20260917,1,ADAUSDT,failed,turnover_limit,19,0.0008756282093143053,0.35429837175212564,0.02400315365172001,0.013321581667587123,0.0,0.0433935
momentum,6,20260917,1,AVAXUSDT,failed,turnover_limit,19,0.021586828530475888,6.229026055686541,0.012106653615981844,0.006333192960514378,0.0,0.05108104
momentum,6,20260917,1,BNBUSDT,failed,turnover_limit,25,0.012393008569220765,2.672628027184661,0.017837131774730564,0.016678410913385677,0.0,0.046025239999999995
momentum,6,20260917,1,BTCUSDT,failed,turnover_limit,19,0.005883474876378969,3.8460155086748933,0.007131042359758255,0.0030985841500460465,0.0,0.045642260000000004
momentum,6,20260917,1,DOGEUSDT,failed,turnover_limit,19,0.004172375476374279,1.3130632586815196,0.015369945261515139,0.007255731039609636,0.0,0.040898569999999995
momentum,6,20260917,1,ETHUSDT,failed,turnover_limit,19,0.012153359462630409,4.865977020638521,0.012956535681402426,0.006354210640162061,0.0,0.03549442
momentum,6,20260917,1,LINKUSDT,failed,turnover_limit,25,0.03897175360478755,7.8902953956032,0.013398262695577756,0.009356513171337066,0.0,0.03501188
momentum,6,20260917,1,LTCUSDT,failed,turnover_limit,19,-0.00440230436553446,-1.8348745549061765,0.01654203461160031,0.00856103289186394,0.0,0.034803060000000004
momentum,6,20260917,1,SOLUSDT,failed,turnover_limit,13,0.015038735406352588,4.9537149480320135,0.017200728552879574,0.007408327915916391,0.0,0.03469722
momentum,6,20260917,1,XRPUSDT,failed,turnover_limit,19,0.0067256877788890446,2.8193417928384,0.010610016676285361,0.0051846228147482964,0.0,0.03543964
reversal,6,20260917,1,ADAUSDT,failed,turnover_limit,19,-0.0024755380027926543,-0.6539425930695816,0.02375024538287518,0.015537104116327582,0.0,0.04077653
reversal,6,20260917,1,AVAXUSDT,failed,turnover_limit,19,-0.02273312144250328,-6.478292010544562,0.03176686074588031,0.02190046940651391,0.0,0.04327669
reversal,6,20260917,1,BNBUSDT,failed,turnover_limit,25,-0.014541133072005552,-2.8865051309765097,0.03176947955232956,0.011098049872702798,0.0,0.07226516
reversal,6,20260917,1,BTCUSDT,failed,turnover_limit,19,-0.007005138658219612,-4.498560273701359,0.012819092762006878,0.008971250197133851,0.0,0.03469778
reversal,6,20260917,1,DOGEUSDT,failed,turnover_limit,19,-0.005600511991418533,-1.5615754432058424,0.020347373786573808,0.018442156548546973,0.0,0.039898529999999995
reversal,6,20260917,1,ETHUSDT,failed,turnover_limit,19,-0.013338690646572338,-5.245158038133945,0.024631693386809816,0.013455194433469986,0.0,0.03992457
reversal,6,20260917,1,LINKUSDT,failed,turnover_limit,19,-0.023951887641791347,-7.2858866121171,0.03600663935091242,0.020837295846283133,0.0,0.043448629999999995
reversal,6,20260917,1,LTCUSDT,failed,turnover_limit,19,0.0012870456395743801,0.6145073433692948,0.012843923861831086,0.011428724813884905,0.0,0.06310711
reversal,6,20260917,1,SOLUSDT,failed,turnover_limit,13,-0.016681157836384353,-5.278120383073288,0.02947213051852471,0.02383403190429867,0.0,0.038863459999999996
reversal,6,20260917,1,XRPUSDT,failed,turnover_limit,19,-0.007800730406372081,-3.1654622494774043,0.022665511999412913,0.01279269462055388,0.0,0.044345539999999996
ridge_optimizer,6,20260917,1,ADAUSDT,complete,,599,-0.08058592847499335,-0.8019679329879803,0.14239278676985767,0.011610522843027342,0.0,0.12269619000000012
ridge_optimizer,6,20260917,1,AVAXUSDT,failed,drawdown_limit,570,-0.13070658362786458,-1.4029024470442397,0.15323740040815714,0.01360939663038874,0.0,0.15599204000000003
ridge_optimizer,6,20260917,1,BNBUSDT,complete,,599,-0.06603678365227228,-0.9817092601353993,0.10893794058950501,0.009659452255780361,0.0,0.060595590000000005
ridge_optimizer,6,20260917,1,BTCUSDT,complete,,599,0.03617521252347644,0.6276630722229559,0.05746884806865582,0.007914064007353247,0.0,0.09373095000000019
ridge_optimizer,6,20260917,1,DOGEUSDT,complete,,599,-0.07009394820448944,-0.6571565405153519,0.11378937910177522,0.012602102219197315,0.0,0.05985636000000001
ridge_optimizer,6,20260917,1,ETHUSDT,complete,,599,0.023816726958887813,0.4245591755893777,0.061793465527196334,0.008588075749810376,0.01,0.06051432
ridge_optimizer,6,20260917,1,LINKUSDT,complete,,599,-0.04313594262737919,-0.38811875143002095,0.12788673254952898,0.01210817961115962,0.0,0.07306522000000114
ridge_optimizer,6,20260917,1,LTCUSDT,complete,,599,-0.07251620206177123,-0.6512840496509071,0.1309627598923131,0.014094634765558011,0.0,0.07024056000000024
ridge_optimizer,6,20260917,1,SOLUSDT,complete,,599,0.0058026697406829975,0.15570895623435377,0.12917038067992703,0.014266521319250854,0.0,0.061769260000000104
ridge_optimizer,6,20260917,1,XRPUSDT,failed,endpoint_exposure,465,0.24579183720263775,2.184899339617292,0.0673324907850067,0.010501093853208085,0.0,0.06618729000000001
logistic,6,20260917,1,ADAUSDT,complete,,599,0.0,,0.0,-0.0,0.0,0.04126192000000003
logistic,6,20260917,1,AVAXUSDT,complete,,599,0.0,,0.0,-0.0,0.0,0.04451968000000005
logistic,6,20260917,1,BNBUSDT,complete,,599,0.0,,0.0,-0.0,0.0,0.08808436000000004
logistic,6,20260917,1,BTCUSDT,complete,,599,0.0,,0.0,-0.0,0.0,0.06268460000000008
logistic,6,20260917,1,DOGEUSDT,complete,,599,0.0,,0.0,-0.0,0.0,0.06552984
logistic,6,20260917,1,ETHUSDT,complete,,599,0.0,,0.0,-0.0,0.01,0.04616737000000005
logistic,6,20260917,1,LINKUSDT,complete,,599,0.0,,0.0,-0.0,0.0,0.04034163
logistic,6,20260917,1,LTCUSDT,complete,,599,0.0,,0.0,-0.0,0.0,0.045775800000000116
logistic,6,20260917,1,SOLUSDT,complete,,599,0.0,,0.0,-0.0,0.0,0.06011554000000008
logistic,6,20260917,1,XRPUSDT,complete,,599,0.0077538221937931695,0.5024225394510253,0.008413309793921298,0.0004123827444258136,0.0,0.06608839000000012
contextual_bandit,6,20260917,1,ADAUSDT,failed,turnover_limit,13,-0.02135868707469102,-11.525917261598913,0.0259130412893237,0.015537104116327582,0.0,0.03855472
contextual_bandit,6,20260917,1,AVAXUSDT,failed,turnover_limit,79,0.01007732828636132,0.8647331933413477,0.031208967097801965,0.01601441382641816,0.0,0.02588254
contextual_bandit,6,20260917,1,BNBUSDT,failed,turnover_limit,25,-0.013111180322854854,-2.5973304651808125,0.03176568271899671,0.011098050594258835,0.0,0.02641516
contextual_bandit,6,20260917,1,BTCUSDT,failed,turnover_limit,25,-0.011467846550661909,-2.4314018270629707,0.0396702482690956,0.012697655228099902,0.0,0.023737480000000002
contextual_bandit,6,20260917,1,DOGEUSDT,failed,turnover_limit,13,-0.007280665488067162,-5.841838380878312,0.007413476095332383,0.007143646236174694,0.0,0.02534536
contextual_bandit,6,20260917,1,ETHUSDT,failed,turnover_limit,13,-0.018248651337947064,-11.3382749858749,0.020692165212498725,0.013455194433469986,0.0,0.02404224
contextual_bandit,6,20260917,1,LINKUSDT,failed,turnover_limit,103,-0.028876984384427984,-1.4429762528498753,0.06920025054446632,0.015608040563119744,0.0,0.023211919999999997
contextual_bandit,6,20260917,1,LTCUSDT,failed,turnover_limit,103,-0.07160495089072894,-3.8636583179585293,0.101470996658385,0.018040355351646904,0.0,0.023962449999999996
contextual_bandit,6,20260917,1,SOLUSDT,failed,turnover_limit,13,-0.037958205516939625,-13.173602276132698,0.04152888227269236,0.02383403190429867,0.0,0.0259048
contextual_bandit,6,20260917,1,XRPUSDT,failed,turnover_limit,25,0.007427192496674673,2.2106164967136475,0.01415323822414516,0.007306981018255998,0.0,0.02352532
behavior_uniform,6,20260917,1,ADAUSDT,failed,turnover_limit,115,-0.030106060161880888,-1.8044027577311632,0.0640577437589751,0.011553063979967304,0.0,0.03382478
behavior_uniform,6,20260917,1,AVAXUSDT,failed,turnover_limit,115,-0.046812145203842026,-2.352930213792985,0.08605428152811512,0.015366018352446479,0.0,0.024818199999999995
behavior_uniform,6,20260917,1,BNBUSDT,failed,turnover_limit,109,-0.04374017670743813,-3.529211561208698,0.05871769638446522,0.009505083384978666,0.0,0.02451226
behavior_uniform,6,20260917,1,BTCUSDT,failed,turnover_limit,109,-0.10154903403593396,-7.205439858527762,0.10452968497256243,0.014554682917684783,0.0,0.02826056
behavior_uniform,6,20260917,1,DOGEUSDT,failed,turnover_limit,127,-0.04886751756130647,-2.6914679999792295,0.0844606028194832,0.012270508766156716,0.0,0.027458789999999997
behavior_uniform,6,20260917,1,ETHUSDT,failed,turnover_limit,109,-0.0758866809466483,-5.959853213733639,0.09077403770459269,0.011845654113055845,0.0,0.0253997
behavior_uniform,6,20260917,1,LINKUSDT,failed,turnover_limit,115,-0.08551107241848588,-5.1299142145374415,0.10360995024032216,0.014916309927703745,0.0,0.02656518
behavior_uniform,6,20260917,1,LTCUSDT,failed,turnover_limit,115,-0.10128014027684251,-5.564399549267787,0.12537360824627586,0.016422066191581836,0.0,0.02491114
behavior_uniform,6,20260917,1,SOLUSDT,failed,turnover_limit,115,-0.05339962867060877,-2.456598856083969,0.10070816747929567,0.015962129248368522,0.0,0.02543098
behavior_uniform,6,20260917,1,XRPUSDT,failed,turnover_limit,115,-0.008352241173762764,-0.6417256287601243,0.03409916326259432,0.00831416467574044,0.0,0.03159987999999999
behavior_clone,6,20260917,1,ADAUSDT,complete,,599,0.0,,0.0,-0.0,0.0,0.0017452800000000007
behavior_clone,6,20260917,1,AVAXUSDT,complete,,599,0.0,,0.0,-0.0,0.0,0.0017402200000000002
behavior_clone,6,20260917,1,BNBUSDT,complete,,599,0.0,,0.0,-0.0,0.0,0.0014848700000000005
behavior_clone,6,20260917,1,BTCUSDT,complete,,599,0.0,,0.0,-0.0,0.0,0.0015584000000000012
behavior_clone,6,20260917,1,DOGEUSDT,complete,,599,0.0,,0.0,-0.0,0.0,0.0015413900000000012
behavior_clone,6,20260917,1,ETHUSDT,complete,,599,0.0,,0.0,-0.0,0.01,0.0016335000000000013
behavior_clone,6,20260917,1,LINKUSDT,complete,,599,0.0,,0.0,-0.0,0.0,0.0017590500000000005
behavior_clone,6,20260917,1,LTCUSDT,complete,,599,0.0,,0.0,-0.0,0.0,0.001804600000000006
behavior_clone,6,20260917,1,SOLUSDT,complete,,599,0.0,,0.0,-0.0,0.0,0.00168808
behavior_clone,6,20260917,1,XRPUSDT,complete,,599,0.0,,0.0,-0.0,0.0,0.0020764400000000097
ppo,6,11,2,ADAUSDT,complete,,599,0.06462369557750325,1.8962510669615251,0.01681473053750049,0.0021906751960684553,0.0,0.014985680000000012
ppo,6,11,2,AVAXUSDT,complete,,599,0.04980197049657864,1.2520590768008337,0.04295416432440413,0.0026104966048154563,0.0,0.01814086000000002
ppo,6,11,2,BNBUSDT,complete,,599,-0.010883771455703073,-0.447606280890029,0.03270851992916446,0.0015954632330028658,0.0,0.01636151000000001
ppo,6,11,2,BTCUSDT,complete,,599,0.0,,0.0,-0.0,0.0,0.015720440000000016
ppo,6,11,2,DOGEUSDT,failed,turnover_limit,163,0.004789798083633778,0.31464600612616556,0.03182439046658336,0.00545611387741729,0.0,0.01411164
ppo,6,11,2,ETHUSDT,complete,,599,-0.002715787674394843,-0.6004563676575487,0.005140806343728488,0.0002378106229292909,0.0,0.021483580000000006
ppo,6,11,2,LINKUSDT,complete,,599,0.029735821841772925,1.0464907594670745,0.02338408974001316,0.0021425060947241354,0.0,0.01980104000000002
ppo,6,11,2,LTCUSDT,complete,,599,-0.01856374968912977,-0.8734523061310157,0.034443786810499866,0.00204347753729243,0.0,0.016299730000000005
ppo,6,11,2,SOLUSDT,complete,,599,-0.02582440724328816,-0.6739934676706065,0.044741368664722114,0.004295559305632176,0.0,0.017565110000000012
ppo,6,11,2,XRPUSDT,complete,,599,0.008397271883408886,0.5636806341654409,0.011136121456906456,0.00097824336405119,0.0,0.018191240000000004
ppo,6,23,2,ADAUSDT,failed,drawdown_limit,484,-0.039100579246207356,-0.3911655516205793,0.15378714911354863,0.01289095740937047,0.0,0.02432580000000004
ppo,6,23,2,AVAXUSDT,failed,drawdown_limit,342,-0.005092930593051825,0.04742488357052235,0.1517889611584501,0.016232498717339228,0.0,0.019986439999999998
ppo,6,23,2,BNBUSDT,failed,turnover_limit,199,0.19702661172963531,7.335110961340036,0.0204173463324806,0.0074014360918584375,0.0,0.030658380000000037
ppo,6,23,2,BTCUSDT,complete,,599,0.09032775128793369,1.3391535515452855,0.07414957946961276,0.008920459525639053,0.0,0.019342610000000003
ppo,6,23,2,DOGEUSDT,failed,drawdown_limit,537,-0.0028045547541462046,0.08709828042227331,0.15822267334012108,0.015974261276911688,0.0,0.01788631
ppo,6,23,2,ETHUSDT,complete,,599,0.08651002156825371,1.0973775570597217,0.08624616716876965,0.010458101402674107,0.0,0.020863820000000012
ppo,6,23,2,LINKUSDT,complete,,599,0.009898690154569456,0.18961144491247212,0.13544691445932344,0.013170710843349639,0.0,0.018156790000000006
ppo,6,23,2,LTCUSDT,failed,turnover_limit,247,0.10105162379126997,2.3225836039319057,0.07072520490668022,0.011884377173291587,0.0,0.0187985
ppo,6,23,2,SOLUSDT,failed,turnover_limit,211,0.13385510207458573,3.3273285565590425,0.05120823128144403,0.012109408248730514,0.0,0.019920149999999998
ppo,6,23,2,XRPUSDT,complete,,599,-0.0020159756457104328,0.05558821175381497,0.13951755201199922,0.011168541791148002,0.0,0.019444090000000004
ppo,6,47,2,ADAUSDT,failed,turnover_limit,421,-0.024582619013528983,-0.2535231330847155,0.13406522836649803,0.012591565641242445,0.0,0.015273299999999983
ppo,6,47,2,AVAXUSDT,failed,drawdown_limit,336,-0.013147188106448437,-0.0700433416666809,0.1504394519063701,0.01664984545430439,0.0,0.018811600000000005
ppo,6,47,2,BNBUSDT,failed,turnover_limit,79,0.0007605464615207946,0.1547917551988462,0.0204173463324806,0.006580794236355297,0.0,0.01657626
ppo,6,47,2,BTCUSDT,failed,turnover_limit,463,0.10162670090557113,1.9147061937536678,0.0642314646108143,0.009092942676282337,0.0,0.017355560000000006
ppo,6,47,2,DOGEUSDT,failed,drawdown_limit,505,0.09448159762466668,0.9257468011825069,0.15112283759828604,0.016223743227277324,0.0,0.015691639999999993
ppo,6,47,2,ETHUSDT,failed,turnover_limit,385,0.04838416248216859,1.0673298178444675,0.09735758957340823,0.0103171265979335,0.0,0.01824244
ppo,6,47,2,LINKUSDT,failed,turnover_limit,385,-0.018259436395645756,-0.19038120352781027,0.13393113770547282,0.013004801216021794,0.0,0.01739164
ppo,6,47,2,LTCUSDT,failed,turnover_limit,391,0.04631150369520931,0.7691161977243061,0.07072520377198621,0.013173174998390252,0.0,0.022940299999999938
ppo,6,47,2,SOLUSDT,failed,turnover_limit,463,0.07742718751631505,0.9864420684517847,0.13998542720715756,0.013518254439136535,0.0,0.01838558000000001
ppo,6,47,2,XRPUSDT,failed,turnover_limit,403,-0.028010371609370033,-0.43284964601638004,0.08307642869702292,0.010560360466116895,0.0,0.015845899999999996
double_dqn,6,11,2,ADAUSDT,failed,turnover_limit,319,-0.02356176824376288,-0.4450362134209402,0.0908997227420908,0.011834761155319687,0.0,0.013583179999999999
double_dqn,6,11,2,AVAXUSDT,failed,turnover_limit,79,-0.007122521503459933,-0.6603910355379943,0.03306188584322933,0.010038610636645823,0.0,0.015239369999999999
double_dqn,6,11,2,BNBUSDT,complete,,599,-0.08836140839897821,-2.048306455841493,0.11102805327251264,0.007395604066235842,0.0,0.03391568000000002
double_dqn,6,11,2,BTCUSDT,failed,turnover_limit,265,-0.01698211685104667,-0.8684486629554938,0.04252898645699721,0.00689014362822559,0.0,0.01536472
double_dqn,6,11,2,DOGEUSDT,failed,turnover_limit,199,-0.013758881731250394,-0.4388539619923928,0.05264063455577417,0.011671009919528474,0.0,0.01499245
double_dqn,6,11,2,ETHUSDT,complete,,599,-0.07344363125193665,-1.5339416545589093,0.09679138825260669,0.008057080371837728,0.0,0.015190980000000012
double_dqn,6,11,2,LINKUSDT,failed,drawdown_limit,503,-0.13068577661953273,-2.6042310301123712,0.15050008159235562,0.009954236134194482,0.0,0.015230030000000006
double_dqn,6,11,2,LTCUSDT,failed,turnover_limit,181,-0.039230601660885545,-2.8464081067337452,0.046831946058519036,0.007527931289878253,0.0,0.015117299999999998
double_dqn,6,11,2,SOLUSDT,failed,turnover_limit,19,-0.011169775886756272,-6.152778153087099,0.01928400818417697,0.007569701541006779,0.0,0.014593269999999998
double_dqn,6,11,2,XRPUSDT,failed,turnover_limit,223,-0.0039325630112927445,-0.12859424773615472,0.03651441240946074,0.00853050658993775,0.0,0.01641656000000001
double_dqn,6,23,2,ADAUSDT,failed,turnover_limit,97,-0.014979600089145784,-0.9862727224762304,0.051601887155664494,0.00981260087146647,0.0,0.0215254
double_dqn,6,23,2,AVAXUSDT,failed,turnover_limit,97,-0.029831525328166353,-1.9841964100056282,0.0650175648167366,0.011073433879982119,0.0,0.015127159999999999
double_dqn,6,23,2,BNBUSDT,failed,turnover_limit,109,0.007190584835537361,1.478237717363073,0.014788617886343447,0.002729825050961162,0.0,0.018596260000000003
double_dqn,6,23,2,BTCUSDT,failed,turnover_limit,109,-0.014166296959317815,-1.7108466787022896,0.028181634122527055,0.006966722290034273,0.0,0.018915
double_dqn,6,23,2,DOGEUSDT,failed,turnover_limit,43,-0.006175034427314041,-0.7244453820354227,0.035247839011613546,0.014004420305660662,0.0,0.01557265
double_dqn,6,23,2,ETHUSDT,failed,turnover_limit,109,-0.021412117789070706,-2.4645863957264114,0.03498642554643283,0.007978954121724316,0.0,0.02791642
double_dqn,6,23,2,LINKUSDT,failed,turnover_limit,199,0.12704325779111292,4.883148578716375,0.017157431693716196,0.008044550980643628,0.0,0.01962286000000001
double_dqn,6,23,2,LTCUSDT,failed,turnover_limit,103,0.0032706260999446624,0.37697426516207866,0.03350510075726687,0.0078082703408094605,0.0,0.02089762999999999
double_dqn,6,23,2,SOLUSDT,failed,turnover_limit,31,-0.0027108764590991763,-0.3391606326719518,0.03274655874483512,0.011794798137713669,0.0,0.02836115
double_dqn,6,23,2,XRPUSDT,failed,turnover_limit,7,0.0016902195866488334,2.1706932499388785,0.007967925659890462,0.005273689771624235,0.0,0.02110718
double_dqn,6,47,2,ADAUSDT,failed,turnover_limit,379,0.051956862773849144,0.9387503247420714,0.09271016197245974,0.011979403594160831,0.0,0.013626739999999997
double_dqn,6,47,2,AVAXUSDT,complete,,599,-0.0482706295973806,-0.4286767905688161,0.12230418106506435,0.013849043908789509,0.0,0.01920774000000001
double_dqn,6,47,2,BNBUSDT,complete,,599,0.039447465510761726,0.5759210416641732,0.14610011402143308,0.01082481688275481,0.0,0.020076450000000003
double_dqn,6,47,2,BTCUSDT,failed,turnover_limit,481,0.11127795008171759,2.0893757714943217,0.06705615220423045,0.008988396127766474,0.0,0.0182528
double_dqn,6,47,2,DOGEUSDT,complete,,599,0.23517334928360212,1.8381026119298196,0.12665367847883646,0.01569446327959547,0.0,0.01882386
double_dqn,6,47,2,ETHUSDT,complete,,599,-0.00185333260573739,0.043831545551874095,0.11886591894937559,0.009942771640522688,0.0,0.01420860000000003
double_dqn,6,47,2,LINKUSDT,failed,turnover_limit,391,-0.05449498408995734,-0.842974415954307,0.12535359134692425,0.014134608155204304,0.0,0.029177049999999986
double_dqn,6,47,2,LTCUSDT,complete,,599,-0.05944771966453499,-0.6895915789158708,0.13512476311336807,0.010886756114264465,0.0,0.03276078000000644
double_dqn,6,47,2,SOLUSDT,failed,turnover_limit,223,0.09424461125374495,2.264224233782645,0.07125672114490156,0.014501792800600885,0.0,0.016222030000000012
double_dqn,6,47,2,XRPUSDT,failed,turnover_limit,379,-0.10073187789463389,-2.3528136216162197,0.1265996476180763,0.01107115375975061,0.0,0.01853802999999999
cql,6,11,2,ADAUSDT,failed,drawdown_limit,475,-0.053456262753555306,-0.5606109062298397,0.15049624971223807,0.01354495507833954,0.0,0.015227569999999998
cql,6,11,2,AVAXUSDT,failed,drawdown_limit,342,-0.013240343246155306,-0.046751320257558765,0.15051964718026845,0.017421433094713588,0.0,0.017473839999999987
cql,6,11,2,BNBUSDT,complete,,599,0.2030192694933879,2.3447085761110915,0.09464286898694141,0.010494263220012283,0.0,0.015105540000000006
cql,6,11,2,BTCUSDT,complete,,599,0.09032775128793369,1.3391535515452855,0.07414957946961276,0.008920459525639053,0.0,0.014914390000000008
cql,6,11,2,DOGEUSDT,failed,drawdown_limit,536,0.10000692108699494,0.8740115597183784,0.15750261380719277,0.017676767878618223,0.0,0.01598875
cql,6,11,2,ETHUSDT,complete,,599,0.08343744614251891,1.056152001822844,0.08624616716876965,0.010458101402674107,0.0,0.019534720000000005
cql,6,11,2,LINKUSDT,complete,,599,-0.008476723328329827,0.018518181923651095,0.14001172630982262,0.013425887172084634,0.0,0.018145040000000005
cql,6,11,2,LTCUSDT,complete,,599,0.005258338150158082,0.14196986313749976,0.14335053152962884,0.01290540056119122,0.0,0.021336420000000016
cql,6,11,2,SOLUSDT,complete,,599,0.17623194459501823,1.4779539237443517,0.1173119875938724,0.013849560168846205,0.0,0.031735150000000024
cql,6,11,2,XRPUSDT,complete,,599,0.00632110861623203,0.15180057638763375,0.13951755201199922,0.01116854177568158,0.0,0.014936800000000017
cql,6,23,2,ADAUSDT,failed,drawdown_limit,475,-0.053456262753555306,-0.5606109062298397,0.15049624971223807,0.01354495507833954,0.0,0.019710819999999844
cql,6,23,2,AVAXUSDT,failed,drawdown_limit,342,-0.013240343246155306,-0.046751320257558765,0.15051964718026845,0.017421433094713588,0.0,0.015807799999999997
cql,6,23,2,BNBUSDT,complete,,599,0.2030192694933879,2.3447085761110915,0.09464286898694141,0.010494263220012283,0.0,0.014068780000000015
cql,6,23,2,BTCUSDT,complete,,599,0.08687409378026589,1.3026017924995321,0.0741495794696152,0.00892052560812694,0.0,0.019517740000000016
cql,6,23,2,DOGEUSDT,failed,drawdown_limit,536,0.10376444252767314,0.8968182548614448,0.15750261380719244,0.017676767845598657,0.0,0.018507469999999998
cql,6,23,2,ETHUSDT,complete,,599,0.06254310747839775,0.8246229043951776,0.08624616716877109,0.010458101426787587,0.0,0.017268410000000005
cql,6,23,2,LINKUSDT,complete,,599,-0.008476723328329827,0.018518181923651095,0.14001172630982262,0.013425887172084634,0.0,0.02125490000000001
cql,6,23,2,LTCUSDT,complete,,599,0.005258338150158082,0.14196986313749976,0.14335053152962884,0.01290540056119122,0.0,0.023766750000000007
cql,6,23,2,SOLUSDT,complete,,599,0.17623194459501823,1.4779539237443517,0.1173119875938724,0.013849560168846205,0.0,0.02186324000000001
cql,6,23,2,XRPUSDT,complete,,599,0.00632110861623203,0.15180057638763375,0.13951755201199922,0.01116854177568158,0.0,0.019041730000000003
cql,6,47,2,ADAUSDT,failed,turnover_limit,547,0.03040682027426267,0.4442746860629234,0.09688814377625055,0.01192446312891248,0.0,0.06627276000000001
cql,6,47,2,AVAXUSDT,failed,turnover_limit,49,0.03296753540611941,3.5647050893387697,0.0247700134762584,0.009805469678040449,0.0,0.02255076
cql,6,47,2,BNBUSDT,complete,,599,0.10427952940589158,1.3490467821151602,0.09942637589020975,0.01062034635062132,0.0,0.021106260000000005
cql,6,47,2,BTCUSDT,complete,,599,0.04418392885319866,0.7684449064620124,0.08180129906362188,0.008274747377181446,0.0,0.02132192000000001
cql,6,47,2,DOGEUSDT,failed,turnover_limit,181,0.22964138998203043,5.088948172047808,0.045862168232319034,0.014957398616455819,0.0,0.021123099999999995
cql,6,47,2,ETHUSDT,complete,,599,0.15301356252364862,2.043271869998324,0.05399914447575216,0.009099544592203523,0.0,0.0264250800000002
cql,6,47,2,LINKUSDT,failed,turnover_limit,517,0.05774778013539916,0.7503323846061782,0.0912213645255191,0.012298511743119753,0.0,0.02519344
cql,6,47,2,LTCUSDT,failed,turnover_limit,115,-0.05117587914504573,-5.4733444211167095,0.0524507667165105,0.008808615875332715,0.0,0.03454243
cql,6,47,2,SOLUSDT,complete,,599,0.13520100186056472,1.2497567150947528,0.14292484281330742,0.014069062933676438,0.0,0.03581614000000007
cql,6,47,2,XRPUSDT,complete,,599,-0.06877458301703743,-0.9564302361251914,0.1150691527664719,0.010362072820426334,0.0,0.04276435000000008
cql_no_inventory_penalty,6,11,2,ADAUSDT,failed,drawdown_limit,475,-0.053456262753555306,-0.5606109062298397,0.15049624971223807,0.01354495507833954,0.0,0.014804469999999991
cql_no_inventory_penalty,6,11,2,AVAXUSDT,failed,drawdown_limit,342,-0.013240343246155306,-0.046751320257558765,0.15051964718026845,0.017421433094713588,0.0,0.023867439999999986
cql_no_inventory_penalty,6,11,2,BNBUSDT,complete,,599,0.2030192694933879,2.3447085761110915,0.09464286898694141,0.010494263220012283,0.0,0.028196940000000007
cql_no_inventory_penalty,6,11,2,BTCUSDT,complete,,599,0.09032775128793369,1.3391535515452855,0.07414957946961276,0.008920459525639053,0.0,0.02198131000000001
cql_no_inventory_penalty,6,11,2,DOGEUSDT,failed,drawdown_limit,536,0.10000692108699494,0.8740115597183784,0.15750261380719277,0.017676767878618223,0.0,0.03580099999999998
cql_no_inventory_penalty,6,11,2,ETHUSDT,complete,,599,0.08343744614251891,1.056152001822844,0.08624616716876965,0.010458101402674107,0.0,0.020150970000000067
cql_no_inventory_penalty,6,11,2,LINKUSDT,complete,,599,-0.008476723328329827,0.018518181923651095,0.14001172630982262,0.013425887172084634,0.0,0.033674350000000026
cql_no_inventory_penalty,6,11,2,LTCUSDT,complete,,599,0.005258338150158082,0.14196986313749976,0.14335053152962884,0.01290540056119122,0.0,0.043922930000000034
cql_no_inventory_penalty,6,11,2,SOLUSDT,complete,,599,0.17623194459501823,1.4779539237443517,0.1173119875938724,0.013849560168846205,0.0,0.02963264000000003
cql_no_inventory_penalty,6,11,2,XRPUSDT,complete,,599,0.00632110861623203,0.15180057638763375,0.13951755201199922,0.01116854177568158,0.0,0.0209932700000001
cql_no_inventory_penalty,6,23,2,ADAUSDT,failed,drawdown_limit,475,-0.053456262753555306,-0.5606109062298397,0.15049624971223807,0.01354495507833954,0.0,0.029527739999999938
cql_no_inventory_penalty,6,23,2,AVAXUSDT,failed,drawdown_limit,342,-0.013240343246155306,-0.046751320257558765,0.15051964718026845,0.017421433094713588,0.0,0.026721519999999995
cql_no_inventory_penalty,6,23,2,BNBUSDT,complete,,599,0.2030192694933879,2.3447085761110915,0.09464286898694141,0.010494263220012283,0.0,0.04245728000000034
cql_no_inventory_penalty,6,23,2,BTCUSDT,complete,,599,0.08687409378026589,1.3026017924995321,0.0741495794696152,0.00892052560812694,0.0,0.024892070000000016
cql_no_inventory_penalty,6,23,2,DOGEUSDT,failed,drawdown_limit,536,0.10376444252767314,0.8968182548614448,0.15750261380719244,0.017676767845598657,0.0,0.026570329999999993
cql_no_inventory_penalty,6,23,2,ETHUSDT,complete,,599,0.06254310747839775,0.8246229043951776,0.08624616716877109,0.010458101426787587,0.0,0.03178301000000001
cql_no_inventory_penalty,6,23,2,LINKUSDT,complete,,599,-0.008476723328329827,0.018518181923651095,0.14001172630982262,0.013425887172084634,0.0,0.03136121000000001
cql_no_inventory_penalty,6,23,2,LTCUSDT,complete,,599,0.005258338150158082,0.14196986313749976,0.14335053152962884,0.01290540056119122,0.0,0.02921105000000003
cql_no_inventory_penalty,6,23,2,SOLUSDT,complete,,599,0.17623194459501823,1.4779539237443517,0.1173119875938724,0.013849560168846205,0.0,0.040951250000000015
cql_no_inventory_penalty,6,23,2,XRPUSDT,complete,,599,0.00632110861623203,0.15180057638763375,0.13951755201199922,0.01116854177568158,0.0,0.03797741
cql_no_inventory_penalty,6,47,2,ADAUSDT,failed,turnover_limit,547,0.03040682027426267,0.4442746860629234,0.09688814377625055,0.01192446312891248,0.0,0.03090402000000003
cql_no_inventory_penalty,6,47,2,AVAXUSDT,failed,turnover_limit,49,0.03296753540611941,3.5647050893387697,0.0247700134762584,0.009805469678040449,0.0,0.03896152
cql_no_inventory_penalty,6,47,2,BNBUSDT,complete,,599,0.10427952940589158,1.3490467821151602,0.09942637589020975,0.01062034635062132,0.0,0.03398689000000028
cql_no_inventory_penalty,6,47,2,BTCUSDT,complete,,599,0.04418392885319866,0.7684449064620124,0.08180129906362188,0.008274747377181446,0.0,0.05539465000000001
cql_no_inventory_penalty,6,47,2,DOGEUSDT,failed,turnover_limit,181,0.22964138998203043,5.088948172047808,0.045862168232319034,0.014957398616455819,0.0,0.0338332
cql_no_inventory_penalty,6,47,2,ETHUSDT,complete,,599,0.1297224961721306,1.7296289090381542,0.05399914447575249,0.00947331371332611,0.0,0.038834930000000066
cql_no_inventory_penalty,6,47,2,LINKUSDT,failed,turnover_limit,517,0.05774778013539916,0.7503323846061782,0.0912213645255191,0.012298511743119753,0.0,0.035393140000000003
cql_no_inventory_penalty,6,47,2,LTCUSDT,failed,turnover_limit,115,-0.05117587914504573,-5.4733444211167095,0.0524507667165105,0.008808615875332715,0.0,0.030285309999999996
cql_no_inventory_penalty,6,47,2,SOLUSDT,complete,,599,0.13520100186056472,1.2497567150947528,0.14292484281330742,0.014069062933676438,0.0,0.029745520000000008
cql_no_inventory_penalty,6,47,2,XRPUSDT,complete,,599,-0.06917433273807094,-0.963636026494037,0.11506915276647045,0.010362072820426331,0.0,0.040968920000000006
cash,6,20260917,2,ADAUSDT,complete,,599,0.0,,0.0,-0.0,0.0,0.001640840000000001
cash,6,20260917,2,AVAXUSDT,complete,,599,0.0,,0.0,-0.0,0.0,0.0015358600000000004
cash,6,20260917,2,BNBUSDT,complete,,599,0.0,,0.0,-0.0,0.0,0.0015180100000000045
cash,6,20260917,2,BTCUSDT,complete,,599,0.0,,0.0,-0.0,0.0,0.0013733600000000038
cash,6,20260917,2,DOGEUSDT,complete,,599,0.0,,0.0,-0.0,0.0,0.0016027000000000161
cash,6,20260917,2,ETHUSDT,complete,,599,0.0,,0.0,-0.0,0.0,0.001396200000000001
cash,6,20260917,2,LINKUSDT,complete,,599,0.0,,0.0,-0.0,0.0,0.001227250000000002
cash,6,20260917,2,LTCUSDT,complete,,599,0.0,,0.0,-0.0,0.0,0.0015764100000000007
cash,6,20260917,2,SOLUSDT,complete,,599,0.0,,0.0,-0.0,0.0,0.00140155
cash,6,20260917,2,XRPUSDT,complete,,599,0.0,,0.0,-0.0,0.0,0.0014806000000000003
constant_long,6,20260917,2,ADAUSDT,failed,drawdown_limit,475,-0.053456262753555306,-0.5606109062298397,0.15049624971223807,0.01354495507833954,0.0,0.0021094799999999995
constant_long,6,20260917,2,AVAXUSDT,failed,drawdown_limit,342,-0.013240343246155306,-0.046751320257558765,0.15051964718026845,0.017421433094713588,0.0,0.002319439999999998
constant_long,6,20260917,2,BNBUSDT,complete,,599,0.2030192694933879,2.3447085761110915,0.09464286898694141,0.010494263220012283,0.0,0.0015078600000000006
constant_long,6,20260917,2,BTCUSDT,complete,,599,0.09032775128793369,1.3391535515452855,0.07414957946961276,0.008920459525639053,0.0,0.0025629000000000676
constant_long,6,20260917,2,DOGEUSDT,failed,drawdown_limit,536,0.10376444252767314,0.8968182548614448,0.15750261380719244,0.017676767845598657,0.0,0.00209409
constant_long,6,20260917,2,ETHUSDT,complete,,599,0.08343744614251891,1.056152001822844,0.08624616716876965,0.010458101402674107,0.0,0.0016254000000000043
constant_long,6,20260917,2,LINKUSDT,complete,,599,-0.008476723328329827,0.018518181923651095,0.14001172630982262,0.013425887172084634,0.0,0.001622880000000001
constant_long,6,20260917,2,LTCUSDT,complete,,599,0.005258338150158082,0.14196986313749976,0.14335053152962884,0.01290540056119122,0.0,0.0017484100000000043
constant_long,6,20260917,2,SOLUSDT,complete,,599,0.17623194459501823,1.4779539237443517,0.1173119875938724,0.013849560168846205,0.0,0.020134640000000058
constant_long,6,20260917,2,XRPUSDT,complete,,599,0.00632110861623203,0.15180057638763375,0.13951755201199922,0.01116854177568158,0.0,0.001956770000000004
constant_short,6,20260917,2,ADAUSDT,complete,,599,0.04582676205665859,0.5310127924513636,0.12739301026733396,0.013113613382158055,0.0,0.0016556000000000496
constant_short,6,20260917,2,AVAXUSDT,failed,drawdown_limit,193,-0.12106368291732272,-2.962969830171656,0.1541432579956482,0.01862733905506374,0.0,0.0018227599999999999
constant_short,6,20260917,2,BNBUSDT,failed,drawdown_limit,192,-0.14889754902502816,-7.474895606115413,0.1528738585127808,0.010387539654034616,0.0,0.01312727000000002
constant_short,6,20260917,2,BTCUSDT,complete,,599,-0.09258807638579958,-1.3713529309726957,0.14351830784251407,0.009207653453424062,0.0,0.0013823600000000002
constant_short,6,20260917,2,DOGEUSDT,failed,endpoint_exposure,156,-0.12739723807311598,-4.71710178990796,0.13178070838332312,0.0196016294524676,0.0,0.0016740000000000001
constant_short,6,20260917,2,ETHUSDT,complete,,599,-0.09103358814027251,-1.0916991629966089,0.14354854180406096,0.010437284827054387,0.0,0.0017370600000000112
constant_short,6,20260917,2,LINKUSDT,complete,,599,-0.012513783287761426,-0.01935454046749933,0.1130398977092486,0.013411813914567038,0.0,0.0012877800000000003
constant_short,6,20260917,2,LTCUSDT,complete,,599,-0.019717172677479855,-0.12095051122863881,0.12408759070354858,0.012409946939428635,0.0,0.00158624
constant_short,6,20260917,2,SOLUSDT,failed,drawdown_limit,196,-0.1277538669293733,-3.5271321057591463,0.15570907489512187,0.015561104628377575,0.0,0.00162076
constant_short,6,20260917,2,XRPUSDT,complete,,599,-0.0200653261857362,-0.1538408948943218,0.1074916843947783,0.01152922920460077,0.0,0.0016883100000000002
historical_mean,6,20260917,2,ADAUSDT,failed,drawdown_limit,475,-0.053456262753555306,-0.5606109062298397,0.15049624971223807,0.01354495507833954,0.0,0.07112025999999999
historical_mean,6,20260917,2,AVAXUSDT,failed,drawdown_limit,342,-0.013240343246155306,-0.046751320257558765,0.15051964718026845,0.017421433094713588,0.0,0.04639719999999999
historical_mean,6,20260917,2,BNBUSDT,complete,,599,0.2030192694933879,2.3447085761110915,0.09464286898694141,0.010494263220012283,0.0,0.0352381000000002
historical_mean,6,20260917,2,BTCUSDT,complete,,599,0.09032775128793369,1.3391535515452855,0.07414957946961276,0.008920459525639053,0.0,0.0640903400000001
historical_mean,6,20260917,2,DOGEUSDT,failed,drawdown_limit,536,0.10376444252767314,0.8968182548614448,0.15750261380719244,0.017676767845598657,0.0,0.0641651
historical_mean,6,20260917,2,ETHUSDT,complete,,599,0.08343744614251891,1.056152001822844,0.08624616716876965,0.010458101402674107,0.0,0.13024910000000017
historical_mean,6,20260917,2,LINKUSDT,complete,,599,-0.008476723328329827,0.018518181923651095,0.14001172630982262,0.013425887172084634,0.0,0.04534824000000015
historical_mean,6,20260917,2,LTCUSDT,complete,,599,0.005258338150158082,0.14196986313749976,0.14335053152962884,0.01290540056119122,0.0,0.05914750000000007
historical_mean,6,20260917,2,SOLUSDT,complete,,599,0.17623194459501823,1.4779539237443517,0.1173119875938724,0.013849560168846205,0.0,0.06544853000000005
historical_mean,6,20260917,2,XRPUSDT,complete,,599,0.00632110861623203,0.15180057638763375,0.13951755201199922,0.01116854177568158,0.0,0.05450689000000011
last_return,6,20260917,2,ADAUSDT,failed,turnover_limit,55,-0.026962540655520728,-2.5695164494107816,0.03835741095529688,0.017841721293671047,0.0,0.02996165
last_return,6,20260917,2,AVAXUSDT,failed,turnover_limit,55,0.005963195872882521,0.6298766866043032,0.0382827133348832,0.017856075223236845,0.0,0.037818040000000004
last_return,6,20260917,2,BNBUSDT,failed,turnover_limit,13,-0.004849515294968909,-3.704286379558224,0.011929127581916554,0.009471940156338676,0.0,0.0294715
last_return,6,20260917,2,BTCUSDT,failed,turnover_limit,7,0.002674632189411774,2.6279655328393523,0.008098272798650719,0.004179465399884452,0.0,0.032159440000000004
last_return,6,20260917,2,DOGEUSDT,failed,turnover_limit,43,0.0027698510014606548,0.45480359836405093,0.021187883204641378,0.009561703339948732,0.0,0.035307189999999995
last_return,6,20260917,2,ETHUSDT,failed,turnover_limit,13,0.039615070360368154,17.990750312307007,0.008170297198087484,0.00542297581749851,0.0,0.0294058
last_return,6,20260917,2,LINKUSDT,failed,turnover_limit,7,0.011782371593883623,8.128042108125623,0.010623929073374838,0.008972538552230569,0.0,0.029739389999999997
last_return,6,20260917,2,LTCUSDT,failed,turnover_limit,7,0.00509163463247031,4.427052097785016,0.010365704896487138,0.007264572955577475,0.0,0.04795381
last_return,6,20260917,2,SOLUSDT,failed,turnover_limit,7,-0.00021296635327827662,-0.039685680245092836,0.018750047725786034,0.009061104347116822,0.0,0.03086261
last_return,6,20260917,2,XRPUSDT,failed,turnover_limit,7,0.0016902195866488334,2.1706932499388785,0.007967925659890462,0.005273689771624235,0.0,0.02953821
momentum,6,20260917,2,ADAUSDT,failed,turnover_limit,13,-0.02754673301127819,-6.80466859866336,0.03835741095529688,0.029718180578759967,0.0,0.03104974
momentum,6,20260917,2,AVAXUSDT,failed,turnover_limit,13,-0.023097231225671866,-5.483292671321702,0.0382827133348832,0.027651244356856952,0.0,0.03201692
momentum,6,20260917,2,BNBUSDT,failed,turnover_limit,13,-0.004849515294968909,-3.704286379558224,0.011929127581916554,0.009471940156338676,0.0,0.03905288
momentum,6,20260917,2,BTCUSDT,failed,turnover_limit,25,0.009528437851853866,2.871941070580686,0.011360859188599415,0.008545000239991163,0.0,0.03367992
momentum,6,20260917,2,DOGEUSDT,failed,turnover_limit,13,-0.011873891578389806,-5.307244772842609,0.021187883204641378,0.015099480219862405,0.0,0.03971794
momentum,6,20260917,2,ETHUSDT,failed,turnover_limit,7,-0.02019901435435556,-16.238213977863342,0.021433111125318094,0.009603154008462345,0.0,0.03185368
momentum,6,20260917,2,LINKUSDT,failed,turnover_limit,19,-0.02891932744429737,-7.732059683419918,0.029072553536318102,0.014409766098221644,0.0,0.06767076999999999
momentum,6,20260917,2,LTCUSDT,failed,turnover_limit,13,-0.03302075972669927,-16.92077786259225,0.03516751473417257,0.010917450103101634,0.0,0.0399252
momentum,6,20260917,2,SOLUSDT,failed,turnover_limit,19,-0.012844314171822302,-2.9005233435105353,0.019647741107578276,0.0191199730799273,0.0,0.03163862
momentum,6,20260917,2,XRPUSDT,failed,turnover_limit,61,-0.005129535284762121,-0.8191411969690562,0.01836301734148127,0.007110542344896609,0.0,0.0318919
reversal,6,20260917,2,ADAUSDT,failed,turnover_limit,13,0.026309257761262916,6.655826892557994,0.01699273198230844,0.009524157342100215,0.0,0.03279878
reversal,6,20260917,2,AVAXUSDT,failed,turnover_limit,13,0.022182047723294573,5.51417855439422,0.020679538762799266,0.01028132335761256,0.0,0.03422426
reversal,6,20260917,2,BNBUSDT,failed,turnover_limit,13,0.003729608454670519,2.8940535967327286,0.008038893991277885,0.004261158038751822,0.0,0.03102674
reversal,6,20260917,2,BTCUSDT,failed,turnover_limit,25,-0.010599371308818828,-3.0877933522059844,0.029498731113584697,0.008946454520782299,0.0,0.03016216
reversal,6,20260917,2,DOGEUSDT,failed,turnover_limit,13,0.010773863658672722,4.915023973202465,0.009752745436207966,0.007077460381555101,0.0,0.03033886
reversal,6,20260917,2,ETHUSDT,failed,turnover_limit,7,0.019159350310372192,15.557124348838952,0.008170297198087484,0.00542297581749851,0.0,0.03060947
reversal,6,20260917,2,LINKUSDT,failed,turnover_limit,19,0.028395515688842243,7.630243653076205,0.015772572847060684,0.010660130433016946,0.0,0.030481789999999998
reversal,6,20260917,2,LTCUSDT,failed,turnover_limit,13,0.03225766492602178,16.32430317438698,0.010365704896487138,0.007264572955577475,0.0,0.0401991
reversal,6,20260917,2,SOLUSDT,failed,turnover_limit,19,0.011855605958791982,2.895271601444344,0.02575791403336647,0.009019661453426253,0.0,0.031345
reversal,6,20260917,2,XRPUSDT,failed,turnover_limit,61,-0.00016447719407564065,0.023620935139119528,0.026980323582348253,0.005791358833514393,0.0,0.0319418
ridge_optimizer,6,20260917,2,ADAUSDT,failed,drawdown_limit,475,-0.053456262753555306,-0.5606109062298397,0.15049624971223807,0.01354495507833954,0.0,0.05609254
ridge_optimizer,6,20260917,2,AVAXUSDT,failed,drawdown_limit,342,-0.013240343246155306,-0.046751320257558765,0.15051964718026845,0.017421433094713588,0.0,0.05809391999999999
ridge_optimizer,6,20260917,2,BNBUSDT,complete,,599,0.2030192694933879,2.3447085761110915,0.09464286898694141,0.010494263220012283,0.0,0.05960815000000002
ridge_optimizer,6,20260917,2,BTCUSDT,complete,,599,0.09032775128793369,1.3391535515452855,0.07414957946961276,0.008920459525639053,0.0,0.05685147
ridge_optimizer,6,20260917,2,DOGEUSDT,failed,drawdown_limit,536,0.10376444252767314,0.8968182548614448,0.15750261380719244,0.017676767845598657,0.0,0.05539271
ridge_optimizer,6,20260917,2,ETHUSDT,complete,,599,0.08343744614251891,1.056152001822844,0.08624616716876965,0.010458101402674107,0.0,0.05546775000000001
ridge_optimizer,6,20260917,2,LINKUSDT,complete,,599,-0.008476723328329827,0.018518181923651095,0.14001172630982262,0.013425887172084634,0.0,0.057123550000000065
ridge_optimizer,6,20260917,2,LTCUSDT,complete,,599,0.005258338150158082,0.14196986313749976,0.14335053152962884,0.01290540056119122,0.0,0.06046011000000016
ridge_optimizer,6,20260917,2,SOLUSDT,complete,,599,0.17623194459501823,1.4779539237443517,0.1173119875938724,0.013849560168846205,0.0,0.05823447
ridge_optimizer,6,20260917,2,XRPUSDT,complete,,599,0.00632110861623203,0.15180057638763375,0.13951755201199922,0.01116854177568158,0.0,0.062078270000000046
logistic,6,20260917,2,ADAUSDT,complete,,599,0.0,,0.0,-0.0,0.0,0.07552753000000005
logistic,6,20260917,2,AVAXUSDT,complete,,599,0.0,,0.0,-0.0,0.0,0.06636049000000012
logistic,6,20260917,2,BNBUSDT,complete,,599,0.0,,0.0,-0.0,0.0,0.05818517000000003
logistic,6,20260917,2,BTCUSDT,complete,,599,0.0,,0.0,-0.0,0.0,0.07412878000000013
logistic,6,20260917,2,DOGEUSDT,complete,,599,0.0,,0.0,-0.0,0.0,0.05446805000000001
logistic,6,20260917,2,ETHUSDT,complete,,599,0.0,,0.0,-0.0,0.0,0.06014404000000008
logistic,6,20260917,2,LINKUSDT,complete,,599,0.0,,0.0,-0.0,0.0,0.04591413000000001
logistic,6,20260917,2,LTCUSDT,complete,,599,0.0,,0.0,-0.0,0.0,0.05198567000000005
logistic,6,20260917,2,SOLUSDT,complete,,599,0.0,,0.0,-0.0,0.0,0.08380160000000002
logistic,6,20260917,2,XRPUSDT,complete,,599,0.0,,0.0,-0.0,0.0,0.04497142
contextual_bandit,6,20260917,2,ADAUSDT,failed,turnover_limit,55,0.000508440486431061,0.14848156785113567,0.03341520552903565,0.009164702856173138,0.0,0.0321371
contextual_bandit,6,20260917,2,AVAXUSDT,failed,turnover_limit,49,0.02592129298784851,2.6385588688703785,0.03176289818272138,0.010588483889187686,0.0,0.03339324
contextual_bandit,6,20260917,2,BNBUSDT,failed,turnover_limit,67,0.001284063779621869,0.32457675558905535,0.014991449957608927,0.005254417826741409,0.0,0.03644095
contextual_bandit,6,20260917,2,BTCUSDT,failed,turnover_limit,67,0.003841197502302718,0.8354804040472182,0.02074812384963698,0.005092926580627266,0.0,0.027891179999999998
contextual_bandit,6,20260917,2,DOGEUSDT,failed,turnover_limit,55,-0.007109365994092398,-0.7416640984563666,0.034777438571163555,0.014004420305660662,0.0,0.03237205
contextual_bandit,6,20260917,2,ETHUSDT,failed,turnover_limit,67,0.04201934860593215,6.051464786449337,0.014562796760728247,0.006102754969037477,0.0,0.03186083
contextual_bandit,6,20260917,2,LINKUSDT,failed,turnover_limit,19,0.028395515688842243,7.630243653076205,0.015772572847060684,0.010660130433016946,0.0,0.04513293
contextual_bandit,6,20260917,2,LTCUSDT,failed,turnover_limit,67,0.036429475909746545,5.257467945777027,0.015505622717233214,0.005386350178367555,0.0,0.03239338
contextual_bandit,6,20260917,2,SOLUSDT,failed,turnover_limit,31,0.004048981117825923,0.7666412518904394,0.024491602095089493,0.009040357202163729,0.0,0.0327235
contextual_bandit,6,20260917,2,XRPUSDT,failed,turnover_limit,229,-0.028735974956656585,-0.9835634164375437,0.08419346491395563,0.01075770152089317,0.0,0.0314724
behavior_uniform,6,20260917,2,ADAUSDT,failed,turnover_limit,115,0.006277119896918926,0.6239683123723102,0.05230161947993972,0.007131694337750276,0.0,0.03280220999999999
behavior_uniform,6,20260917,2,AVAXUSDT,failed,turnover_limit,115,-0.05023067675845749,-3.4975785042235445,0.09531807978129436,0.011221678907324598,0.0,0.031195489999999992
behavior_uniform,6,20260917,2,BNBUSDT,failed,turnover_limit,109,-0.026477118475258243,-3.8248273589700004,0.03704663406280084,0.005626282847599158,0.0,0.033330780000000004
behavior_uniform,6,20260917,2,BTCUSDT,failed,turnover_limit,109,-0.018473049209989267,-2.5795721259563424,0.039823921399137374,0.0055407916894002485,0.0,0.03302548
behavior_uniform,6,20260917,2,DOGEUSDT,failed,turnover_limit,115,0.010385979434089476,1.5810285907790678,0.019907241897252126,0.004180114678218716,0.0,0.03780325999999999
behavior_uniform,6,20260917,2,ETHUSDT,failed,turnover_limit,109,-0.00666241365852116,-0.8560461200075667,0.025516676424908957,0.0058037898130584575,0.0,0.0255259
behavior_uniform,6,20260917,2,LINKUSDT,failed,turnover_limit,115,-0.012659483814747463,-0.8502358408387991,0.039696518632326816,0.01066652154023188,0.0,0.02682993
behavior_uniform,6,20260917,2,LTCUSDT,failed,turnover_limit,115,0.007830676511897838,1.0750949776603034,0.026284711804741567,0.0047193293068280755,0.0,0.04843473999999997
behavior_uniform,6,20260917,2,SOLUSDT,failed,turnover_limit,109,-0.07226146000289269,-5.939985648570791,0.08751922482760144,0.009621359876994806,0.0,0.03484232
behavior_uniform,6,20260917,2,XRPUSDT,failed,turnover_limit,115,-0.005372364823056919,-0.763218484584782,0.03685544784175099,0.005048139502353444,0.0,0.030540729999999995
behavior_clone,6,20260917,2,ADAUSDT,complete,,599,0.0,,0.0,-0.0,0.0,0.0018779900000000004
behavior_clone,6,20260917,2,AVAXUSDT,complete,,599,0.0,,0.0,-0.0,0.0,0.00278108
behavior_clone,6,20260917,2,BNBUSDT,complete,,599,0.0,,0.0,-0.0,0.0,0.002707320000000001
behavior_clone,6,20260917,2,BTCUSDT,complete,,599,0.0,,0.0,-0.0,0.0,0.003414010000000012
behavior_clone,6,20260917,2,DOGEUSDT,complete,,599,0.0,,0.0,-0.0,0.0,0.002276070000000017
behavior_clone,6,20260917,2,ETHUSDT,complete,,599,0.0,,0.0,-0.0,0.0,0.0019689400000000006
behavior_clone,6,20260917,2,LINKUSDT,complete,,599,0.0,,0.0,-0.0,0.0,0.0016604400000000002
behavior_clone,6,20260917,2,LTCUSDT,complete,,599,0.0,,0.0,-0.0,0.0,0.002146340000000001
behavior_clone,6,20260917,2,SOLUSDT,complete,,599,0.0,,0.0,-0.0,0.0,0.0018342900000000012
behavior_clone,6,20260917,2,XRPUSDT,complete,,599,0.0,,0.0,-0.0,0.0,0.0018050900000000016
