{
  "generatedAtMs": 1766189295533,
  "source": "optimize_equity.py",
  "combos": [
    {
      "rank": 1,
      "finalEquity": 1.0,
      "objective": "final-equity",
      "score": 1.0,
      "openThreshold": 0.00129931816063,
      "closeThreshold": 0.00129931816063,
      "source": "binance",
      "metrics": {
        "sharpe": 0.0,
        "maxDrawdown": 0.0,
        "turnover": 0.0,
        "roundTrips": 0
      },
      "params": {
        "interval": "5m",
        "bars": 0,
        "method": "10",
        "positioning": "long-short",
        "normalization": "standard",
        "baseOpenThreshold": 0.0005395807354850707,
        "baseCloseThreshold": 0.0012993181606263875,
        "fee": 4.582438365566222e-05,
        "epochs": 3,
        "hiddenSize": 57,
        "learningRate": 0.00037911932914509597,
        "valRatio": 0.12393759307708827,
        "patience": 7,
        "gradClip": 0.013815883902560137,
        "slippage": 0.0004534103023684355,
        "spread": 0.0008341104266407503,
        "intrabarFill": "stop-first",
        "stopLoss": null,
        "takeProfit": null,
        "trailingStop": 0.002587652124341319,
        "maxDrawdown": null,
        "maxDailyLoss": null,
        "maxOrderErrors": null,
        "kalmanDt": 1.5052627615665402,
        "kalmanProcessVar": 6.416249653777924e-05,
        "kalmanMeasurementVar": 0.0026166059684747407,
        "kalmanZMin": 0.14280501915709665,
        "kalmanZMax": 3.861996661729137,
        "maxHighVolProb": null,
        "maxConformalWidth": null,
        "maxQuantileWidth": null,
        "confirmConformal": false,
        "confirmQuantiles": false,
        "confidenceSizing": false,
        "minPositionSize": 0.0,
        "binanceSymbol": "BTCUSDT"
      }
    },
    {
      "rank": 2,
      "finalEquity": 1.0,
      "objective": "final-equity",
      "score": 1.0,
      "openThreshold": 0.00781787492448,
      "closeThreshold": 0.00781787492448,
      "source": "binance",
      "metrics": {
        "sharpe": 0.0,
        "maxDrawdown": 0.0,
        "turnover": 0.0,
        "roundTrips": 0
      },
      "params": {
        "interval": "15m",
        "bars": 0,
        "method": "10",
        "positioning": "long-flat",
        "normalization": "log",
        "baseOpenThreshold": 0.007817874924482807,
        "baseCloseThreshold": 0.006119845793188952,
        "fee": 0.0007552651966358055,
        "epochs": 3,
        "hiddenSize": 53,
        "learningRate": 0.00042017729668750034,
        "valRatio": 0.39854480699826844,
        "patience": 20,
        "gradClip": null,
        "slippage": 0.0008996140846429455,
        "spread": 0.0004514861413911298,
        "intrabarFill": "take-profit-first",
        "stopLoss": null,
        "takeProfit": 0.05594163140979331,
        "trailingStop": 0.028408826543717586,
        "maxDrawdown": null,
        "maxDailyLoss": null,
        "maxOrderErrors": null,
        "kalmanDt": 0.5315513900105884,
        "kalmanProcessVar": 1.643183592257413e-05,
        "kalmanMeasurementVar": 0.0008753879660010495,
        "kalmanZMin": 0.014381677970187079,
        "kalmanZMax": 4.2512474167135395,
        "maxHighVolProb": null,
        "maxConformalWidth": null,
        "maxQuantileWidth": null,
        "confirmConformal": false,
        "confirmQuantiles": false,
        "confidenceSizing": false,
        "minPositionSize": 0.0,
        "binanceSymbol": "BTCUSDT"
      }
    }
  ]
}