{
  "generatedAtMs": 1765936057629,
  "source": "optimize_equity.py",
  "combos": [
    {
      "rank": 1,
      "finalEquity": 1.005793926650595,
      "openThreshold": 0.002262369952027532,
      "closeThreshold": 0.0007864725889324743,
      "source": "binance",
      "params": {
        "interval": "5m",
        "bars": 862,
        "method": "10",
        "positioning": "long-flat",
        "normalization": "none",
        "baseOpenThreshold": 0.0009333088868405292,
        "baseCloseThreshold": 5.7302171313376775e-05,
        "fee": 0.0006574497057863608,
        "epochs": 3,
        "hiddenSize": 17,
        "learningRate": 0.008802176051621795,
        "valRatio": 0.35831609627880623,
        "patience": 2,
        "gradClip": null,
        "slippage": 0.00020257590813735116,
        "spread": 0.00016499184678877044,
        "intrabarFill": "stop-first",
        "stopLoss": 0.021089512940199125,
        "takeProfit": 0.015585357476975373,
        "trailingStop": null,
        "maxDrawdown": null,
        "maxDailyLoss": null,
        "maxOrderErrors": null,
        "kalmanDt": 1.7819119971774051,
        "kalmanProcessVar": 3.05715697620987e-05,
        "kalmanMeasurementVar": 3.8104381885686024e-05,
        "kalmanZMin": 1.8166931823692491,
        "kalmanZMax": 2.69947793800783,
        "maxHighVolProb": null,
        "maxConformalWidth": null,
        "maxQuantileWidth": null,
        "confirmConformal": false,
        "confirmQuantiles": false,
        "confidenceSizing": false,
        "minPositionSize": 0.0
      }
    },
    {
      "rank": 2,
      "finalEquity": 1.0057719908811555,
      "openThreshold": 0.002416624459326977,
      "closeThreshold": 0.0009743375607445871,
      "source": "binance",
      "params": {
        "interval": "5m",
        "bars": 808,
        "method": "10",
        "positioning": "long-flat",
        "normalization": "none",
        "baseOpenThreshold": 1.2371580392307274e-05,
        "baseCloseThreshold": 0.008303753347621389,
        "fee": 0.00024223919090131184,
        "epochs": 4,
        "hiddenSize": 21,
        "learningRate": 0.00022166876422571573,
        "valRatio": 0.14452313305960468,
        "patience": 6,
        "gradClip": null,
        "slippage": 0.0005857380834029589,
        "spread": 0.00025088222945000914,
        "intrabarFill": "stop-first",
        "stopLoss": null,
        "takeProfit": 0.024637927629052196,
        "trailingStop": 0.06655203127369834,
        "maxDrawdown": 0.11146730582291339,
        "maxDailyLoss": null,
        "maxOrderErrors": null,
        "kalmanDt": 1.7129819302457112,
        "kalmanProcessVar": 0.0007842678972036931,
        "kalmanMeasurementVar": 0.0005331937120369142,
        "kalmanZMin": 0.9816185596580287,
        "kalmanZMax": 5.275836014870857,
        "maxHighVolProb": null,
        "maxConformalWidth": null,
        "maxQuantileWidth": null,
        "confirmConformal": false,
        "confirmQuantiles": false,
        "confidenceSizing": false,
        "minPositionSize": 0.0
      }
    },
    {
      "rank": 3,
      "finalEquity": 1.0051362303049556,
      "openThreshold": 0.0004649705337608002,
      "closeThreshold": 0.0006259598996004368,
      "source": "binance",
      "params": {
        "interval": "5m",
        "bars": 754,
        "method": "10",
        "positioning": "long-flat",
        "normalization": "minmax",
        "baseOpenThreshold": 6.838181211261526e-05,
        "baseCloseThreshold": 0.00201575408061931,
        "fee": 0.000718998786550324,
        "epochs": 7,
        "hiddenSize": 44,
        "learningRate": 0.0003652659254390479,
        "valRatio": 0.17677145974796982,
        "patience": 5,
        "gradClip": null,
        "slippage": 0.0003517161763802266,
        "spread": 0.0003970061865215033,
        "intrabarFill": "stop-first",
        "stopLoss": 0.050143283273725005,
        "takeProfit": 0.07784317797191755,
        "trailingStop": null,
        "maxDrawdown": null,
        "maxDailyLoss": null,
        "maxOrderErrors": null,
        "kalmanDt": 1.810948087188613,
        "kalmanProcessVar": 3.831286049074017e-06,
        "kalmanMeasurementVar": 0.0001762943559475663,
        "kalmanZMin": 1.6653088849952615,
        "kalmanZMax": 5.874618784344436,
        "maxHighVolProb": null,
        "maxConformalWidth": null,
        "maxQuantileWidth": null,
        "confirmConformal": false,
        "confirmQuantiles": true,
        "confidenceSizing": false,
        "minPositionSize": 0.0
      }
    },
    {
      "rank": 4,
      "finalEquity": 1.0045671827782598,
      "openThreshold": 0.001457079009504847,
      "closeThreshold": 0.0006188471112330341,
      "source": "binance",
      "params": {
        "interval": "5m",
        "bars": 701,
        "method": "10",
        "positioning": "long-short",
        "normalization": "standard",
        "baseOpenThreshold": 2.1047089858063587e-05,
        "baseCloseThreshold": 1.371687569061187e-05,
        "fee": 0.0002957379371850322,
        "epochs": 9,
        "hiddenSize": 50,
        "learningRate": 0.00010692919731930324,
        "valRatio": 0.22406033005215786,
        "patience": 1,
        "gradClip": null,
        "slippage": 0.0007855121343445665,
        "spread": 0.000586792874492806,
        "intrabarFill": "stop-first",
        "stopLoss": null,
        "takeProfit": null,
        "trailingStop": null,
        "maxDrawdown": null,
        "maxDailyLoss": 0.07811869835649171,
        "maxOrderErrors": null,
        "kalmanDt": 1.521335060612339,
        "kalmanProcessVar": 4.322938382820777e-07,
        "kalmanMeasurementVar": 0.016791693888471126,
        "kalmanZMin": 0.8702056692654552,
        "kalmanZMax": 5.818886429662559,
        "maxHighVolProb": null,
        "maxConformalWidth": null,
        "maxQuantileWidth": null,
        "confirmConformal": false,
        "confirmQuantiles": false,
        "confidenceSizing": false,
        "minPositionSize": 0.0
      }
    },
    {
      "rank": 5,
      "finalEquity": 1.0036890268418732,
      "openThreshold": 0.00042262859655393123,
      "closeThreshold": 9.371832278537523e-06,
      "source": "binance",
      "params": {
        "interval": "5m",
        "bars": 715,
        "method": "10",
        "positioning": "long-flat",
        "normalization": "minmax",
        "baseOpenThreshold": 0.00015174655293731976,
        "baseCloseThreshold": 0.0095533173644628,
        "fee": 0.00023197750062729729,
        "epochs": 6,
        "hiddenSize": 10,
        "learningRate": 0.00022308185155734723,
        "valRatio": 0.10140648436736248,
        "patience": 17,
        "gradClip": 0.037999799483998564,
        "slippage": 3.819218901937094e-05,
        "spread": 0.00042254644052769173,
        "intrabarFill": "stop-first",
        "stopLoss": 0.013795048901272644,
        "takeProfit": 0.004185792079067304,
        "trailingStop": null,
        "maxDrawdown": null,
        "maxDailyLoss": null,
        "maxOrderErrors": null,
        "kalmanDt": 1.2786878679461036,
        "kalmanProcessVar": 0.0006831897841513807,
        "kalmanMeasurementVar": 8.79605995107845e-06,
        "kalmanZMin": 0.08117474027314864,
        "kalmanZMax": 5.071836009447442,
        "maxHighVolProb": null,
        "maxConformalWidth": null,
        "maxQuantileWidth": null,
        "confirmConformal": false,
        "confirmQuantiles": false,
        "confidenceSizing": true,
        "minPositionSize": 0.23624867883385886
      }
    },
    {
      "rank": 6,
      "finalEquity": 1.0018180134988535,
      "openThreshold": 0.0025834762399324696,
      "closeThreshold": 0.0015244945743067896,
      "source": "binance",
      "params": {
        "interval": "5m",
        "bars": 967,
        "method": "10",
        "positioning": "long-flat",
        "normalization": "log",
        "baseOpenThreshold": 1.3193415900666939e-05,
        "baseCloseThreshold": 0.0035762245713109138,
        "fee": 0.00045845367764235466,