{
  "generatedAtMs": 1766275763510,
  "source": "optimize_equity.py",
  "combos": [
    {
      "rank": 1,
      "finalEquity": 1.1175224665987307,
      "objective": "final-equity",
      "score": 1.1175224665987307,
      "openThreshold": 0.2522927075103659,
      "closeThreshold": 0.2432972600626435,
      "source": "csv",
      "metrics": {
        "sharpe": 5.961216236989648,
        "maxDrawdown": 0.01585292172707442,
        "turnover": 0.3389830508474576,
        "roundTrips": 10
      },
      "params": {
        "interval": "1d",
        "bars": 0,
        "method": "01",
        "positioning": "long-short",
        "normalization": "standard",
        "baseOpenThreshold": 0.0005395807354850707,
        "baseCloseThreshold": 0.0012993181606263875,
        "fee": 4.582438365566222e-05,
        "epochs": 0,
        "hiddenSize": 57,
        "learningRate": 0.00037911932914509597,
        "valRatio": 0.12393759307708827,
        "patience": 7,
        "gradClip": 0.013815883902560137,
        "slippage": 0.0004534103023684355,
        "spread": 0.0008341104266407503,
        "intrabarFill": "stop-first",
        "stopLoss": null,
        "takeProfit": null,
        "trailingStop": 0.002587652124341319,
        "maxDrawdown": null,
        "maxDailyLoss": null,
        "maxOrderErrors": null,
        "kalmanDt": 1.5052627615665402,
        "kalmanProcessVar": 6.416249653777924e-05,
        "kalmanMeasurementVar": 0.0026166059684747407,
        "kalmanZMin": 0.14280501915709665,
        "kalmanZMax": 3.861996661729137,
        "maxHighVolProb": null,
        "maxConformalWidth": null,
        "maxQuantileWidth": null,
        "confirmConformal": false,
        "confirmQuantiles": false,
        "confidenceSizing": false,
        "minPositionSize": 0.0,
        "binanceSymbol": null
      },
      "operations": [
        {
          "entryIndex": 14,
          "exitIndex": 16,
          "entryEquity": 0.9990837106163443,
          "exitEquity": 0.9955862014592072,
          "return": -0.0035007168268006428,
          "holdingPeriods": 2,
          "exitReason": "TRAILING_STOP"
        },
        {
          "entryIndex": 16,
          "exitIndex": 17,
          "entryEquity": 0.9946739563922959,
          "exitEquity": 0.9911910375505777,
          "return": -0.0035015683474319825,
          "holdingPeriods": 1,
          "exitReason": "TRAILING_STOP"
        },
        {
          "entryIndex": 17,
          "exitIndex": 19,
          "entryEquity": 0.9902828197256954,
          "exitEquity": 0.9885110076824342,
          "return": -0.0017891980028008625,
          "holdingPeriods": 2,
          "exitReason": "TRAILING_STOP"
        },
        {
          "entryIndex": 19,
          "exitIndex": 20,
          "entryEquity": 0.9876052455404679,
          "exitEquity": 0.9841470782729256,
          "return": -0.0035015683474319825,
          "holdingPeriods": 1,
          "exitReason": "TRAILING_STOP"
        },
        {
          "entryIndex": 20,
          "exitIndex": 23,
          "entryEquity": 0.9832453147531482,
          "exitEquity": 0.9964990474264414,
          "return": 0.013479578772892964,
          "holdingPeriods": 3,
          "exitReason": "TRAILING_STOP"
        },
        {
          "entryIndex": 23,
          "exitIndex": 24,
          "entryEquity": 0.9955859659284615,
          "exitEquity": 0.9920998536230189,
          "return": -0.0035015683474319825,
          "holdingPeriods": 1,
          "exitReason": "TRAILING_STOP"
        },
        {
          "entryIndex": 24,
          "exitIndex": 30,
          "entryEquity": 0.9911908030596177,
          "exitEquity": 1.0423702620514768,
          "return": 0.05163431584905531,
          "holdingPeriods": 6,
          "exitReason": "TRAILING_STOP"
        },
        {
          "entryIndex": 30,
          "exitIndex": 33,
          "entryEquity": 1.0414151492465205,
          "exitEquity": 1.0811731948079937,
          "return": 0.0381769418182929,
          "holdingPeriods": 3,
          "exitReason": "SIGNAL"
        },
        {
          "entryIndex": 37,
          "exitIndex": 39,
          "entryEquity": 1.080182527287698,
          "exitEquity": 1.0779152703700388,
          "return": -0.002098957222861353,
          "holdingPeriods": 2,
          "exitReason": "TRAILING_STOP"
        },
        {
          "entryIndex": 39,
          "exitIndex": 44,
          "entryEquity": 1.0769275880513183,
          "exitEquity": 1.1175224665987307,
          "return": 0.037695086464325955,
          "holdingPeriods": 5,
          "exitReason": "SIGNAL"
        }
      ]
    },
    {
      "rank": 2,
      "finalEquity": 1.0,
      "objective": "final-equity",
      "score": 1.0,
      "openThreshold": 0.03222831078768427,
      "closeThreshold": 0.03222831078768427,
      "source": "csv",
      "metrics": {
        "sharpe": 0.0,
        "maxDrawdown": 0.0,
        "turnover": 0.0,
        "roundTrips": 0
      },
      "params": {
        "interval": "1d",
        "bars": 55,
        "method": "11",
        "positioning": "long-flat",
        "normalization": "standard",
        "baseOpenThreshold": 5.428446492629873e-05,
        "baseCloseThreshold": 2.6218858852986876e-05,
        "fee": 0.0001024951761715075,
        "epochs": 0,
        "hiddenSize": 45,
        "learningRate": 0.0006979810621615142,
        "valRatio": 0.1089391658314211,
        "patience": 6,
        "gradClip": null,
        "slippage": 0.0006020187290499804,
        "spread": 0.000561245062938613,
        "intrabarFill": "stop-first",
        "stopLoss": null,
        "takeProfit": null,
        "trailingStop": null,
        "maxDrawdown": null,
        "maxDailyLoss": null,
        "maxOrderErrors": null,
        "kalmanDt": 1.129279731442488,
        "kalmanProcessVar": 6.263775519566995e-06,
        "kalmanMeasurementVar": 2.4601044192987886e-05,
        "kalmanZMin": 1.738600641585868,
        "kalmanZMax": 4.972181869032575,
        "maxHighVolProb": null,
        "maxConformalWidth": null,
        "maxQuantileWidth": null,
        "confirmConformal": false,
        "confirmQuantiles": false,
        "confidenceSizing": true,
        "minPositionSize": 0.1899636503186687,
        "binanceSymbol": null
      }
    },
    {
      "rank": 3,
      "finalEquity": 1.0,
      "objective": "final-equity",
      "score": 1.0,
      "openThreshold": 0.993284480848393,
      "closeThreshold": 0.993284480848393,
      "source": "csv",
      "metrics": {
        "sharpe": 0.0,
        "maxDrawdown": 0.0,
        "turnover": 0.0,
        "roundTrips": 0
      },
      "params": {
        "interval": "1d",
        "bars": 0,
        "method": "11",
        "positioning": "long-flat",
        "normalization": "log",
        "baseOpenThreshold": 0.00015377852932824297,
        "baseCloseThreshold": 0.005541696907894225,
        "fee": 0.0004588518525873988,
        "epochs": 1,
        "hiddenSize": 16,
        "learningRate": 0.0003113544056792871,
        "valRatio": 0.2684104402489452,
        "patience": 8,
        "gradClip": 0.019288634418016478,
        "slippage": 0.0005835329249456562,
        "spread": 0.00036199644371361095,
        "intrabarFill": "take-profit-first",
        "stopLoss": 0.15342344082116824,
        "takeProfit": 0.0033894831685050814,
        "trailingStop": 0.06350173552068487,
        "maxDrawdown": null,
        "maxDailyLoss": null,
        "maxOrderErrors": null,
        "kalmanDt": 1.2402737523344465,
        "kalmanProcessVar": 0.00010546992328849906,
        "kalmanMeasurementVar": 0.020207591238145858,
        "kalmanZMin": 0.3056826386965221,
        "kalmanZMax": 1.2166709286007533,
        "maxHighVolProb": null,
        "maxConformalWidth": null,
        "maxQuantileWidth": null,
        "confirmConformal": false,
        "confirmQuantiles": false,
        "confidenceSizing": false,
        "minPositionSize": 0.0,
        "binanceSymbol": null
      }
    }
  ]
}