{
  "generatedAtMs": 1765929621307,
  "source": "optimize_equity.py",
  "combos": [
    {
      "rank": 1,
      "finalEquity": 1.0,
      "openThreshold": 0.0018567029511641132,
      "closeThreshold": 0.0010497905784435436,
      "params": {
        "interval": "1m",
        "bars": 108,
        "method": "01",
        "normalization": "standard",
        "epochs": 9,
        "hiddenSize": 20,
        "learningRate": 0.0025653325543302467,
        "valRatio": 0.11374731509669866,
        "patience": 7,
        "gradClip": 0.9029517873125622,
        "slippage": 0.000855317721015147,
        "spread": 0.0008664836667552697,
        "stopLoss": null,
        "takeProfit": null,
        "trailingStop": 0.004229978792329617,
        "maxDrawdown": null,
        "maxDailyLoss": null,
        "maxOrderErrors": null
      }
    },
    {
      "rank": 2,
      "finalEquity": 1.0,
      "openThreshold": 0.001160429786218975,
      "closeThreshold": 8.452918255894568e-05,
      "params": {
        "interval": "1m",
        "bars": 846,
        "method": "10",
        "normalization": "log",
        "epochs": 2,
        "hiddenSize": 24,
        "learningRate": 0.0001902219542300165,
        "valRatio": 0.323496694627482,
        "patience": 17,
        "gradClip": null,
        "slippage": 0.0005845859902235405,
        "spread": 0.000897822883602477,
        "stopLoss": null,
        "takeProfit": null,
        "trailingStop": 0.020896934575311978,
        "maxDrawdown": null,
        "maxDailyLoss": null,
        "maxOrderErrors": null
      }
    },
    {
      "rank": 3,
      "finalEquity": 1.0,
      "openThreshold": 0.001,
      "closeThreshold": 0.001,
      "params": {
        "interval": "1m",
        "bars": 217,
        "method": "10",
        "normalization": "log",
        "epochs": 6,
        "hiddenSize": 46,
        "learningRate": 0.009822968706135101,
        "valRatio": 0.25873430352974114,
        "patience": 17,
        "gradClip": 0.001082537789694439,
        "slippage": 0.0007207218193601946,
        "spread": 0.0006817103690265748,
        "stopLoss": 0.006834084991616686,
        "takeProfit": 0.0033429843452620254,
        "trailingStop": null,
        "maxDrawdown": null,
        "maxDailyLoss": 0.09006823523025553,
        "maxOrderErrors": null
      }
    },
    {
      "rank": 4,
      "finalEquity": 1.0,
      "openThreshold": 0.9999899196608549,
      "closeThreshold": 0.9999899196608549,
      "params": {
        "interval": "1m",
        "bars": 288,
        "method": "11",
        "normalization": "log",
        "epochs": 1,
        "hiddenSize": 56,
        "learningRate": 0.001162551869972562,
        "valRatio": 0.1377281534561324,
        "patience": 15,
        "gradClip": 0.0031288221460271117,
        "slippage": 0.000527673787418254,
        "spread": 0.0006065939174826289,
        "stopLoss": 0.14416405239968832,
        "takeProfit": 0.04794742183875673,
        "trailingStop": 0.012560721767407875,
        "maxDrawdown": null,
        "maxDailyLoss": null,
        "maxOrderErrors": null
      }
    },
    {
      "rank": 5,
      "finalEquity": 1.0,
      "openThreshold": 0.009372892266827337,
      "closeThreshold": 0.009372892266827337,
      "params": {
        "interval": "1m",
        "bars": 467,
        "method": "01",
        "normalization": "minmax",
        "epochs": 1,
        "hiddenSize": 14,
        "learningRate": 0.002079531479606354,
        "valRatio": 0.20628926997686617,
        "patience": 13,
        "gradClip": null,
        "slippage": 0.0007290758494598506,
        "spread": 0.0006733645472933016,
        "stopLoss": 0.003146775338890665,
        "takeProfit": null,
        "trailingStop": null,
        "maxDrawdown": null,
        "maxDailyLoss": null,
        "maxOrderErrors": null
      }
    },
    {
      "rank": 6,
      "finalEquity": 1.0,
      "openThreshold": 0.001,
      "closeThreshold": 0.001,
      "params": {
        "interval": "1m",
        "bars": 434,
        "method": "10",
        "normalization": "minmax",
        "epochs": 1,
        "hiddenSize": 36,
        "learningRate": 0.0041308981706383065,
        "valRatio": 0.3567900677405119,
        "patience": 3,
        "gradClip": null,
        "slippage": 0.0009992824684127266,
        "spread": 0.0008360275850799519,
        "stopLoss": 0.14248329887924013,
        "takeProfit": 0.004301819826833092,
        "trailingStop": null,
        "maxDrawdown": null,
        "maxDailyLoss": null,
        "maxOrderErrors": null
      }
    },
    {
      "rank": 7,
      "finalEquity": 1.0,
      "openThreshold": 0.9999994021086192,
      "closeThreshold": 0.9999994021086192,
      "params": {
        "interval": "1m",
        "bars": 306,
        "method": "11",
        "normalization": "none",
        "epochs": 2,
        "hiddenSize": 12,
        "learningRate": 0.0015490670381604664,
        "valRatio": 0.3025637660812271,
        "patience": 7,
        "gradClip": null,
        "slippage": 0.0009415961272290894,
        "spread": 0.0005696754101381849,
        "stopLoss": 0.002401669928352632,
        "takeProfit": null,
        "trailingStop": 0.027007466331269783,
        "maxDrawdown": null,
        "maxDailyLoss": null,
        "maxOrderErrors": null
      }
    },
    {
      "rank": 8,
      "finalEquity": 1.0,
      "openThreshold": 0.0011088439292946451,
      "closeThreshold": 9.410208810354268e-05,
      "params": {
        "interval": "1m",
        "bars": 901,
        "method": "10",
        "normalization": "none",
        "epochs": 10,
        "hiddenSize": 60,
        "learningRate": 0.0012858922089022346,
        "valRatio": 0.37952681183082326,
        "patience": 3,
        "gradClip": 0.0025285604643218804,
        "slippage": 0.00011542867041910221,
        "spread": 0.00010703597770941764,
        "stopLoss": 0.0070101356242922444,
        "takeProfit": 0.05448216660546322,
        "trailingStop": null,
        "maxDrawdown": null,
        "maxDailyLoss": null,
        "maxOrderErrors": null
      }
    },
    {
      "rank": 9,
      "finalEquity": 1.0,
      "openThreshold": 0.9999879289632161,
      "closeThreshold": 0.9999879289632161,
      "params": {
        "interval": "1m",
        "bars": 77,
        "method": "11",
        "normalization": "log",
        "epochs": 4,
        "hiddenSize": 10,
        "learningRate": 0.00010164625402150489,
        "valRatio": 0.3313357669058882,
        "patience": 20,
        "gradClip": 0.0030531344443844545,
        "slippage": 0.0004418355118608506,
        "spread": 0.0007056674467599908,
        "stopLoss": 0.0033479406987856363,
        "takeProfit": 0.048202464469073156,
        "trailingStop": null,
        "maxDrawdown": null,
        "maxDailyLoss": null,
        "maxOrderErrors": null
      }
    },
    {
      "rank": 10,
      "finalEquity": 1.0,
      "openThreshold": 0.001320104028673197,
      "closeThreshold": 0.001320104028673197,
      "params": {
        "interval": "1m",
        "bars": 988,
        "method": "10",
        "normalization": "none",
        "epochs": 5,
        "hiddenSize": 21,
        "learningRate": 0.0023127749597956116,
        "valRatio": 0.30008002319066296,
        "patience": 11,
        "gradClip": 0.44916313495692145,
        "slippage": 0.0004063773898321168,
        "spread": 0.0006206615101507128,
        "stopLoss": null,
        "takeProfit": 0.10721150390519683,
        "trailingStop": 0.08367070639233186,
        "maxDrawdown": null,
        "maxDailyLoss": null,
        "maxOrderErrors": null
      }
    }
  ]
}