openTimeMs,open,high,low,close,volume,closeTimeMs,quoteAssetVolume,tradeCount,takerBuyBaseVolume,takerBuyQuoteVolume,ignore
1764360000000,3049.99000000,3059.48000000,3020.57000000,3031.15000000,27563.63600000,1764374399999,83868752.35562100,364109,11325.54690000,34454874.55559000,0
1764374400000,3031.14000000,3052.64000000,3017.73000000,3022.60000000,24555.34610000,1764388799999,74477888.34779100,294527,12439.83920000,37743785.62735900,0
1764388800000,3022.61000000,3045.60000000,2992.50000000,3004.90000000,42551.99660000,1764403199999,128355893.53433500,288245,16810.97600000,50736897.45757700,0
1764403200000,3004.90000000,3011.41000000,2986.09000000,2999.82000000,37596.17440000,1764417599999,112817831.68695600,308192,15877.34970000,47644929.10428000,0
1764417600000,2999.82000000,3014.09000000,2986.40000000,3007.41000000,44737.35260000,1764431999999,134098891.82827100,361994,16484.25430000,49430915.16471000,0
1764432000000,3007.41000000,3011.31000000,2961.91000000,2988.47000000,54342.16460000,1764446399999,162369430.46852400,436115,23497.76190000,70159077.70200400,0
1764446400000,2988.47000000,2999.17000000,2982.49000000,2989.16000000,14121.09600000,1764460799999,42228798.73384900,241515,7923.83530000,23698172.54894700,0
1764460800000,2989.17000000,3012.29000000,2975.30000000,3001.69000000,22703.96470000,1764475199999,68061594.36399500,258602,10964.15800000,32877267.96312800,0
1764475200000,3001.68000000,3008.90000000,2985.69000000,3005.22000000,14470.82450000,1764489599999,43357103.38640200,186551,6413.72560000,19217475.89295500,0
1764489600000,3005.22000000,3018.48000000,2999.94000000,3003.36000000,23291.34670000,1764503999999,70088393.28210500,288001,9968.21820000,29999446.80869200,0
1764504000000,3003.37000000,3053.02000000,3000.34000000,3028.69000000,60797.76800000,1764518399999,184462179.91856200,474243,32676.15750000,99105886.54162700,0
1764518400000,3028.69000000,3049.34000000,3028.24000000,3034.71000000,26922.08970000,1764532799999,81799872.69422200,309162,10732.97760000,32612743.87197000,0
1764532800000,3034.71000000,3041.14000000,2989.06000000,2991.26000000,34536.43170000,1764547199999,104134903.78735900,380222,16388.42100000,49442872.59821800,0
1764547200000,2991.25000000,2999.47000000,2813.20000000,2825.77000000,199403.73910000,1764561599999,572014046.35501700,1728435,100545.74110000,288087753.87602000,0
1764561600000,2825.77000000,2844.11000000,2806.71000000,2840.21000000,66691.25710000,1764575999999,188290391.37122700,707706,31351.17600000,88539569.67975000,0
1764576000000,2840.21000000,2854.35000000,2828.62000000,2838.35000000,154411.99340000,1764590399999,438729062.69931800,575427,45889.53580000,130358145.50987400,0
1764590400000,2838.36000000,2840.31000000,2716.04000000,2745.72000000,228178.02820000,1764604799999,634395013.69474800,1906138,102520.50450000,284883417.44829100,0
1764604800000,2745.73000000,2758.02000000,2719.73000000,2740.80000000,92163.46090000,1764619199999,252391817.20767300,1301431,43088.12700000,118055172.86295700,0
1764619200000,2740.80000000,2819.35000000,2739.89000000,2799.07000000,108154.51220000,1764633599999,301064642.65486300,889112,59935.42370000,166813808.86887900,0
1764633600000,2799.07000000,2825.11000000,2782.81000000,2804.55000000,40929.97460000,1764647999999,114635033.12517100,846103,22751.08960000,63717378.94350500,0
1764648000000,2804.55000000,2815.88000000,2796.88000000,2805.65000000,30185.33660000,1764662399999,84692319.53871600,465322,12044.95560000,33798017.78454300,0
1764662400000,2805.66000000,2834.50000000,2782.19000000,2826.18000000,41716.95650000,1764676799999,117210108.87331700,652077,22175.21070000,62346577.12078300,0
1764676800000,2826.18000000,3024.98000000,2816.82000000,3006.61000000,243912.66530000,1764691199999,710204870.43765100,1872267,128601.35400000,374895180.01210300,0
1764691200000,3006.61000000,3033.76000000,2987.19000000,3015.83000000,104569.56300000,1764705599999,314786380.08151600,1305393,47727.96840000,143692899.74903500,0
1764705600000,3015.84000000,3021.27000000,2972.35000000,2996.07000000,62392.86260000,1764719999999,186918689.26847500,680774,30657.77930000,91868576.69770900,0
1764720000000,2996.07000000,3048.00000000,2985.58000000,3030.75000000,51276.00730000,1764734399999,154909944.23247400,572503,27775.04390000,83940244.13664700,0
1764734400000,3030.74000000,3085.56000000,3029.59000000,3057.44000000,83611.91530000,1764748799999,255998480.84196700,668656,42486.91530000,130032058.15324500,0
1764748800000,3057.44000000,3080.00000000,3043.75000000,3073.23000000,45464.58880000,1764763199999,139060183.31982200,501941,20362.50070000,62323794.98095000,0
1764763200000,3073.23000000,3145.68000000,3030.42000000,3086.12000000,172616.43180000,1764777599999,532468476.41145000,1863822,88412.21020000,272699730.97383500,0
1764777600000,3086.13000000,3142.15000000,3064.36000000,3128.20000000,76818.98220000,1764791999999,239102755.25483800,1319505,36255.77770000,112884116.42013000,0
1764792000000,3128.20000000,3214.99000000,3117.00000000,3188.36000000,123881.88920000,1764806399999,392047775.07201300,1284062,65503.29510000,207510351.36721600,0
1764806400000,3188.39000000,3240.35000000,3174.19000000,3210.13000000,85059.47440000,1764820799999,272950726.75564500,1091677,44035.99350000,141307122.32670000,0
1764820800000,3210.12000000,3219.62000000,3170.47000000,3190.10000000,76321.05010000,1764835199999,243838768.61936100,719021,33174.80010000,105984369.86681500,0
1764835200000,3190.10000000,3208.63000000,3175.51000000,3186.55000000,41332.43320000,1764849599999,131858087.80881500,660922,18825.40020000,60076385.33049600,0
1764849600000,3186.55000000,3224.38000000,3139.72000000,3208.15000000,109395.53650000,1764863999999,347453166.30864500,1447033,59860.01560000,190108210.38848400,0
1764864000000,3208.15000000,3225.00000000,3066.37000000,3119.27000000,123840.90660000,1764878399999,388712542.64509800,1605375,56758.13740000,178308808.95153200,0
1764878400000,3119.26000000,3152.07000000,3105.90000000,3133.26000000,50748.99790000,1764892799999,158976769.81482800,833481,25523.63440000,79948463.68591100,0
1764892800000,3133.26000000,3193.33000000,3132.45000000,3170.98000000,43830.02060000,1764907199999,138712595.89377200,628781,21749.33300000,68853173.44234400,0
1764907200000,3170.98000000,3182.88000000,3152.00000000,3173.94000000,36417.07270000,1764921599999,115378411.75099400,548091,18050.37700000,57199427.33665600,0
1764921600000,3173.95000000,3173.95000000,3107.82000000,3131.38000000,87970.96760000,1764935999999,275761374.73000200,850505,38856.24290000,121721568.43088600,0
1764936000000,3131.38000000,3157.99000000,3082.75000000,3106.34000000,131005.09970000,1764950399999,408586289.62323100,1460819,60721.48840000,189510844.99212800,0
1764950400000,3106.35000000,3108.73000000,2983.08000000,3038.49000000,180132.33010000,1764964799999,546270993.73461800,1873799,90022.13410000,272853027.19210500,0
1764964800000,3038.50000000,3049.34000000,3006.78000000,3021.78000000,51027.40790000,1764979199999,154545724.25515200,650413,29629.18240000,89761806.16289700,0
1764979200000,3021.77000000,3046.30000000,3012.58000000,3040.31000000,25507.02650000,1764993599999,77276190.01919100,394054,13130.03750000,39791075.07880900,0
1764993600000,3040.31000000,3042.78000000,3024.35000000,3026.25000000,18352.25630000,1765007999999,55701891.41116000,246161,6989.57870000,21219338.51491500,0
1765008000000,3026.25000000,3042.00000000,3013.25000000,3038.99000000,20383.77770000,1765022399999,61710893.25728300,325361,9081.37990000,27497750.09815200,0
1765022400000,3038.98000000,3069.00000000,3026.50000000,3041.69000000,43669.98040000,1765036799999,132948101.11561900,502020,20693.05170000,63009088.92932200,0
1765036800000,3041.69000000,3066.62000000,3025.00000000,3030.44000000,33248.82740000,1765051199999,101317557.35127000,438176,16869.16000000,51414255.29243400,0
1765051200000,3030.45000000,3054.31000000,3026.16000000,3038.06000000,18559.38050000,1765065599999,56413904.08550800,338298,8515.87250000,25885859.54565200,0
1765065600000,3038.06000000,3056.97000000,3032.47000000,3053.92000000,15546.93430000,1765079999999,47372503.25332700,293194,7463.24930000,22741722.95532200,0
1765080000000,3053.93000000,3058.01000000,3031.21000000,3037.29000000,13660.35660000,1765094399999,41594834.46655600,217674,5825.79910000,17736828.52591500,0
1765094400000,3037.28000000,3043.69000000,3024.07000000,3035.77000000,22816.86390000,1765108799999,69221454.10142400,288147,8273.00050000,25104330.44477200,0
1765108800000,3035.77000000,3053.49000000,2907.52000000,3027.01000000,146482.46810000,1765123199999,436015791.79192000,1151623,72237.11250000,214939811.15289100,0
1765123200000,3027.00000000,3150.00000000,2999.63000000,3137.92000000,123703.29870000,1765137599999,380597737.71601900,1180368,60604.43950000,186531661.99057900,0
1765137600000,3137.91000000,3147.36000000,3013.73000000,3059.85000000,68919.75340000,1765151999999,211530180.32176400,1146661,32152.03890000,98624176.88991600,0
1765152000000,3059.86000000,3134.73000000,3040.87000000,3111.01000000,62439.90040000,1765166399999,193301101.26074700,1017582,33171.43690000,102652381.04319900,0
1765166400000,3111.01000000,3140.50000000,3108.53000000,3134.31000000,65181.90520000,1765180799999,203974685.20518100,708250,37687.79960000,117941622.96996200,0
1765180800000,3134.31000000,3180.51000000,3125.10000000,3142.25000000,67113.04220000,1765195199999,211627545.93163900,814206,35889.49770000,113182005.78426500,0
1765195200000,3142.25000000,3178.42000000,3088.83000000,3101.54000000,125289.79610000,1765209599999,392528538.03548600,1642358,55665.32530000,174508858.59286200,0
1765209600000,3101.54000000,3133.00000000,3075.38000000,3118.64000000,89209.12470000,1765223999999,277587444.38016400,1429773,39879.56240000,124167033.37129500,0
1765224000000,3118.65000000,3153.00000000,3112.88000000,3124.16000000,43586.45210000,1765238399999,136570130.22587800,715038,21932.02770000,68726318.05821200,0
1765238400000,3124.16000000,3143.50000000,3090.80000000,3129.26000000,42586.42150000,1765252799999,132578852.62691400,742590,19722.32550000,61433298.04316000,0
1765252800000,3129.27000000,3131.42000000,3095.12000000,3123.00000000,45669.32210000,1765267199999,142098346.09828200,628348,20318.08700000,63228785.40727300,0
1765267200000,3123.00000000,3130.00000000,3093.00000000,3118.35000000,28056.40800000,1765281599999,87318299.95462700,532781,11824.33260000,36799202.85294200,0
1765281600000,3118.35000000,3256.88000000,3098.58000000,3245.88000000,155154.14080000,1765295999999,491380055.62601100,1653286,71762.54100000,227578766.11130400,0
1765296000000,3245.88000000,3397.85000000,3245.63000000,3357.88000000,241671.72990000,1765310399999,807381013.54171400,2175585,115538.11330000,385763957.15592600,0
1765310400000,3357.87000000,3361.41000000,3285.00000000,3318.04000000,90721.92350000,1765324799999,301536272.92013900,1260692,41244.35960000,137107285.26655000,0
1765324800000,3318.04000000,3328.20000000,3288.10000000,3309.73000000,45078.39760000,1765339199999,149147574.67401200,651158,22557.39310000,74646262.06096900,0
1765339200000,3309.73000000,3334.66000000,3306.92000000,3327.21000000,42144.18140000,1765353599999,139964283.37255700,440294,19879.95640000,66021744.92604100,0
1765353600000,3327.21000000,3376.00000000,3296.99000000,3318.39000000,73454.61940000,1765367999999,244650704.45247300,937466,38449.22910000,128132607.08473100,0
1765368000000,3318.39000000,3339.14000000,3304.45000000,3328.25000000,64308.98480000,1765382399999,213706815.00907300,1205378,32063.88810000,106550184.80935900,0
1765382400000,3328.25000000,3435.00000000,3320.72000000,3390.71000000,186919.89110000,1765396799999,632378909.12719500,2195279,95062.90990000,321787017.08499300,0
1765396800000,3390.67000000,3447.44000000,3317.37000000,3324.14000000,127679.37920000,1765411199999,430890525.10030600,1725853,57488.46920000,194220942.86691600,0
1765411200000,3324.14000000,3327.37000000,3167.07000000,3191.42000000,138432.01240000,1765425599999,447908165.56706000,1593802,60159.56060000,194497381.26959500,0
1765425600000,3191.42000000,3216.16000000,3180.93000000,3201.51000000,49737.32180000,1765439999999,159241676.09669800,731079,23349.16230000,74764494.85271900,0
1765440000000,3201.52000000,3213.00000000,3178.00000000,3192.75000000,38704.27000000,1765454399999,123700151.19501000,670329,17366.04040000,55522649.27745900,0
1765454400000,3192.75000000,3210.00000000,3145.28000000,3179.25000000,92491.41110000,1765468799999,294501252.98734100,1392420,49055.85820000,156265112.95829500,0
1765468800000,3179.24000000,3234.25000000,3155.00000000,3194.51000000,90002.78990000,1765483199999,287650379.00163100,1588890,46196.15410000,147700082.09196900,0
1765483200000,3194.52000000,3273.40000000,3186.36000000,3237.39000000,94746.43390000,1765497599999,306732953.36613100,1290633,43248.76870000,140089908.50640700,0
1765497600000,3237.38000000,3265.50000000,3185.20000000,3245.49000000,51913.29540000,1765511999999,167770982.30517900,980103,24965.40670000,80705203.98203300,0
1765512000000,3245.49000000,3265.00000000,3232.79000000,3246.55000000,34036.65400000,1765526399999,110616123.65687400,532304,16336.71510000,53105873.86268800,0
1765526400000,3246.55000000,3255.70000000,3225.92000000,3242.59000000,38271.96980000,1765540799999,124015439.64175700,532159,16136.99700000,52285267.87240400,0
1765540800000,3242.59000000,3251.31000000,3058.12000000,3071.41000000,143185.81420000,1765555199999,451600204.45804200,1463422,60014.73010000,189534488.41264700,0
1765555200000,3071.40000000,3099.88000000,3045.31000000,3073.74000000,142541.95370000,1765569599999,438065067.68444000,1963785,73700.08510000,226488254.36057800,0
1765569600000,3073.74000000,3096.16000000,3067.61000000,3084.86000000,25736.75640000,1765583999999,79346942.11144200,476710,13511.21310000,41652486.76393400,0
1765584000000,3084.86000000,3095.24000000,3078.60000000,3089.85000000,16683.08370000,1765598399999,51514132.59614500,223502,7342.45620000,22675344.10693000,0
1765598400000,3089.86000000,3095.85000000,3084.11000000,3094.72000000,13025.15630000,1765612799999,40257431.57380400,165544,6003.92830000,18558062.42203600,0
1765612800000,3094.72000000,3135.68000000,3092.59000000,3119.35000000,35477.13250000,1765627199999,110687895.62994200,452529,17492.20600000,54558553.80251900,0
1765627200000,3119.36000000,3127.80000000,3095.12000000,3109.63000000,25324.47480000,1765641599999,78771825.23867900,405548,11797.58660000,36709317.87556700,0
1765641600000,3109.63000000,3116.37000000,3096.05000000,3108.41000000,23595.44270000,1765655999999,73261254.76151000,269037,12534.67730000,38916557.86946400,0
1765656000000,3108.41000000,3119.79000000,3079.00000000,3114.64000000,22360.46670000,1765670399999,69428064.23804200,339094,11527.77830000,35796581.56585900,0
1765670400000,3114.64000000,3129.54000000,3103.49000000,3118.96000000,17318.87490000,1765684799999,54003713.80338000,260582,9158.31420000,28559767.09170600,0
1765684800000,3118.97000000,3122.10000000,3104.59000000,3115.30000000,12759.86680000,1765699199999,39697767.72913300,193929,4793.94760000,14916336.46325000,0
1765699200000,3115.30000000,3119.90000000,3050.01000000,3084.84000000,55728.58880000,1765713599999,172335825.67438300,585428,27012.05760000,83529994.48160200,0
1765713600000,3084.84000000,3108.18000000,3070.42000000,3084.51000000,46359.23010000,1765727999999,143213448.05620100,816675,21580.15830000,66675080.46561000,0
1765728000000,3084.51000000,3107.89000000,3074.29000000,3093.71000000,88491.95950000,1765742399999,273701307.14543900,744320,31568.66610000,97636116.37949400,0
1765742400000,3093.71000000,3097.10000000,3024.44000000,3063.50000000,58399.83440000,1765756799999,179120426.12147800,910114,28771.42230000,88279842.13277300,0
1765756800000,3063.49000000,3150.92000000,3056.70000000,3108.68000000,68229.90450000,1765771199999,211975527.98886500,1135565,36259.78070000,112640145.67895500,0
1765771200000,3108.68000000,3145.00000000,3104.02000000,3128.90000000,34378.08940000,1765785599999,107484069.79185400,462221,18340.69550000,57336832.58680300,0
1765785600000,3128.91000000,3177.50000000,3125.86000000,3156.73000000,45866.45030000,1765799999999,144614579.64221500,600961,23497.67360000,74075884.03446600,0
1765800000000,3156.73000000,3159.14000000,2986.05000000,3010.96000000,165313.33970000,1765814399999,505579966.19633500,2036999,76111.55410000,232998702.59288000,0
1765814400000,3010.97000000,3017.77000000,2894.57000000,2940.30000000,146722.78960000,1765828799999,433846092.95486000,2207552,72384.89910000,214102285.22206200,0
1765828800000,2940.29000000,2969.29000000,2916.67000000,2964.85000000,59999.38200000,1765843199999,176482211.66543400,973817,33622.43010000,98910001.91595300,0
1765843200000,2964.85000000,2978.26000000,2922.64000000,2937.00000000,50152.44950000,1765857599999,147910216.96320400,871599,24287.90240000,71666001.12632900,0
1765857600000,2936.99000000,2951.45000000,2876.00000000,2924.11000000,65694.23870000,1765871999999,191795024.37757500,914807,28191.83330000,82330323.32283600,0
1765872000000,2924.10000000,2964.14000000,2920.02000000,2957.93000000,50801.87010000,1765886399999,149306526.16377300,846881,20320.53710000,59758181.79438300,0
1765886400000,2957.93000000,2981.87000000,2886.75000000,2963.31000000,117771.36220000,1765900799999,346158376.34442700,1975984,56957.46320000,167401979.41249800,0
1765900800000,2963.31000000,2968.00000000,2912.15000000,2945.58000000,70556.53220000,1765915199999,207560731.64404000,1409590,36059.86770000,106098667.23914300,0
1765915200000,2945.57000000,2965.73000000,2938.08000000,2962.30000000,23316.66320000,1765929599999,68851289.31131300,650762,11536.39110000,34067164.20841200,0
1765929600000,2962.30000000,2974.27000000,2938.38000000,2947.80000000,21063.39510000,1765943999999,62238039.78791800,456133,9146.47580000,27034218.32222600,0
1765944000000,2947.80000000,2953.98000000,2913.95000000,2947.92000000,40306.44140000,1765958399999,118341682.77667800,487496,18326.17100000,53821195.26091600,0
1765958400000,2947.92000000,2947.92000000,2908.56000000,2928.71000000,28398.94240000,1765972799999,83104213.17809400,492062,13462.19410000,39390253.55638100,0
1765972800000,2928.71000000,3030.92000000,2886.80000000,2904.66000000,202478.37880000,1765987199999,599110896.00996400,2018591,99092.48040000,293315443.44056000,0
1765987200000,2904.65000000,2925.59000000,2791.02000000,2820.28000000,155552.71940000,1766001599999,442655863.43687900,2207720,76455.69620000,217660499.98570600,0
1766001600000,2820.28000000,2837.80000000,2798.00000000,2833.49000000,49830.53910000,1766015999999,140656334.56014300,870841,25323.41630000,71491682.30963200,0
1766016000000,2833.50000000,2847.65000000,2821.34000000,2832.06000000,30115.80100000,1766030399999,85288468.38943800,598685,14222.93040000,40285787.92920300,0
1766030400000,2832.06000000,2841.76000000,2822.98000000,2836.45000000,25308.19250000,1766044799999,71692170.58645100,336628,10775.62480000,30527710.07313600,0
1766044800000,2836.45000000,2864.46000000,2831.99000000,2859.09000000,30684.17220000,1766059199999,87466271.47168800,571759,16761.69870000,47783643.62833300,0
1766059200000,2859.10000000,2997.40000000,2854.47000000,2965.19000000,215481.28100000,1766073599999,634521563.09521800,2440360,108925.40980000,320634859.03466800,0
1766073600000,2965.19000000,2967.48000000,2775.19000000,2781.93000000,205062.63390000,1766087999999,584609916.04331800,2622896,100334.67780000,286171548.01236700,0
1766088000000,2781.92000000,2838.25000000,2779.76000000,2828.57000000,88601.71910000,1766102399999,249109974.05437700,1231111,46627.20410000,131061745.69958200,0
1766102400000,2828.56000000,2935.00000000,2808.63000000,2909.01000000,123898.42720000,1766116799999,357148432.57747800,1367310,54067.02780000,155349200.22644800,0
1766116800000,2909.00000000,2984.33000000,2907.09000000,2951.73000000,96960.58590000,1766131199999,284960066.44077300,1027477,50976.88960000,149866789.46978200,0
1766131200000,2951.72000000,2971.57000000,2938.01000000,2964.96000000,43082.58980000,1766145599999,127301985.53172400,688917,21277.52170000,62876236.92114700,0
1766145600000,2964.97000000,3020.00000000,2943.13000000,2964.99000000,149054.67300000,1766159999999,443210153.34885600,1727677,75372.36980000,224233780.09639400,0
1766160000000,2964.99000000,3007.06000000,2936.30000000,2985.02000000,93755.72910000,1766174399999,278695529.05941000,1499156,50310.27470000,149644172.52166100,0
1766174400000,2985.02000000,3003.02000000,2974.72000000,2979.50000000,24950.53890000,1766188799999,74562352.35893900,637975,13650.90840000,40803516.65714400,0
1766188800000,2979.49000000,2994.41000000,2970.98000000,2989.41000000,12846.45510000,1766203199999,38302533.77913100,280192,7048.31390000,21020738.05638100,0
1766203200000,2989.42000000,2990.80000000,2964.17000000,2981.24000000,17802.91440000,1766217599999,53099158.33083800,221345,7377.85880000,22009474.37300000,0
1766217600000,2981.24000000,2990.20000000,2975.14000000,2987.13000000,14432.69450000,1766231999999,43063371.32672200,245383,7103.61650000,21196665.98050400,0
1766232000000,2987.14000000,2993.80000000,2967.44000000,2977.27000000,25699.31960000,1766246399999,76549030.61659700,288397,9834.23650000,29293093.96452700,0
1766246400000,2977.26000000,2981.40000000,2974.34000000,2978.05000000,13056.86880000,1766260799999,38885591.31989500,160416,5068.37110000,15093401.46706800,0
1766260800000,2978.06000000,2985.94000000,2972.85000000,2977.93000000,7945.52100000,1766275199999,23673992.83939800,154378,4209.12240000,12542225.16704900,0
1766275200000,2977.93000000,2981.43000000,2961.42000000,2972.81000000,21624.48730000,1766289599999,64229932.49639600,251563,11366.52900000,33763055.54149600,0
1766289600000,2972.80000000,2982.54000000,2971.75000000,2981.09000000,6058.04040000,1766303999999,18031953.17808100,108089,2528.61390000,7527009.56503400,0
1766304000000,2981.09000000,3013.40000000,2977.61000000,2996.52000000,37511.98290000,1766318399999,112506838.18174700,452749,18681.46460000,56004724.01869400,0
1766318400000,2996.52000000,3005.46000000,2944.00000000,2974.68000000,47803.64990000,1766332799999,141872317.18620400,842640,22071.53580000,65532270.38536800,0
1766332800000,2974.69000000,2997.96000000,2967.74000000,2991.18000000,24256.67510000,1766347199999,72328219.81786000,392439,12133.56660000,36178900.96521600,0
1766347200000,2991.19000000,3012.27000000,2970.75000000,3002.02000000,24989.97110000,1766361599999,74810758.66721700,427328,12086.57800000,36180804.89636800,0
1766361600000,3002.03000000,3060.55000000,2972.48000000,3021.52000000,67518.02990000,1766375999999,203953312.20774500,1221035,35841.43490000,108305638.85403400,0
1766376000000,3021.53000000,3042.87000000,3020.00000000,3029.67000000,23753.18370000,1766390399999,72006712.21272600,440097,10561.15130000,32016762.79778300,0
1766390400000,3029.66000000,3058.38000000,3025.11000000,3049.04000000,35463.93820000,1766404799999,107870849.24705400,596270,17169.39600000,52228940.81651800,0
1766404800000,3049.05000000,3077.39000000,3022.35000000,3052.59000000,70632.56520000,1766419199999,215522830.50850700,1434029,34171.49250000,104277832.84037600,0
1766419200000,3052.59000000,3059.42000000,2974.23000000,2980.44000000,55772.38560000,1766433599999,168306785.34373300,1029129,22069.13680000,66621715.38082400,0
1766433600000,2980.44000000,3015.37000000,2963.43000000,3009.49000000,45303.46070000,1766447999999,135396494.94639600,731509,23170.75740000,69263080.90982900,0
1766448000000,3009.48000000,3035.79000000,2971.56000000,2991.80000000,52521.82130000,1766462399999,157843082.93353500,711616,25427.09480000,76398707.25673400,0
1766462400000,2991.81000000,2999.97000000,2944.79000000,2964.89000000,70774.13460000,1766476799999,210007672.70320900,722587,37608.43940000,111568747.48291400,0
1766476800000,2964.88000000,2975.35000000,2952.26000000,2973.63000000,22052.47850000,1766491199999,65401148.04651800,381356,9922.58780000,29429449.00627000,0
1766491200000,2973.63000000,2974.47000000,2900.93000000,2928.59000000,96611.75450000,1766505599999,283638815.01911500,1310221,44085.17330000,129421515.04473000,0
1766505600000,2928.59000000,2966.56000000,2908.95000000,2943.92000000,66566.67240000,1766519999999,195933600.61666300,972768,34609.87290000,101863873.85607600,0
1766520000000,2943.95000000,2988.44000000,2940.89000000,2965.02000000,77938.88570000,1766534399999,231074933.74349200,725774,54741.29130000,162299884.06742700,0
1766534400000,2965.03000000,2978.15000000,2921.03000000,2945.75000000,37427.16870000,1766548799999,110385539.23296100,535719,20901.21240000,61694883.90942800,0
1766548800000,2945.75000000,2958.73000000,2917.12000000,2932.68000000,35394.64200000,1766563199999,103887941.61781800,433103,17302.05080000,50789896.20965700,0
1766563200000,2932.69000000,2939.84000000,2914.35000000,2925.02000000,29363.68130000,1766577599999,85994727.47446500,417075,14214.38160000,41635573.71162800,0
1766577600000,2925.02000000,2938.73000000,2888.70000000,2925.55000000,44957.60810000,1766591999999,131093668.19894900,917364,21947.72600000,64016855.73917700,0
1766592000000,2925.54000000,2954.39000000,2921.37000000,2945.72000000,32340.05220000,1766606399999,95045806.75207000,626750,18356.02650000,53944386.84645200,0
1766606400000,2945.73000000,2962.96000000,2941.73000000,2947.47000000,17552.40750000,1766620799999,51801604.58200300,264672,8681.14560000,25622829.72792900,0
1766620800000,2947.48000000,2956.89000000,2936.89000000,2947.15000000,13645.16010000,1766635199999,40208491.09359200,224507,5271.24880000,15535259.70273000,0
1766635200000,2947.16000000,2948.15000000,2938.12000000,2941.56000000,17963.74390000,1766649599999,52839698.60717900,181926,7437.64360000,21875594.99518100,0
1766649600000,2941.57000000,2946.82000000,2912.00000000,2924.88000000,26993.28170000,1766663999999,78973819.44655900,344770,11187.29530000,32725532.19069800,0
1766664000000,2924.88000000,2971.46000000,2920.00000000,2961.14000000,50360.94130000,1766678399999,148487452.23530300,517172,24555.21810000,72286245.25971900,0
1766678400000,2961.14000000,2967.65000000,2943.75000000,2956.41000000,40199.70350000,1766692799999,118761538.26367000,351898,20584.26520000,60794739.37169600,0
1766692800000,2956.41000000,2956.58000000,2891.20000000,2903.95000000,39558.46760000,1766707199999,115419625.84647600,563338,16951.72100000,49461092.40908300,0
1766707200000,2903.90000000,2994.38000000,2894.26000000,2964.92000000,85472.06550000,1766721599999,252846474.17670600,1003012,42117.64800000,124477676.96910800,0
1766721600000,2964.92000000,2993.27000000,2952.59000000,2956.83000000,56536.75280000,1766735999999,168096702.90443200,509120,28938.19970000,85985660.01685600,0
1766736000000,2956.83000000,2976.53000000,2954.76000000,2964.75000000,27704.01270000,1766750399999,82178810.82127600,436108,14420.61460000,42769480.06199600,0
1766750400000,2964.76000000,2985.89000000,2894.49000000,2923.19000000,102372.87410000,1766764799999,300198054.01541200,1257964,54323.26260000,159302796.96882600,0
1766764800000,2923.20000000,2935.12000000,2906.98000000,2925.99000000,29323.55710000,1766779199999,85712225.19593000,592665,14002.70630000,40933252.32119200,0
1766779200000,2925.99000000,2938.83000000,2921.49000000,2927.99000000,13421.73670000,1766793599999,39325517.10407600,263295,5568.86830000,16315426.36022200,0
1766793600000,2928.00000000,2933.70000000,2921.33000000,2933.40000000,12504.40620000,1766807999999,36612402.80014000,149028,6386.09100000,18697361.46142100,0
1766808000000,2933.39000000,2938.00000000,2928.11000000,2933.27000000,9579.62220000,1766822399999,28088000.40595000,96266,3848.99870000,11285064.19360400,0
1766822400000,2933.27000000,2940.79000000,2917.25000000,2930.88000000,22992.08650000,1766836799999,67385577.78172500,217520,9287.01080000,27214015.81328300,0
1766836800000,2930.88000000,2933.85000000,2925.25000000,2926.50000000,11659.57270000,1766851199999,34158677.05342400,140515,5352.73250000,15679151.68020200,0
1766851200000,2926.50000000,2930.82000000,2917.13000000,2930.82000000,12392.45610000,1766865599999,36245989.99671700,139728,5870.78500000,17166408.71977100,0
1766865600000,2930.81000000,2960.89000000,2928.89000000,2949.05000000,25912.25190000,1766879999999,76215448.29656200,261339,12540.35330000,36894743.03729200,0
1766880000000,2949.05000000,2951.86000000,2941.14000000,2943.58000000,13874.22370000,1766894399999,40883811.46286700,179740,7152.04360000,21075674.03578100,0
1766894400000,2943.57000000,2947.07000000,2929.50000000,2939.00000000,12300.15730000,1766908799999,36147136.89079300,182794,5718.18370000,16803318.67619600,0
1766908800000,2938.99000000,2947.34000000,2931.56000000,2944.09000000,18702.57960000,1766923199999,55018945.84569000,218805,8696.44490000,25579553.62096000,0
1766923200000,2944.09000000,2961.23000000,2937.78000000,2949.46000000,33669.67110000,1766937599999,99209474.91076600,271861,15942.58130000,46980752.48576600,0
1766937600000,2949.47000000,2954.72000000,2924.54000000,2933.61000000,29530.26860000,1766951999999,86765547.16523100,318261,17660.52570000,51896415.36555700,0
1766952000000,2933.60000000,2955.50000000,2928.89000000,2950.91000000,20757.23870000,1766966399999,61053229.15723100,313049,10204.21230000,30016841.83442600,0
1766966400000,2950.91000000,3048.45000000,2944.54000000,3043.75000000,101995.36420000,1766980799999,305835086.66302500,1097778,51032.64840000,152997370.84710400,0
1766980800000,3043.75000000,3057.78000000,3010.74000000,3019.51000000,103030.94620000,1766995199999,313086668.19819200,688109,42485.72870000,129084104.39166700,0
1766995200000,3019.51000000,3026.51000000,2956.89000000,2959.91000000,84829.16650000,1767009599999,252652788.28865300,831982,41484.84880000,123511418.57849600,0
1767009600000,2959.90000000,2965.85000000,2910.25000000,2935.75000000,119862.58970000,1767023999999,351891851.56485400,1503839,59116.19940000,173539981.32854300,0
1767024000000,2935.75000000,2946.00000000,2914.03000000,2932.48000000,51908.42180000,1767038399999,152283795.04504900,693089,26367.09730000,77353985.26117000,0
1767038400000,2932.47000000,2944.24000000,2926.04000000,2937.90000000,24332.69400000,1767052799999,71430028.17376600,347738,13068.63570000,38358587.35490500,0
1767052800000,2937.91000000,2956.00000000,2919.44000000,2951.91000000,30076.55630000,1767067199999,88340391.19251100,504841,14941.47300000,43880660.33987900,0
1767067200000,2951.92000000,2959.00000000,2937.39000000,2950.79000000,26514.31340000,1767081599999,78196959.00816600,357297,11294.59620000,33303390.28988900,0
1767081600000,2950.79000000,3003.66000000,2950.20000000,2978.88000000,59053.35640000,1767095999999,176062875.52139600,737249,31257.20380000,93195630.50673400,0
1767096000000,2978.88000000,3009.80000000,2958.88000000,2989.77000000,93742.77320000,1767110399999,279540783.08027300,1219117,48858.79240000,145675803.82724200,0
1767110400000,2989.78000000,2995.28000000,2944.76000000,2971.56000000,54745.65840000,1767124799999,162740949.15236400,802223,28341.12630000,84248362.29892600,0
1767124800000,2971.56000000,2975.96000000,2954.28000000,2973.69000000,22450.63020000,1767139199999,66616600.53489800,339163,11435.04310000,33927342.87340200,0
1767139200000,2973.69000000,2984.86000000,2961.89000000,2970.69000000,20321.85070000,1767153599999,60458930.61751400,374246,10007.81680000,29770783.39011200,0
1767153600000,2970.68000000,2980.00000000,2968.92000000,2976.98000000,17669.20100000,1767167999999,52567868.28121200,220775,6495.90330000,19324393.47690800,0
1767168000000,2976.97000000,3003.64000000,2963.91000000,3002.20000000,54160.49180000,1767182399999,161719552.06647900,357985,24936.09030000,74469717.76448000,0
1767182400000,3002.20000000,3028.08000000,2968.00000000,2985.76000000,77365.93240000,1767196799999,231779882.82641300,933233,40297.04920000,120710683.56503900,0
1767196800000,2985.76000000,2997.40000000,2958.91000000,2971.15000000,38835.51560000,1767211199999,115602608.10333700,685729,20972.70380000,62441994.41467600,0
1767211200000,2971.16000000,2984.86000000,2963.43000000,2971.64000000,25376.59720000,1767225599999,75471203.80525700,363464,13507.96290000,40173728.56971800,0
1767225600000,2971.65000000,2988.96000000,2971.15000000,2980.00000000,14277.70370000,1767239999999,42578953.55291500,208284,8186.47070000,24410153.70149900,0
1767240000000,2979.99000000,2983.79000000,2972.99000000,2978.53000000,24119.37450000,1767254399999,71824160.20018500,159773,13246.78000000,39439703.59507000,0
1767254400000,2978.52000000,2993.20000000,2977.80000000,2989.69000000,18658.70120000,1767268799999,55695006.55035600,121817,7982.72790000,23828792.25780400,0
1767268800000,2989.70000000,2994.87000000,2977.74000000,2989.87000000,24220.78590000,1767283199999,72306230.59755400,248284,10026.99610000,29933983.04716400,0
1767283200000,2989.87000000,3005.98000000,2980.75000000,2995.42000000,28557.25960000,1767297599999,85396521.99222400,326175,14695.07540000,43945593.31279500,0
1767297600000,2995.42000000,3010.00000000,2987.54000000,3004.19000000,26254.69580000,1767311999999,78746794.20492000,273879,12339.03590000,37000353.28033600,0
1767312000000,3004.19000000,3035.00000000,2992.49000000,3022.53000000,40245.60680000,1767326399999,121258200.41750500,483871,24322.00890000,73264807.17649700,0
1767326400000,3022.53000000,3039.54000000,3009.02000000,3018.33000000,25581.58800000,1767340799999,77342499.07184600,399393,13427.12790000,40605811.04748000,0
1767340800000,3018.32000000,3069.71000000,3015.95000000,3047.82000000,67146.88370000,1767355199999,204808381.94810700,680050,35143.65290000,107155052.90228400,0
1767355200000,3047.81000000,3109.00000000,3020.79000000,3086.64000000,103779.65480000,1767369599999,318454989.60442500,1538745,56839.86240000,174446819.67509100,0
1767369600000,3086.64000000,3150.01000000,3079.23000000,3123.62000000,103511.24000000,1767383999999,323089193.87457600,1653821,50486.90980000,157617120.53536600,0
1767384000000,3123.63000000,3146.00000000,3111.52000000,3125.45000000,29626.27160000,1767398399999,92665812.28828000,520600,14837.47720000,46420865.03525000,0
1767398400000,3125.46000000,3136.71000000,3119.26000000,3125.56000000,21639.93510000,1767412799999,67659413.43176400,289441,10187.82390000,31854969.29612900,0
1767412800000,3125.56000000,3127.79000000,3076.00000000,3090.50000000,37848.57680000,1767427199999,117325486.05183000,446975,16781.02600000,52002924.62224200,0
1767427200000,3090.49000000,3110.56000000,3083.86000000,3098.49000000,24186.44090000,1767441599999,74948221.11404200,402894,12795.19760000,39651714.63104500,0
1767441600000,3098.50000000,3114.61000000,3093.47000000,3101.31000000,21597.53100000,1767455999999,67047477.59354100,287753,11607.58050000,36034448.20876700,0
1767456000000,3101.32000000,3118.55000000,3098.33000000,3113.13000000,13958.28980000,1767470399999,43406326.14342500,176990,7207.91250000,22419400.53233100,0
1767470400000,3113.13000000,3131.00000000,3107.49000000,3127.11000000,15174.45220000,1767484799999,47359872.17753500,219198,8210.26620000,25623217.17435800,0
1767484800000,3127.11000000,3167.22000000,3126.35000000,3147.36000000,48314.70560000,1767499199999,152083782.69346000,569480,27925.49970000,87902516.87329000,0
1767499200000,3147.36000000,3163.19000000,3133.57000000,3141.29000000,39164.63500000,1767513599999,123222810.27094500,362773,20767.81140000,65338479.90766000,0
1767513600000,3141.29000000,3148.30000000,3126.00000000,3139.54000000,25325.44150000,1767527999999,79480435.58311900,386737,10496.81440000,32941857.91424300,0
1767528000000,3139.55000000,3147.26000000,3118.75000000,3135.55000000,25571.05360000,1767542399999,80173771.94258500,370526,11955.41730000,37488921.13008100,0
1767542400000,3135.55000000,3143.60000000,3118.98000000,3132.72000000,22056.35940000,1767556799999,69091898.19355300,307114,12393.24710000,38817954.45199600,0
1767556800000,3132.72000000,3155.85000000,3130.85000000,3144.70000000,21143.87350000,1767571199999,66464886.96489200,264869,11245.07990000,35347244.61540700,0
1767571200000,3144.71000000,3220.82000000,3143.54000000,3185.86000000,78748.06230000,1767585599999,250711646.42616200,884326,39716.75290000,126428848.25620400,0
1767585600000,3185.86000000,3188.35000000,3135.31000000,3157.33000000,46393.43120000,1767599999999,146579181.49771600,504482,20381.77130000,64388707.68864600,0
1767600000000,3157.24000000,3183.64000000,3153.12000000,3180.27000000,35017.82470000,1767614399999,110955694.66781400,545817,16461.28000000,52164281.73382600,0
1767614400000,3180.28000000,3205.00000000,3135.02000000,3195.57000000,75457.21820000,1767628799999,238935844.18857800,1294737,37755.54930000,119556117.20512000,0
1767628800000,3195.58000000,3229.99000000,3159.48000000,3223.07000000,84699.98380000,1767643199999,271109777.97234900,1251761,43111.92620000,138027435.68681300,0
1767643200000,3223.07000000,3265.66000000,3220.00000000,3224.99000000,62130.14160000,1767657599999,201356698.72886800,920859,31529.15390000,102190420.05019000,0
1767657600000,3224.99000000,3247.30000000,3203.34000000,3225.10000000,41660.20450000,1767671999999,134221933.56576900,648730,21349.26180000,68798917.90778400,0
1767672000000,3225.10000000,3253.76000000,3211.37000000,3219.24000000,43424.56580000,1767686399999,140247235.98350000,527019,20674.19330000,66787927.61177200,0
1767686400000,3219.24000000,3242.98000000,3214.52000000,3238.08000000,31791.57480000,1767700799999,102658761.03333400,464263,15886.35770000,51304044.17386400,0
1767700800000,3238.09000000,3308.86000000,3230.00000000,3272.32000000,128299.73240000,1767715199999,420552998.82084800,1352581,69324.22940000,227213470.63021400,0
1767715200000,3272.31000000,3279.36000000,3183.27000000,3223.57000000,114076.95400000,1767729599999,368908871.23305800,1447972,49799.41290000,160939722.07643400,0
1767729600000,3223.57000000,3301.60000000,3223.11000000,3296.84000000,53250.47510000,1767743999999,174274019.31774600,869506,27283.34440000,89268359.25110100,0
1767744000000,3296.83000000,3296.84000000,3239.44000000,3266.83000000,42293.99430000,1767758399999,138001743.08291400,749990,20418.52870000,66606725.61149300,0
1767758400000,3266.84000000,3271.81000000,3246.75000000,3255.31000000,22149.39160000,1767772799999,72147242.12926800,346037,9719.07290000,31659912.60384100,0
1767772800000,3255.31000000,3263.37000000,3196.23000000,3220.24000000,64927.43870000,1767787199999,209138130.75431200,735324,29327.73400000,94413301.07389200,0
1767787200000,3220.25000000,3229.05000000,3144.37000000,3164.70000000,91685.58270000,1767801599999,291875570.12179700,1385509,43875.64100000,139656873.83509100,0
1767801600000,3164.71000000,3179.69000000,3125.42000000,3146.02000000,58204.19410000,1767815999999,183518827.16065600,992160,28634.21240000,90293157.72961900,0
1767816000000,3146.02000000,3181.78000000,3128.13000000,3168.72000000,42089.52110000,1767830399999,132767211.43889200,630256,22669.72940000,71549954.83597100,0
1767830400000,3168.72000000,3184.39000000,3133.56000000,3142.88000000,39920.82530000,1767844799999,126229758.84970600,665977,19320.91740000,61106510.65825700,0
1767844800000,3142.88000000,3161.24000000,3090.04000000,3128.28000000,59556.32340000,1767859199999,186060296.89820100,738345,26834.63980000,83847236.67677800,0
1767859200000,3128.29000000,3136.56000000,3096.68000000,3121.24000000,46446.00650000,1767873599999,144883873.33760300,646633,22169.50450000,69147960.70483500,0
1767873600000,3121.25000000,3121.49000000,3054.65000000,3104.20000000,115339.83260000,1767887999999,356165726.47371000,1510585,61256.16740000,189178943.94210900,0
1767888000000,3104.19000000,3140.00000000,3090.20000000,3111.53000000,53648.43490000,1767902399999,167239292.28923000,882482,24515.01980000,76442866.72954300,0
1767902400000,3111.53000000,3130.38000000,3089.39000000,3106.65000000,28704.67780000,1767916799999,89267072.19425300,538401,13738.68770000,42726965.31844800,0
1767916800000,3106.66000000,3148.41000000,3081.34000000,3119.60000000,49958.42800000,1767931199999,155500670.91368800,547080,23856.74840000,74286598.37924000,0
1767931200000,3119.60000000,3125.71000000,3110.39000000,3111.20000000,17294.12780000,1767945599999,53928250.04431000,269189,8805.78060000,27458976.11090100,0
1767945600000,3111.21000000,3115.37000000,3067.44000000,3090.36000000,40427.36910000,1767959999999,125003507.53220000,615306,18808.41630000,58176504.00796800,0
1767960000000,3090.36000000,3143.00000000,3058.69000000,3112.08000000,86674.20140000,1767974399999,268672169.53830300,1264047,44637.46120000,138423411.00396800,0
1767974400000,3112.08000000,3145.45000000,3068.94000000,3080.60000000,56163.57710000,1767988799999,174540426.28437600,1038422,28028.89480000,87176341.77960200,0
1767988800000,3080.60000000,3093.35000000,3065.23000000,3088.40000000,24069.74990000,1768003199999,74201958.61267600,448526,13132.37010000,40489367.40270100,0
1768003200000,3088.40000000,3094.61000000,3080.10000000,3086.51000000,10803.58600000,1768017599999,33349044.19549800,170826,5284.35170000,16314561.12103100,0
1768017600000,3086.51000000,3093.38000000,3077.99000000,3092.77000000,20280.09510000,1768031999999,62548053.94466100,153243,10085.70610000,31104410.21515100,0
1768032000000,3092.77000000,3104.12000000,3087.37000000,3096.99000000,19119.59530000,1768046399999,59214720.92736600,152896,11786.05390000,36493025.36162400,0
1768046400000,3096.99000000,3104.01000000,3088.81000000,3095.64000000,12501.09340000,1768060799999,38711365.54776000,160344,6930.07530000,21460008.26439800,0
1768060800000,3095.63000000,3099.37000000,3090.08000000,3092.12000000,8420.09520000,1768075199999,26055249.95798300,95545,4430.05190000,13707560.78240500,0
1768075200000,3092.13000000,3093.30000000,3078.71000000,3086.72000000,11216.58960000,1768089599999,34617289.42937500,148215,6172.92390000,19051343.08044000,0
1768089600000,3086.72000000,3097.53000000,3084.46000000,3096.78000000,6690.16030000,1768103999999,20688764.86566100,131856,3692.78410000,11418608.50205300,0
1768104000000,3096.78000000,3102.42000000,3090.00000000,3095.32000000,10462.92550000,1768118399999,32405321.91093800,113477,5164.61300000,15995398.21372100,0
1768118400000,3095.32000000,3109.78000000,3092.70000000,3105.22000000,16569.45840000,1768132799999,51428240.39220100,139256,8329.94950000,25853189.59982200,0
1768132800000,3105.22000000,3131.00000000,3105.00000000,3118.22000000,35550.03100000,1768147199999,110748101.72278200,338797,18605.58310000,57966622.01661500,0
1768147200000,3118.22000000,3147.27000000,3115.63000000,3124.36000000,36016.84370000,1768161599999,112782298.28370300,303696,19614.10900000,61421042.81065300,0
1768161600000,3124.36000000,3126.15000000,3092.59000000,3123.45000000,44091.87760000,1768175999999,137174920.40771700,495420,22114.18040000,68815790.64030900,0
1768176000000,3123.46000000,3171.49000000,3097.24000000,3152.55000000,72306.44110000,1768190399999,227129509.97383600,962354,38590.71800000,121210000.59405200,0
1768190400000,3152.56000000,3166.90000000,3133.52000000,3135.34000000,25464.26070000,1768204799999,80331814.06305900,315827,11034.91710000,34816659.19159900,0
1768204800000,3135.33000000,3147.62000000,3101.48000000,3115.43000000,40245.08710000,1768219199999,125538913.02300600,626658,20582.25090000,64209550.16215200,0
1768219200000,3115.43000000,3133.52000000,3065.55000000,3130.17000000,73683.73550000,1768233599999,228477459.45492500,983998,35465.64680000,109986308.57940500,0
1768233600000,3130.17000000,3146.66000000,3083.50000000,3121.83000000,57077.67910000,1768247999999,177899016.02091800,942739,28064.93080000,87473897.87389000,0
1768248000000,3121.82000000,3127.75000000,3083.54000000,3095.75000000,28596.26460000,1768262399999,88647829.76025700,472029,11431.48530000,35443636.35345900,0
1768262400000,3095.75000000,3119.01000000,3091.96000000,3116.14000000,22531.13350000,1768276799999,69960561.91674500,383431,12573.12240000,39044666.81130600,0
1768276800000,3116.14000000,3146.55000000,3112.46000000,3122.01000000,38274.26130000,1768291199999,119810547.77733100,432421,18660.02690000,58407411.12519900,0
1768291200000,3122.00000000,3148.33000000,3122.00000000,3133.95000000,33910.39540000,1768305599999,106295004.27785000,432776,18594.99670000,58280995.75276200,0
1768305600000,3133.95000000,3188.47000000,3130.00000000,3184.41000000,96545.24060000,1768319999999,304279297.19907900,1157853,52034.88240000,164054752.06384800,0
1768320000000,3184.41000000,3218.61000000,3172.00000000,3215.90000000,73955.93380000,1768334399999,236022434.37691600,1172339,37826.01960000,120734805.77755500,0
1768334400000,3215.91000000,3367.79000000,3190.56000000,3325.82000000,192565.31700000,1768348799999,634615456.57695600,1298096,100044.89680000,329447681.06161600,0
1768348800000,3325.83000000,3357.56000000,3315.15000000,3351.95000000,85543.41500000,1768363199999,285103810.30403500,784401,39211.35520000,130722455.30484000,0
1768363200000,3351.94000000,3364.64000000,3322.01000000,3335.78000000,63136.24590000,1768377599999,210640332.54904300,540347,30543.62450000,101917031.79119100,0
1768377600000,3335.78000000,3342.64000000,3282.59000000,3286.22000000,58774.12120000,1768391999999,194770832.62002300,545919,25410.81950000,84215911.61687400,0
1768392000000,3286.22000000,3362.17000000,3280.48000000,3345.81000000,107556.32600000,1768406399999,358057467.49215000,1241532,55061.00770000,183336010.56413100,0
1768406400000,3345.81000000,3402.89000000,3315.51000000,3367.42000000,136432.62720000,1768420799999,458932951.91792700,1529555,69844.62560000,234998420.29692000,0
1768420800000,3367.42000000,3392.94000000,3347.83000000,3354.92000000,51997.34060000,1768435199999,175143105.45662000,709656,22529.77860000,75901304.21933300,0
1768435200000,3354.92000000,3355.80000000,3278.00000000,3286.55000000,57564.06280000,1768449599999,190769807.02797100,653130,22477.62100000,74481119.34777600,0
1768449600000,3286.56000000,3335.15000000,3284.84000000,3330.00000000,36938.09880000,1768463999999,122372256.79324400,488511,17583.10680000,58246548.05885100,0
1768464000000,3329.99000000,3378.75000000,3320.17000000,3349.96000000,56429.51160000,1768478399999,189320415.17791700,578821,28247.87090000,94789404.95645600,0
1768478400000,3349.96000000,3384.19000000,3285.79000000,3330.65000000,109387.00460000,1768492799999,365504248.14021700,1342387,51706.34960000,172837516.34577800,0
1768492800000,3330.66000000,3337.56000000,3273.72000000,3295.48000000,95663.68140000,1768507199999,316435315.42772900,1246351,46635.76300000,154386506.06623800,0
1768507200000,3295.47000000,3323.32000000,3276.70000000,3318.69000000,34011.47680000,1768521599999,112226207.99914200,457190,15455.36980000,51020410.64137000,0
1768521600000,3318.70000000,3326.79000000,3291.89000000,3295.21000000,26232.68950000,1768535999999,86749126.27409800,419192,12099.65820000,40012861.34361800,0
1768536000000,3295.22000000,3316.99000000,3277.04000000,3309.41000000,39155.79340000,1768550399999,129214856.78914100,375374,17595.46970000,58074484.46389300,0
1768550400000,3309.42000000,3319.97000000,3293.33000000,3301.94000000,24987.77870000,1768564799999,82639137.17564600,386704,10700.41590000,35395124.14715400,0
1768564800000,3301.94000000,3318.61000000,3253.01000000,3264.18000000,65806.19230000,1768579199999,216375887.90217900,1146837,31283.97420000,102858607.59823800,0
1768579200000,3264.17000000,3288.42000000,3259.83000000,3276.94000000,40718.88600000,1768593599999,133442549.61259500,788855,22606.75310000,74086355.90603800,0
1768593600000,3276.94000000,3299.89000000,3264.42000000,3296.28000000,27020.44770000,1768607999999,88856950.99617400,411286,14872.89040000,48906871.29899700,0
1768608000000,3296.28000000,3297.34000000,3283.96000000,3289.32000000,11302.55070000,1768622399999,37195337.76037600,170806,4288.23720000,14111131.30449300,0
1768622400000,3289.33000000,3294.12000000,3285.99000000,3291.57000000,8025.45660000,1768636799999,26405041.65088600,116609,3901.47920000,12837232.36139100,0
1768636800000,3291.56000000,3305.32000000,3289.01000000,3302.72000000,19466.08160000,1768651199999,64198074.84988200,172227,11054.01490000,36463374.02094700,0
1768651200000,3302.72000000,3330.07000000,3299.77000000,3329.95000000,42521.61030000,1768665599999,141084931.55539700,302019,27007.63400000,89615937.95918800,0
1768665600000,3329.95000000,3330.26000000,3312.22000000,3316.36000000,27286.94490000,1768679999999,90596915.30790000,254385,14623.45080000,48559138.09136800,0
1768680000000,3316.36000000,3320.33000000,3297.44000000,3310.56000000,15722.38620000,1768694399999,52028567.26706900,213568,7768.76910000,25713096.71755000,0
1768694400000,3310.56000000,3319.50000000,3296.34000000,3316.16000000,14955.00730000,1768708799999,49449341.94997300,274674,6755.58130000,22342605.38405300,0
1768708800000,3316.15000000,3318.36000000,3306.40000000,3307.30000000,19441.76680000,1768723199999,64411782.57571900,205007,12439.49890000,41214056.25406500,0
1768723200000,3307.30000000,3326.20000000,3303.52000000,3322.00000000,26425.78910000,1768737599999,87699651.04785800,263440,16749.17840000,55577616.09398800,0
1768737600000,3322.00000000,3347.75000000,3314.64000000,3333.99000000,32494.89080000,1768751999999,108229509.36244000,407444,16049.92390000,53478303.84414500,0
1768752000000,3334.00000000,3368.82000000,3330.05000000,3346.56000000,28977.75520000,1768766399999,97093149.79914600,410609,15083.53670000,50531544.48216400,0
1768766400000,3346.56000000,3356.26000000,3278.86000000,3284.03000000,51059.09340000,1768780799999,169418081.79512000,666278,25979.08000000,86280846.02317300,0
1768780800000,3284.04000000,3284.58000000,3177.68000000,3212.29000000,189671.13610000,1768795199999,610074734.03488000,1630290,87789.82770000,282401742.01079700,0
1768795200000,3212.28000000,3218.02000000,3187.88000000,3207.47000000,86267.35460000,1768809599999,276445092.15231600,511273,52177.10810000,167263252.85694400,0
1768809600000,3207.47000000,3231.27000000,3197.30000000,3223.91000000,62305.84340000,1768823999999,200426963.33609300,570879,36379.82150000,117077759.01690300,0
1768824000000,3223.91000000,3236.26000000,3202.85000000,3216.21000000,39678.10610000,1768838399999,127764115.62834200,559934,19884.62300000,64060451.46753800,0
1768838400000,3216.20000000,3227.17000000,3208.50000000,3219.95000000,20446.96470000,1768852799999,65801797.74208300,480450,8712.77240000,28042086.14138600,0
1768852800000,3219.95000000,3225.43000000,3165.38000000,3189.55000000,44171.15470000,1768867199999,141075561.00454700,653338,20763.52120000,66284956.09100000,0
1768867200000,3189.56000000,3200.50000000,3175.53000000,3188.67000000,31249.15240000,1768881599999,99658329.11357600,652548,16988.65730000,54188961.41120500,0
1768881600000,3188.68000000,3189.23000000,3109.37000000,3123.37000000,92886.95920000,1768895999999,291868491.81995500,1121911,39946.15810000,125510588.06084100,0
1768896000000,3123.37000000,3123.84000000,3085.17000000,3109.88000000,80416.52770000,1768910399999,249396747.83891800,1034157,44398.41250000,137686296.32914000,0
1768910400000,3109.88000000,3115.00000000,2995.33000000,3032.99000000,151528.89060000,1768924799999,462379448.95740200,1950847,72154.20040000,220401518.70638500,0
1768924800000,3033.00000000,3042.92000000,2980.11000000,2996.49000000,80445.97880000,1768939199999,241665002.09311800,1401521,42235.65440000,126875276.27049600,0
1768939200000,2996.49000000,3007.22000000,2920.00000000,2939.88000000,81638.97000000,1768953599999,242005006.98309100,1067654,35882.04750000,106313270.01512600,0
1768953600000,2939.88000000,2984.64000000,2921.89000000,2981.76000000,52743.88170000,1768967999999,156030014.12043600,963246,29142.25350000,86209008.79460900,0
1768968000000,2981.75000000,3002.00000000,2966.00000000,2970.60000000,43953.85090000,1768982399999,131113379.85719500,574844,21574.40920000,64358534.70585900,0
1768982400000,2970.60000000,2974.87000000,2938.00000000,2943.00000000,47857.52160000,1768996799999,141699552.58837600,535937,24574.82260000,72797971.30131900,0
1768996800000,2943.00000000,3026.83000000,2902.00000000,3002.69000000,152744.35480000,1769011199999,452601825.53240000,2134817,78089.24660000,231564400.68671200,0
1769011200000,3002.69000000,3069.07000000,2866.11000000,3055.56000000,209234.42990000,1769025599999,616190414.98081400,2759930,108803.46020000,320643453.59062000,0
1769025600000,3055.55000000,3057.72000000,2972.69000000,2982.27000000,71266.20920000,1769039999999,215267996.73283200,1095542,34777.61490000,105047882.71157000,0
1769040000000,2982.28000000,3038.33000000,2980.73000000,3013.41000000,40907.93090000,1769054399999,123323612.23326300,740957,22256.94570000,67086980.69085100,0
1769054400000,3013.41000000,3027.90000000,3000.40000000,3000.94000000,30603.70310000,1769068799999,92305198.15189300,481516,14146.60360000,42675916.02164500,0
1769068800000,3000.94000000,3016.40000000,2977.22000000,2986.80000000,36510.93440000,1769083199999,109520108.37556700,501913,16247.41520000,48744450.28558700,0
1769083200000,2986.80000000,3010.18000000,2906.02000000,2942.01000000,106579.00970000,1769097599999,314954271.25317200,1452427,51244.90400000,151448498.30283300,0
1769097600000,2942.02000000,2972.76000000,2923.99000000,2953.94000000,48457.57140000,1769111999999,142841913.91380300,1064051,26949.98700000,79459747.42026800,0
1769112000000,2953.94000000,2959.16000000,2930.15000000,2952.69000000,28601.58540000,1769126399999,84261788.31144000,455657,13564.93920000,39956036.32913300,0
1769126400000,2952.70000000,2972.08000000,2946.22000000,2964.42000000,22069.38630000,1769140799999,65313118.01004700,447566,11709.91710000,34659406.87136200,0
1769140800000,2964.42000000,2984.71000000,2935.31000000,2948.49000000,46545.65440000,1769155199999,137785988.42605200,706183,24340.24770000,72064408.34034300,0
1769155200000,2948.58000000,2951.34000000,2914.93000000,2940.68000000,56738.25020000,1769169599999,166240805.40095600,742561,27115.77820000,79470868.47941400,0
1769169600000,2940.68000000,2965.06000000,2892.40000000,2952.75000000,74272.57470000,1769183999999,217316321.19225000,1332250,34865.74240000,102058526.38196100,0
1769184000000,2952.66000000,3019.26000000,2938.46000000,2959.80000000,94167.90530000,1769198399999,280513389.45834300,1622097,48665.53950000,144992619.09402800,0
1769198400000,2959.79000000,2963.69000000,2930.42000000,2956.41000000,24621.56080000,1769212799999,72588353.18186700,628381,12554.02800000,37018889.50207600,0
1769212800000,2956.41000000,2970.41000000,2949.27000000,2962.72000000,19180.17920000,1769227199999,56799653.01224200,325404,8765.79240000,25950429.14100300,0
1769227200000,2962.72000000,2966.86000000,2953.99000000,2957.34000000,16552.47340000,1769241599999,48987797.08391400,170409,7667.75960000,22687876.94649500,0
1769241600000,2957.34000000,2964.98000000,2954.77000000,2961.18000000,7645.16100000,1769255999999,22633339.25813300,116746,3883.93760000,11499874.08585200,0
1769256000000,2961.17000000,2968.08000000,2943.84000000,2957.25000000,21086.46140000,1769270399999,62380203.21630800,225001,9029.22820000,26710554.56774400,0
1769270400000,2957.25000000,2968.49000000,2952.23000000,2953.93000000,14150.08160000,1769284799999,41889652.65869900,185559,5985.25080000,17717491.28171200,0
1769284800000,2953.94000000,2964.55000000,2949.23000000,2953.22000000,13468.54730000,1769299199999,39826630.63113000,162030,6151.24210000,18184834.73531300,0
1769299200000,2953.23000000,2960.29000000,2937.50000000,2942.60000000,14633.96870000,1769313599999,43156594.51262100,212868,5456.35680000,16097095.20436800,0
1769313600000,2942.59000000,2949.36000000,2935.01000000,2939.57000000,15127.51260000,1769327999999,44513047.03884000,229072,6161.60430000,18133596.41936200,0
1769328000000,2939.58000000,2948.11000000,2921.00000000,2937.54000000,26614.87190000,1769342399999,78141057.81925800,345294,13400.83910000,39335909.34804400,0
1769342400000,2937.54000000,2945.37000000,2922.08000000,2926.81000000,24962.62020000,1769356799999,73268832.23827400,494417,13765.09140000,40405994.21782900,0
1769356800000,2926.82000000,2927.78000000,2797.20000000,2812.96000000,193895.40630000,1769371199999,554557897.54109600,1992595,82793.02280000,236826507.93212700,0
1769371200000,2812.96000000,2825.72000000,2787.00000000,2816.89000000,104952.15290000,1769385599999,294500466.80268200,1363541,43556.85730000,122222296.75933500,0
1769385600000,2816.90000000,2898.76000000,2812.37000000,2850.68000000,103456.70270000,1769399999999,295730641.92151400,1320338,50005.38700000,142878695.29225300,0
1769400000000,2850.69000000,2911.61000000,2849.91000000,2904.32000000,70449.52970000,1769414399999,202797854.68125900,787997,29240.92770000,84248378.85415500,0
1769414400000,2904.32000000,2934.40000000,2880.50000000,2892.15000000,58700.95280000,1769428799999,170483945.25314200,679603,30160.16660000,87600849.72340800,0
1769428800000,2892.15000000,2951.21000000,2875.77000000,2899.32000000,115201.55600000,1769443199999,335005063.28497600,1449582,54847.15160000,159575987.89415100,0
1769443200000,2899.32000000,2936.06000000,2885.97000000,2923.12000000,66316.68000000,1769457599999,193200295.55542200,1054884,36758.34500000,107101805.53873800,0
1769457600000,2923.11000000,2945.32000000,2895.82000000,2930.35000000,71043.91600000,1769471999999,207840342.88228200,641166,38384.16690000,112325535.82148900,0
1769472000000,2930.35000000,2948.88000000,2912.44000000,2941.18000000,58753.87050000,1769486399999,172465802.60845300,543626,32302.23490000,94777102.37677500,0
1769486400000,2941.17000000,2957.04000000,2924.35000000,2929.11000000,52881.50630000,1769500799999,155403140.74424700,390018,24088.04640000,70767517.68867300,0
1769500800000,2929.11000000,2932.65000000,2899.77000000,2917.02000000,55309.14420000,1769515199999,161150022.42389800,460953,19767.86800000,57607092.08916900,0
1769515200000,2917.03000000,2943.63000000,2905.93000000,2937.45000000,67431.61110000,1769529599999,197168478.46978800,1073336,37149.98570000,108639415.46639300,0
1769529600000,2937.46000000,2998.52000000,2918.09000000,2980.48000000,130629.94340000,1769543999999,387164301.71520200,1771718,65642.62830000,194590578.26529300,0
1769544000000,2980.48000000,3035.08000000,2978.92000000,3026.77000000,113786.32330000,1769558399999,343185622.47177300,1038788,50679.40950000,152809755.05028900,0
1769558400000,3026.77000000,3029.79000000,2996.55000000,3005.18000000,26992.65850000,1769572799999,81336023.93404800,490677,13045.01910000,39311814.47911500,0
1769572800000,3005.18000000,3018.33000000,2992.89000000,3005.07000000,34894.08530000,1769587199999,104868449.63908300,358243,16863.59960000,50683737.85634400,0
1769587200000,3005.07000000,3045.36000000,2986.59000000,3039.72000000,57899.71120000,1769601599999,174692968.08323800,725324,31942.89380000,96382371.24291400,0
1769601600000,3039.71000000,3045.78000000,2983.67000000,3008.25000000,79326.46210000,1769615999999,239465822.09038000,1359567,46127.89720000,139246395.02971200,0
1769616000000,3008.25000000,3031.68000000,2989.41000000,3016.60000000,64622.69410000,1769630399999,194523824.11439500,1396958,30949.56330000,93166683.64365700,0
1769630400000,3016.60000000,3038.45000000,2996.66000000,3010.78000000,32872.04370000,1769644799999,99170589.87922100,730260,15628.63340000,47155303.69712800,0
1769644800000,3010.78000000,3013.50000000,2944.48000000,2952.52000000,54242.74830000,1769659199999,161420180.54708800,1018159,23639.20190000,70342360.28655300,0
1769659200000,2952.52000000,2965.69000000,2937.55000000,2961.54000000,30942.78330000,1769673599999,91423092.61950500,436170,14735.73260000,43548015.73450500,0
1769673600000,2961.54000000,2969.79000000,2923.77000000,2929.29000000,46623.76330000,1769687999999,137280747.85717000,513266,22471.57090000,66184756.94131400,0
1769688000000,2929.29000000,2939.00000000,2797.01000000,2824.32000000,140222.24920000,1769702399999,399798771.36856300,1801407,64874.20550000,184873924.72784300,0
1769702400000,2824.31000000,2860.05000000,2754.53000000,2797.53000000,242269.32640000,1769716799999,679886779.80614000,2275362,121778.56860000,341872135.38567700,0
1769716800000,2797.53000000,2827.59000000,2789.39000000,2822.59000000,46987.72740000,1769731199999,132084733.84134700,735244,23440.53760000,65897078.30406600,0
1769731200000,2822.60000000,2828.65000000,2689.00000000,2741.11000000,182314.48070000,1769745599999,499594027.68269400,1983651,80763.07110000,221262736.88505500,0
1769745600000,2741.12000000,2774.83000000,2696.82000000,2740.16000000,103133.54440000,1769759999999,282551169.39547300,1164722,50175.28500000,137483247.35453500,0
1769760000000,2740.17000000,2768.78000000,2710.00000000,2759.88000000,65278.21790000,1769774399999,178497934.30606700,1154458,34231.05120000,93642019.91851500,0
1769774400000,2759.87000000,2766.53000000,2693.42000000,2729.47000000,123239.40300000,1769788799999,337129814.36723300,1966271,60338.75740000,165110337.24635900,0
1769788800000,2729.46000000,2761.46000000,2636.01000000,2742.40000000,205002.41880000,1769803199999,555609845.87947900,2897182,103824.06880000,281601467.75330200,0
1769803200000,2742.39000000,2742.87000000,2664.82000000,2707.38000000,114311.56040000,1769817599999,308469157.45743900,1495347,59433.92950000,160367491.71748500,0
1769817600000,2707.37000000,2714.64000000,2684.67000000,2695.86000000,31607.47250000,1769831999999,85404346.94727700,536130,18851.58070000,50938317.18544100,0
1769832000000,2695.86000000,2704.82000000,2668.20000000,2680.06000000,36477.28860000,1769846399999,98155401.02399500,422213,20172.22750000,54295170.48467200,0
1769846400000,2680.06000000,2683.49000000,2609.85000000,2640.72000000,101951.59480000,1769860799999,269280021.69803500,1071114,46709.54940000,123335818.36256200,0
1769860800000,2640.72000000,2644.43000000,2510.01000000,2534.20000000,226209.65770000,1769875199999,580258120.18448600,2005524,105861.57130000,271308937.68430700,0
1769875200000,2534.20000000,2551.26000000,2250.00000000,2382.82000000,562612.38080000,1769889599999,1354276212.01161500,3724592,256044.29720000,616410629.55605500,0
1769889600000,2382.83000000,2473.77000000,2355.24000000,2451.95000000,154239.31880000,1769903999999,371979519.45590400,1545724,72790.97940000,175509806.67963200,0
1769904000000,2451.96000000,2475.98000000,2429.15000000,2445.46000000,92986.23760000,1769918399999,227850150.65650300,1454631,35140.02040000,86137666.35151300,0
1769918400000,2445.46000000,2454.66000000,2393.46000000,2411.22000000,122634.21600000,1769932799999,297538194.70989700,1359010,45706.80530000,110831614.45201000,0
1769932800000,2411.22000000,2438.98000000,2376.10000000,2411.86000000,99830.51420000,1769947199999,240306357.55090000,1427091,38601.60520000,92954415.73025700,0
1769947200000,2411.86000000,2412.47000000,2285.40000000,2315.39000000,215369.13390000,1769961599999,505513118.12837600,2295943,86428.69220000,202968714.17000100,0
1769961600000,2315.47000000,2377.99000000,2284.17000000,2320.35000000,236454.42140000,1769975999999,549195944.09810900,2184459,125294.79790000,291005143.80606300,0
1769976000000,2320.35000000,2349.24000000,2222.00000000,2270.15000000,259299.42350000,1769990399999,592424733.48396000,2317503,124707.72390000,285229867.29490500,0
1769990400000,2270.16000000,2324.17000000,2166.14000000,2239.02000000,298359.91310000,1770004799999,670161939.64536100,2801160,137456.04520000,308935833.88031600,0
1770004800000,2239.01000000,2268.00000000,2157.14000000,2228.93000000,301794.94070000,1770019199999,667014932.36027300,2315005,159853.86100000,353410484.04874500,0
1770019200000,2228.93000000,2319.00000000,2228.93000000,2282.32000000,202430.04470000,1770033599999,460723054.64004900,1608571,102862.94670000,234120709.12668400,0
1770033600000,2282.32000000,2396.62000000,2274.19000000,2372.71000000,260831.01060000,1770047999999,609156293.87322900,2292176,128384.54640000,299835536.04284900,0
1770048000000,2372.71000000,2387.31000000,2327.68000000,2331.54000000,123749.57130000,1770062399999,291795588.17570400,1246648,53720.90300000,126713214.07342100,0
1770062400000,2331.52000000,2355.55000000,2313.33000000,2347.02000000,61369.73100000,1770076799999,143325477.54687400,885596,32138.63970000,75063882.18175300,0
1770076800000,2347.01000000,2359.88000000,2284.48000000,2344.03000000,92480.32960000,1770091199999,215339648.07345000,1343890,42016.62950000,97794439.89671100,0
1770091200000,2343.99000000,2354.99000000,2298.44000000,2323.12000000,142937.59610000,1770105599999,333332933.08582100,939165,84233.00130000,196560848.64494500,0
1770105600000,2323.13000000,2332.57000000,2262.15000000,2276.68000000,125794.65910000,1770119999999,288147610.55954100,1189827,63066.31430000,144468745.98107300,0
1770120000000,2276.68000000,2317.65000000,2251.94000000,2303.20000000,165687.02230000,1770134399999,379397404.39058500,2097911,82279.32390000,188410097.14082200,0
1770134400000,2303.21000000,2303.40000000,2110.00000000,2205.28000000,499560.12020000,1770148799999,1095701889.97553900,3529295,252942.77050000,555317735.49142200,0
1770148800000,2205.27000000,2343.82000000,2188.25000000,2233.72000000,294639.65940000,1770163199999,669710994.03592900,2543682,141880.17620000,322464025.34051100,0
1770163200000,2233.72000000,2295.74000000,2223.88000000,2283.37000000,94160.57300000,1770177599999,213031876.49434600,1257630,45952.42920000,103985622.66229500,0
1770177600000,2283.37000000,2293.99000000,2256.00000000,2283.85000000,78151.76510000,1770191999999,177886592.48964500,753442,36092.32780000,82164250.67692900,0
1770192000000,2283.84000000,2285.90000000,2221.47000000,2254.86000000,132402.81610000,1770206399999,297660469.55141600,1041531,46915.73120000,105604656.06400800,0
1770206400000,2254.86000000,2263.30000000,2136.60000000,2151.83000000,322528.07640000,1770220799999,708056899.00723100,2791058,143341.33230000,313992652.52961800,0
1770220800000,2151.84000000,2194.71000000,2076.68000000,2188.27000000,475231.02280000,1770235199999,1011634169.71922600,3409121,258140.56640000,549631828.01696900,0
1770235200000,2188.26000000,2192.70000000,2088.01000000,2148.26000000,162269.17660000,1770249599999,348337831.07103000,1659758,79453.70830000,170545452.89565800,0
1770249600000,2148.25000000,2173.77000000,2097.94000000,2110.00000000,173253.34990000,1770263999999,369521901.94626100,2130118,89032.69840000,189805891.43474400,0
1770264000000,2110.00000000,2125.26000000,2068.20000000,2091.40000000,232556.15290000,1770278399999,487963936.13557700,2139557,111268.83450000,233544051.09474200,0
1770278400000,2091.50000000,2149.75000000,2061.96000000,2079.98000000,171883.20940000,1770292799999,362013533.80902600,1631215,86671.57440000,182603937.67966200,0
1770292800000,2079.98000000,2106.51000000,1927.33000000,1961.12000000,487545.32960000,1770307199999,984698499.28904600,2700547,244678.07200000,494901741.87670000,0
1770307200000,1961.12000000,2018.33000000,1913.76000000,1928.76000000,377522.14960000,1770321599999,738654819.08668100,2456506,196603.50170000,384734645.49364600,0
1770321600000,1928.78000000,1943.06000000,1818.18000000,1826.83000000,509526.50370000,1770335999999,952321419.51927200,2609644,239710.60140000,448240426.78342900,0
1770336000000,1826.83000000,1947.84000000,1747.80000000,1891.82000000,467955.45570000,1770350399999,868309173.19175000,2931114,233839.73630000,434438561.21164800,0
1770350400000,1891.81000000,1975.75000000,1885.95000000,1899.42000000,267768.45600000,1770364799999,513344316.37617300,1622855,151146.73000000,289742471.96108300,0
1770364800000,1899.41000000,1939.35000000,1866.13000000,1932.68000000,372603.63130000,1770379199999,710116472.31046000,1453851,230717.52960000,439765664.14749900,0
1770379200000,1932.67000000,2002.18000000,1914.88000000,1980.81000000,347876.92940000,1770393599999,681968767.89508800,2425219,197218.63880000,386389236.34510100,0
1770393600000,1980.80000000,2090.13000000,1970.17000000,2065.63000000,408242.29280000,1770407999999,834659949.71820100,2588654,242467.73470000,495755110.76477600,0
1770408000000,2065.63000000,2093.94000000,2039.93000000,2063.38000000,237864.79210000,1770422399999,491049991.52016700,1341038,134402.20690000,277390344.32034500,0
1770422400000,2063.37000000,2086.00000000,2032.60000000,2080.81000000,123773.12190000,1770436799999,254375493.21760100,1038378,65984.64880000,135667528.14919500,0
1770436800000,2080.80000000,2119.46000000,1994.57000000,2027.10000000,180822.74620000,1770451199999,372515413.40960800,1670715,86377.30130000,178058047.62566100,0
1770451200000,2027.10000000,2032.60000000,1999.57000000,2018.77000000,90171.08940000,1770465599999,181814315.23709800,942175,33708.66360000,67960759.28469700,0
1770465600000,2018.77000000,2075.21000000,2009.82000000,2052.54000000,171743.75730000,1770479999999,350764606.02196600,1436385,92065.24980000,188026658.50377100,0
1770480000000,2052.55000000,2121.70000000,2009.54000000,2091.29000000,500380.43240000,1770494399999,1031904298.02872800,2183989,240388.27930000,495812513.74687900,0
1770494400000,2091.29000000,2115.00000000,2073.00000000,2087.08000000,75725.30150000,1770508799999,158757125.19650800,666718,30061.79930000,63030643.46754800,0
1770508800000,2087.08000000,2107.44000000,2076.86000000,2078.77000000,55846.23850000,1770523199999,116621287.76215000,600954,25970.29120000,54251648.59250000,0
1770523200000,2078.78000000,2090.01000000,2064.10000000,2084.41000000,81901.88860000,1770537599999,170177886.74030600,471006,32969.81830000,68518971.85797200,0
1770537600000,2084.41000000,2137.57000000,2078.04000000,2132.35000000,92748.60060000,1770551999999,195618988.19134300,965482,48937.44180000,103233490.90735200,0
1770552000000,2132.36000000,2145.26000000,2097.57000000,2108.64000000,92209.49940000,1770566399999,195886654.25858500,857803,43181.26980000,91733412.83001200,0
1770566400000,2108.63000000,2129.73000000,2072.80000000,2126.77000000,60836.70240000,1770580799999,127851817.78373100,662159,27195.01070000,57164711.25441600,0
1770580800000,2126.79000000,2152.03000000,2071.60000000,2089.74000000,99294.32200000,1770595199999,209212333.12277900,821641,49766.92780000,104907176.55372300,0
1770595200000,2089.73000000,2103.02000000,2055.01000000,2100.25000000,90227.12240000,1770609599999,187800866.71203700,922984,48990.86780000,101992915.90331900,0
1770609600000,2100.25000000,2102.03000000,2064.67000000,2065.74000000,63962.16130000,1770623999999,133281174.58004900,572838,32541.93150000,67829490.82159500,0
1770624000000,2065.74000000,2070.21000000,2013.25000000,2028.23000000,110228.86290000,1770638399999,224749836.78500700,853994,50933.12520000,103798528.13639300,0
1770638400000,2028.26000000,2073.47000000,2008.62000000,2061.61000000,123193.22430000,1770652799999,251136009.38041100,1455543,62866.73890000,128193757.76722900,0
1770652800000,2061.61000000,2143.00000000,2047.78000000,2131.34000000,142688.25350000,1770667199999,301060620.76810600,1668213,73898.35520000,155867417.90535000,0
1770667200000,2131.34000000,2147.73000000,2089.00000000,2105.02000000,95078.93250000,1770681599999,201288299.57966900,858332,46215.51270000,97887860.69238800,0
1770681600000,2105.02000000,2124.71000000,2052.14000000,2064.96000000,63762.62520000,1770695999999,133241696.53743900,719697,29089.44240000,60822561.67210300,0
1770696000000,2064.96000000,2074.35000000,1997.59000000,2007.47000000,195613.55690000,1770710399999,395838795.34253400,985021,102335.18890000,206685206.47818400,0
1770710400000,2007.47000000,2029.98000000,1995.83000000,2003.21000000,114586.79500000,1770724799999,230502797.27073900,622498,44318.63150000,89194309.85905500,0
1770724800000,2003.20000000,2040.01000000,1989.38000000,2022.66000000,106821.10300000,1770739199999,215261465.97239300,1344064,55518.91050000,111923700.50840300,0
1770739200000,2022.67000000,2046.94000000,1996.18000000,2017.95000000,63309.81360000,1770753599999,128049282.22547600,1020831,30547.54630000,61803586.50032800,0
1770753600000,2017.95000000,2022.85000000,1997.00000000,2022.67000000,30227.79710000,1770767999999,60816952.35999100,467283,15180.54540000,30545646.02618700,0
1770768000000,2022.67000000,2032.31000000,1998.00000000,2009.59000000,33194.10970000,1770782399999,67017506.65392600,503881,14323.75400000,28921625.75804300,0
1770782400000,2009.59000000,2011.23000000,1939.21000000,1950.89000000,100528.67860000,1770796799999,197623985.45860800,987404,46255.66060000,90903781.60728500,0
1770796800000,1950.90000000,1956.52000000,1932.02000000,1953.66000000,49832.95220000,1770811199999,96939865.56744700,653812,26814.47310000,52178829.68677900,0
1770811200000,1953.65000000,2015.81000000,1903.19000000,1929.46000000,190798.58930000,1770825599999,372701811.36265400,2097641,93732.92050000,183191649.94713000,0
1770825600000,1929.46000000,1959.80000000,1908.80000000,1952.28000000,103334.79850000,1770839999999,200094645.37359500,1427284,50233.32030000,97292090.48897800,0
1770840000000,1952.27000000,1988.07000000,1932.44000000,1941.18000000,51966.68940000,1770854399999,101722661.68664600,780788,27657.61310000,54162658.26063700,0
1770854400000,1941.19000000,1977.75000000,1941.19000000,1968.69000000,42186.61030000,1770868799999,82813203.10860400,653718,21899.76660000,42989750.45561300,0
1770868800000,1968.70000000,1983.00000000,1953.14000000,1968.07000000,52494.69410000,1770883199999,103413795.05257500,605987,24055.00410000,47386186.28287400,0
1770883200000,1968.07000000,2001.42000000,1957.25000000,1989.02000000,56917.08830000,1770897599999,112712753.05084800,610389,28877.57850000,57225932.93274400,0
1770897600000,1989.02000000,1996.30000000,1945.01000000,1948.47000000,80328.08540000,1770911999999,158712577.67119800,1016348,39022.32910000,77121080.43938800,0
1770912000000,1948.48000000,1950.16000000,1897.24000000,1925.44000000,150050.45110000,1770926399999,287784230.85019400,1768908,72984.40040000,140010488.74852300,0
1770926400000,1925.45000000,1952.61000000,1909.66000000,1947.85000000,45590.21770000,1770940799999,88045008.79860500,607458,25628.42030000,49498698.29037200,0
1770940800000,1947.85000000,1958.21000000,1927.63000000,1953.55000000,37154.79570000,1770955199999,72276869.39272900,541140,16309.69890000,31725883.75012800,0
1770955200000,1953.56000000,1955.80000000,1924.72000000,1935.75000000,43614.14100000,1770969599999,84640046.50472500,461390,19098.25620000,37051480.51683500,0
1770969600000,1935.75000000,1969.26000000,1933.65000000,1960.04000000,62366.42000000,1770983999999,122008067.57455900,591739,32715.07140000,64012993.68815300,0
1770984000000,1960.05000000,2050.58000000,1952.60000000,2034.93000000,155146.57920000,1770998399999,310195021.77402900,1628260,83564.69820000,167052375.56887600,0
1770998400000,2034.92000000,2073.68000000,2031.42000000,2057.75000000,90215.97320000,1771012799999,185605436.95402400,1026760,47825.26110000,98370031.40162600,0
1771012800000,2057.74000000,2059.65000000,2038.69000000,2048.72000000,37151.86070000,1771027199999,76182349.00711400,446282,16130.63340000,33078006.96639100,0
1771027200000,2048.72000000,2057.57000000,2042.37000000,2054.37000000,20999.18910000,1771041599999,43082066.72864100,311973,9847.35460000,20202952.12231700,0
1771041600000,2054.39000000,2060.49000000,2048.50000000,2057.21000000,20369.19550000,1771055999999,41848621.74306100,214844,9718.55850000,19968171.58162000,0
1771056000000,2057.20000000,2107.67000000,2057.04000000,2099.58000000,58856.95620000,1771070399999,122635827.07212000,760286,33131.17670000,69040903.81105700,0
1771070400000,2099.58000000,2100.39000000,2064.58000000,2087.43000000,55179.63590000,1771084799999,114774773.34019900,629806,24247.31940000,50430423.79490600,0
1771084800000,2087.42000000,2090.51000000,2067.27000000,2088.52000000,38770.89250000,1771099199999,80626667.72924100,456470,20860.86140000,43372744.22606700,0
1771099200000,2088.52000000,2098.89000000,2078.63000000,2086.59000000,26501.36630000,1771113599999,55351273.88109400,346892,12260.27140000,25612621.74665100,0
1771113600000,2086.59000000,2090.50000000,2030.90000000,2058.94000000,241490.38740000,1771127999999,494661116.53837000,1025765,73708.75580000,151162698.00054000,0
1771128000000,2058.94000000,2103.32000000,2058.94000000,2091.41000000,80534.69260000,1771142399999,167935854.59509500,817986,37066.18800000,77259788.21515300,0
1771142400000,2091.41000000,2096.82000000,2054.36000000,2061.96000000,52092.57460000,1771156799999,107924289.96219600,587947,24237.90270000,50201397.82181500,0
1771156800000,2061.96000000,2068.63000000,1993.30000000,2011.29000000,115706.51940000,1771171199999,233267435.47117600,1157354,54576.95090000,110001276.80744600,0
1771171200000,2011.29000000,2011.30000000,1928.88000000,1942.23000000,289683.71130000,1771185599999,568752281.33173000,1607912,103597.96280000,203154819.35167700,0
1771185600000,1942.22000000,1974.51000000,1933.77000000,1966.58000000,55270.20990000,1771199999999,108113530.98191100,667347,30315.46960000,59313472.70910500,0
1771200000000,1966.59000000,1981.20000000,1948.76000000,1958.78000000,47402.36150000,1771214399999,93117944.25311600,633565,25592.38830000,50279298.86348600,0
1771214400000,1958.78000000,1978.64000000,1952.91000000,1971.13000000,38495.48140000,1771228799999,75686595.23064600,392641,18299.27010000,35986188.21199900,0
1771228800000,1971.14000000,1993.35000000,1957.12000000,1976.15000000,51619.90070000,1771243199999,102125438.75180300,560147,25339.54200000,50151114.99055600,0
1771243200000,1976.16000000,2023.51000000,1937.24000000,1956.65000000,110856.72050000,1771257599999,219170753.58012800,1573431,55466.19260000,109713869.92307100,0
1771257600000,1956.65000000,1988.40000000,1956.31000000,1974.04000000,57117.50970000,1771271999999,112731209.94930900,757916,28338.86660000,55934165.32602900,0
1771272000000,1974.04000000,2004.02000000,1971.10000000,1998.33000000,45855.96950000,1771286399999,91284419.17526700,558326,25122.52620000,50005980.98668600,0
1771286400000,1998.34000000,2008.58000000,1979.70000000,1985.70000000,39980.29220000,1771300799999,79840609.28861900,562676,16323.40460000,32609732.17131000,0
1771300800000,1985.69000000,1998.48000000,1964.72000000,1985.91000000,44990.18130000,1771315199999,89107988.65748600,531420,19511.70550000,38658130.30786800,0
1771315200000,1985.91000000,1990.88000000,1961.71000000,1968.47000000,47256.36610000,1771329599999,93279219.39663900,657792,22456.88370000,44331730.50784800,0
1771329600000,1968.47000000,2002.70000000,1941.66000000,1968.58000000,117605.26830000,1771343999999,231451528.29201500,1938442,60678.27980000,119369969.67835100,0
1771344000000,1968.59000000,2015.33000000,1954.03000000,1998.14000000,117627.21870000,1771358399999,233881356.84748100,2037979,60943.51280000,121201094.25186400,0
1771358400000,1998.15000000,2004.00000000,1987.57000000,1991.66000000,38787.61610000,1771372799999,77400596.22753700,692532,17033.91670000,33991947.45016700,0
1771372800000,1991.67000000,2000.56000000,1968.68000000,1997.07000000,48694.66310000,1771387199999,96674958.05158800,672514,19855.79730000,39420034.87876600,0
1771387200000,1997.08000000,2023.52000000,1993.35000000,2018.07000000,37645.52040000,1771401599999,75452676.83955300,522814,20142.65550000,40386054.76656500,0
1771401600000,2018.06000000,2039.05000000,1976.57000000,1981.43000000,60451.96390000,1771415999999,121354674.24551000,792048,27409.64310000,55038563.68477600,0
1771416000000,1981.44000000,2010.30000000,1954.30000000,1985.48000000,108443.00650000,1771430399999,214572465.15438900,1392697,54486.33420000,107834327.03745900,0
1771430400000,1985.48000000,1987.89000000,1923.78000000,1941.03000000,95520.99710000,1771444799999,187017754.38714800,1254332,45282.66860000,88650424.77273600,0
1771444800000,1941.04000000,1956.79000000,1935.82000000,1955.91000000,42882.85760000,1771459199999,83419101.92138000,542132,24346.51320000,47358183.63954100,0
1771459200000,1955.90000000,1974.73000000,1950.50000000,1972.33000000,26076.37310000,1771473599999,51239000.24853900,432597,14055.47550000,27617241.38291900,0
1771473600000,1972.32000000,1987.55000000,1964.20000000,1981.76000000,34121.89460000,1771487999999,67428810.36884700,402698,14010.91650000,27695935.78587100,0
1771488000000,1981.76000000,1982.54000000,1948.16000000,1949.58000000,43208.62600000,1771502399999,84911356.38547600,386860,16572.43680000,32580201.77375000,0
1771502400000,1949.59000000,1956.18000000,1911.49000000,1926.30000000,102895.48610000,1771516799999,198572512.15367500,1379261,49876.03350000,96253329.13304400,0
1771516800000,1926.29000000,1947.52000000,1907.00000000,1941.34000000,63444.20110000,1771531199999,122351897.30498200,852294,33102.97570000,63848969.36504100,0
1771531200000,1941.33000000,1952.57000000,1934.79000000,1949.08000000,30510.49240000,1771545599999,59366199.48622300,339898,14412.47420000,28041298.29681200,0
1771545600000,1949.08000000,1964.54000000,1947.41000000,1954.85000000,28686.37280000,1771559999999,56104521.62815700,398586,13494.78710000,26395644.85382300,0
1771560000000,1954.85000000,1968.55000000,1931.01000000,1960.97000000,55966.12250000,1771574399999,109272985.33811400,486462,26212.84060000,51208640.97173200,0
1771574400000,1960.93000000,1973.86000000,1940.58000000,1943.98000000,58746.40140000,1771588799999,115187507.94751400,428662,23611.44510000,46286010.65672400,0
1771588800000,1943.99000000,1980.49000000,1922.97000000,1963.95000000,121943.27510000,1771603199999,237806733.24375300,1251364,59901.97970000,116775015.80006300,0
1771603200000,1963.96000000,1981.18000000,1939.21000000,1963.69000000,94955.21260000,1771617599999,186486433.22450200,1063467,50003.32570000,98212746.21080200,0
1771617600000,1963.69000000,1975.27000000,1961.60000000,1968.88000000,25956.17130000,1771631999999,51110751.09148600,319720,13199.84750000,25989713.62956000,0
1771632000000,1968.88000000,1970.70000000,1955.62000000,1959.03000000,16581.19730000,1771646399999,32565470.21781200,199931,7650.35250000,15026995.44875700,0
1771646400000,1959.03000000,1966.09000000,1956.21000000,1962.71000000,14321.58320000,1771660799999,28097555.55196700,143056,8241.06150000,16166837.80423700,0
1771660800000,1962.70000000,1988.60000000,1962.00000000,1977.02000000,40811.74560000,1771675199999,80603220.41068100,240601,19775.69150000,39049045.26211400,0
1771675200000,1977.02000000,1995.56000000,1969.49000000,1988.13000000,48823.03300000,1771689599999,96910887.02459300,324039,24606.36750000,48847291.31296100,0
1771689600000,1988.13000000,1995.31000000,1976.41000000,1988.35000000,33339.75900000,1771703999999,66261957.63990800,240770,19881.65230000,39525595.20052200,0
1771704000000,1988.34000000,1990.41000000,1970.00000000,1973.35000000,25296.52750000,1771718399999,50050263.80327400,213833,11380.78540000,22518444.79236200,0
1771718400000,1973.35000000,1982.99000000,1967.40000000,1974.71000000,20908.13310000,1771732799999,41274935.10485700,214412,11111.59890000,21940326.02583700,0
1771732800000,1974.71000000,1979.54000000,1970.20000000,1975.88000000,16211.40130000,1771747199999,32017490.13583500,131154,8702.77120000,17186512.26340800,0
1771747200000,1975.87000000,1983.13000000,1970.58000000,1980.78000000,17778.81130000,1771761599999,35156254.21384800,208977,8494.81860000,16799437.60124700,0
1771761600000,1980.79000000,1981.60000000,1943.53000000,1953.98000000,50424.89780000,1771775999999,98675643.72405700,634036,22981.25670000,44978672.38513000,0
1771776000000,1953.99000000,1955.56000000,1935.00000000,1943.74000000,29014.49090000,1771790399999,56437530.56113100,318475,13586.41810000,26432590.56196600,0
1771790400000,1943.73000000,1960.95000000,1939.81000000,1957.82000000,20987.91380000,1771804799999,40955696.55884400,343019,12363.24890000,24126536.10745100,0
1771804800000,1957.82000000,1958.33000000,1847.46000000,1862.87000000,167470.89130000,1771819199999,315549813.55108600,1778892,83237.76010000,156993359.72264700,0
1771819200000,1862.88000000,1888.71000000,1853.34000000,1885.50000000,66206.07590000,1771833599999,123995387.84918500,555621,37535.92330000,70347397.08397500,0
1771833600000,1885.50000000,1928.19000000,1877.23000000,1915.30000000,69463.56120000,1771847999999,132491350.56545900,695556,33427.47100000,63680355.12240800,0
1771848000000,1915.29000000,1935.52000000,1892.68000000,1895.65000000,88300.10080000,1771862399999,168951893.42600100,1363415,38877.32540000,74393797.02195800,0
1771862400000,1895.65000000,1900.18000000,1837.13000000,1857.19000000,118579.90540000,1771876799999,221430058.29005600,1662852,53563.11500000,100035094.83207900,0
1771876800000,1857.19000000,1870.00000000,1846.80000000,1856.30000000,37338.95230000,1771891199999,69441200.36396600,628417,19857.19030000,36928477.62887200,0
1771891200000,1856.30000000,1869.58000000,1811.81000000,1832.03000000,79888.06940000,1771905599999,147083612.28453100,1238886,39138.01450000,72073597.91425800,0
1771905600000,1832.03000000,1840.79000000,1813.77000000,1825.70000000,73536.26700000,1771919999999,134252071.68507200,1035302,36642.78390000,66909785.70025800,0
1771920000000,1825.70000000,1836.18000000,1815.22000000,1826.75000000,63530.82440000,1771934399999,115954463.56123500,745956,25039.02870000,45701215.86457800,0
1771934400000,1826.75000000,1850.29000000,1800.00000000,1847.59000000,111212.74970000,1771948799999,203102519.52892000,1784136,50327.48560000,91941023.60101500,0
1771948800000,1847.59000000,1865.38000000,1838.36000000,1852.46000000,74379.34420000,1771963199999,137995160.50090600,1217624,35952.15350000,66706611.66773000,0
1771963200000,1852.47000000,1864.11000000,1845.41000000,1851.94000000,35516.77370000,1771977599999,65892866.26855200,585455,18750.94390000,34790020.68189000,0
1771977600000,1851.95000000,1944.86000000,1846.74000000,1906.14000000,105259.28720000,1771991999999,200952646.40235100,1438910,55220.33210000,105405978.79960600,0
1771992000000,1906.14000000,1914.35000000,1878.02000000,1893.31000000,54762.95920000,1772006399999,103818696.77958000,773774,26038.04340000,49386004.38422800,0
1772006400000,1893.32000000,1928.45000000,1890.27000000,1926.48000000,49526.34860000,1772020799999,94713021.76883800,694343,25188.95640000,48155113.98480500,0
1772020800000,1926.48000000,2028.70000000,1922.28000000,2013.73000000,159045.48480000,1772035199999,314842261.49284900,2192419,82606.19580000,163439515.59503400,0
1772035200000,2013.69000000,2086.17000000,2013.36000000,2071.10000000,145026.76040000,1772049599999,298316780.04598600,2026272,69185.00370000,142282160.66468000,0
1772049600000,2071.10000000,2148.39000000,2034.39000000,2057.48000000,169358.59760000,1772063999999,353712926.66206800,1899028,84992.01760000,177487959.39549500,0
1772064000000,2057.48000000,2076.60000000,2039.37000000,2054.55000000,59037.31290000,1772078399999,121472295.01817900,1221677,29703.17930000,61134531.16904900,0
1772078400000,2054.55000000,2082.81000000,2051.55000000,2053.37000000,61288.61100000,1772092799999,126629852.61116700,941979,32297.54500000,66762759.45060300,0
1772092800000,2053.36000000,2083.33000000,2044.36000000,2057.66000000,57504.25920000,1772107199999,118564362.37233400,888192,28752.95150000,59302026.97815600,0
1772107200000,2057.65000000,2077.81000000,2011.56000000,2033.34000000,111408.82670000,1772121599999,227847209.70406200,1788522,56982.51770000,116649542.09994500,0
1772121600000,2033.34000000,2037.78000000,1975.35000000,2030.14000000,119622.75690000,1772135999999,239734423.36740900,1772328,61929.95290000,124126032.75695100,0
1772136000000,2030.13000000,2042.75000000,2018.33000000,2027.68000000,30921.58990000,1772150399999,62814210.16903800,529618,15115.76350000,30716851.52762300,0
1772150400000,2027.68000000,2049.48000000,2000.02000000,2045.39000000,54459.60790000,1772164799999,110008057.69368200,758456,28032.47840000,56658694.36508700,0
1772164800000,2045.39000000,2063.52000000,2022.16000000,2032.69000000,63087.88230000,1772179199999,128734533.39679500,591331,27828.83550000,56839783.39754300,0
1772179200000,2032.69000000,2045.93000000,1953.37000000,1962.08000000,92541.28530000,1772193599999,184727505.73217600,741928,42269.41210000,84282628.25302000,0
1772193600000,1962.08000000,1969.00000000,1938.82000000,1948.59000000,105123.54970000,1772207999999,205356778.48175800,1309667,56866.81070000,111101288.77158300,0
1772208000000,1948.59000000,1948.86000000,1907.48000000,1921.10000000,64022.95820000,1772222399999,123331417.46603800,1181232,34380.00590000,66224548.33783700,0
1772222400000,1921.11000000,1933.64000000,1887.00000000,1929.84000000,49451.95060000,1772236799999,94761429.11399500,630544,24910.08380000,47773933.37511600,0
1772236800000,1929.84000000,1937.17000000,1919.80000000,1924.49000000,21099.55530000,1772251199999,40700963.88885900,330609,11135.66600000,21486955.93663700,0
1772251200000,1924.49000000,1931.62000000,1835.36000000,1866.73000000,135260.60760000,1772265599999,253530178.99211200,1604112,63673.66510000,119226559.94281400,0
1772265600000,1866.73000000,1881.00000000,1845.05000000,1863.31000000,66347.78400000,1772279999999,123439958.02701100,873459,33302.85660000,61979576.60879800,0
1772280000000,1863.32000000,1915.95000000,1862.47000000,1898.88000000,91811.98350000,1772294399999,173703453.12131900,1184491,47991.52770000,90797078.50709500,0
1772294400000,1898.87000000,1955.04000000,1886.02000000,1947.02000000,73171.57700000,1772308799999,140548399.36364800,1087425,35812.66210000,68812551.26902800,0
1772308800000,1947.03000000,1984.99000000,1938.76000000,1964.51000000,73989.47610000,1772323199999,145205329.84076300,1105946,38062.04630000,74750800.81868000,0
1772323200000,1964.51000000,2054.80000000,1943.58000000,2023.29000000,128780.56670000,1772337599999,259578034.03834300,1565408,64013.89670000,128843108.50068200,0
1772337600000,2023.29000000,2030.30000000,1989.00000000,2007.24000000,69926.20210000,1772351999999,140266712.75987000,680986,31872.25060000,63930299.36843500,0
1772352000000,2007.23000000,2010.18000000,1972.24000000,1983.32000000,51208.57370000,1772366399999,101777046.10296400,676222,23180.71870000,46067377.34501500,0
1772366400000,1983.32000000,2028.00000000,1968.60000000,1993.38000000,80414.57350000,1772380799999,160998978.37844600,1161552,40318.13780000,80762530.17311500,0
1772380800000,1993.38000000,2009.38000000,1946.55000000,1953.90000000,99987.14540000,1772395199999,197485050.46382800,1234298,48899.46200000,96592319.60292200,0
1772395200000,1953.89000000,1971.01000000,1907.41000000,1939.71000000,98879.78500000,1772409599999,190925002.04599400,1297832,46263.18180000,89336266.72848600,0
1772409600000,1939.71000000,1989.23000000,1937.42000000,1972.30000000,69056.63290000,1772423999999,135514384.95315800,1256036,35522.49560000,69726506.21295200,0
1772424000000,1972.30000000,1983.60000000,1925.53000000,1941.66000000,58667.37870000,1772438399999,114642042.55820700,869803,25973.65440000,50750637.60410800,0
1772438400000,1941.65000000,1967.13000000,1920.00000000,1947.81000000,61905.28160000,1772452799999,120492211.74434000,1048231,30081.10230000,58557856.03000200,0
1772452800000,1947.80000000,2065.48000000,1921.70000000,2047.33000000,181807.12150000,1772467199999,362352209.86097200,2770363,102221.58880000,204042164.99193900,0
1772467200000,2047.33000000,2090.00000000,2017.15000000,2043.57000000,122416.91260000,1772481599999,251119614.64215800,2192641,59289.90570000,121642700.19339500,0
1772481600000,2043.56000000,2058.59000000,2024.32000000,2027.35000000,83553.04760000,1772495999999,170307090.73505800,1206711,46110.50260000,93938869.93885900,0
1772496000000,2027.34000000,2041.48000000,1998.00000000,2008.88000000,72387.96760000,1772510399999,146407709.11381500,1211319,36307.21830000,73508253.39441200,0
1772510400000,2008.88000000,2019.40000000,1987.50000000,1996.33000000,54747.81340000,1772524799999,109434106.77194000,925505,28056.70880000,56081525.97115600,0
1772524800000,1996.32000000,2000.53000000,1939.10000000,1961.28000000,94656.13810000,1772539199999,185638242.73057700,1183174,46385.06140000,90966582.83734400,0
1772539200000,1961.28000000,1990.07000000,1929.56000000,1969.22000000,138896.99130000,1772553599999,271667983.61180400,2349375,71551.73390000,139970041.09197600,0
1772553600000,1969.21000000,2014.12000000,1958.76000000,1986.02000000,112467.89330000,1772567999999,223135403.04878300,1957431,54607.52680000,108367085.29183900,0
1772568000000,1986.03000000,2001.63000000,1959.35000000,1982.80000000,36173.04970000,1772582399999,71639901.82977500,684551,17343.08170000,34357546.31599500,0
1772582400000,1982.81000000,1998.66000000,1945.08000000,1960.90000000,62339.72850000,1772596799999,122882907.06532200,1148999,26263.98730000,51783776.17323000,0
1772596800000,1960.89000000,2010.00000000,1950.65000000,2006.55000000,52487.58590000,1772611199999,103743049.74432400,927698,28068.19430000,55503590.32322500,0
1772611200000,2006.55000000,2092.90000000,2000.47000000,2054.97000000,187331.07230000,1772625599999,385835400.74024900,2002114,91723.60390000,188801729.10402200,0
1772625600000,2054.97000000,2157.67000000,2036.37000000,2150.23000000,202994.58080000,1772639999999,424800537.00331100,2502408,111709.85330000,233712204.88176400,0
1772640000000,2150.23000000,2199.00000000,2129.13000000,2177.51000000,171810.71140000,1772654399999,370403557.00245900,2009920,86893.38480000,187374621.53439800,0
1772654400000,2177.51000000,2179.66000000,2116.67000000,2127.28000000,60681.13630000,1772668799999,130325602.44839100,936184,23512.83230000,50537702.09913300,0
1772668800000,2127.28000000,2141.93000000,2107.50000000,2120.15000000,54056.40320000,1772683199999,114800645.71850400,920091,22385.31190000,47542861.86716000,0
1772683200000,2120.15000000,2144.20000000,2095.71000000,2104.96000000,54039.21260000,1772697599999,114631178.45942900,774595,25680.45870000,54510789.58004300,0
1772697600000,2104.96000000,2163.66000000,2093.63000000,2137.92000000,70522.73530000,1772711999999,150259156.14186800,1177899,37972.15590000,80918364.99277500,0
1772712000000,2137.92000000,2142.95000000,2067.54000000,2086.96000000,124518.75750000,1772726399999,261920881.84694700,2003065,56505.52880000,118984164.24230300,0
1772726400000,2086.95000000,2093.70000000,2054.75000000,2074.36000000,89377.08070000,1772740799999,185328499.79423700,1349986,43151.80930000,89480819.73499500,0
1772740800000,2074.37000000,2099.36000000,2069.72000000,2072.86000000,39643.62330000,1772755199999,82638491.02793800,527929,19758.23120000,41205647.93025100,0
1772755200000,2072.86000000,2093.33000000,2061.79000000,2083.80000000,39076.41670000,1772769599999,81261675.21692800,760634,18227.00290000,37912242.28344200,0
1772769600000,2083.81000000,2087.66000000,2058.84000000,2082.83000000,45370.55240000,1772783999999,94076801.42778600,582711,22321.88410000,46294215.14800600,0
1772784000000,2082.83000000,2082.83000000,2045.79000000,2051.03000000,50661.10230000,1772798399999,104470945.18528200,615638,23227.74570000,47907675.43556100,0
1772798400000,2051.03000000,2062.12000000,1966.24000000,1978.01000000,172028.74260000,1772812799999,345781170.70921300,2048928,79376.55850000,159485105.34056900,0
1772812800000,1978.00000000,1993.30000000,1955.95000000,1983.75000000,75044.61730000,1772827199999,148080921.45967000,1147614,41092.69150000,81103265.06505800,0
1772827200000,1983.75000000,1989.91000000,1969.26000000,1978.68000000,29416.32560000,1772841599999,58245554.63249400,445899,13358.06080000,26452583.79858200,0
1772841600000,1978.68000000,1996.04000000,1971.79000000,1980.21000000,27984.32920000,1772855999999,55455327.15521200,288120,14902.96420000,29534005.09555800,0
1772856000000,1980.22000000,1984.19000000,1964.34000000,1982.94000000,40763.17630000,1772870399999,80486314.47436900,333095,18884.81860000,37272487.01297900,0
1772870400000,1982.94000000,1994.98000000,1975.38000000,1988.91000000,29519.29210000,1772884799999,58606539.54517900,290395,15251.80560000,30286968.74666800,0
1772884800000,1988.92000000,1990.95000000,1970.47000000,1981.04000000,29451.19760000,1772899199999,58372410.83920400,395021,13848.32900000,27453797.38944200,0
1772899200000,1981.03000000,1983.47000000,1948.09000000,1955.20000000,34963.65390000,1772913599999,68758134.20355500,407598,14944.51990000,29412020.52522200,0
1772913600000,1955.20000000,1974.27000000,1954.89000000,1969.59000000,21778.17090000,1772927999999,42850508.57020100,315314,11437.95590000,22507781.73324500,0
1772928000000,1969.60000000,1977.35000000,1935.73000000,1947.67000000,52276.87430000,1772942399999,102068212.22527900,439299,21790.54830000,42600846.90081500,0
1772942400000,1947.67000000,1960.41000000,1930.00000000,1955.23000000,53344.17150000,1772956799999,103776368.19683400,399641,21284.96940000,41434842.35398700,0
1772956800000,1955.22000000,1979.80000000,1944.85000000,1951.38000000,70951.64930000,1772971199999,139454229.66128300,435873,49746.68980000,97834000.73156500,0
1772971200000,1951.39000000,1954.67000000,1925.06000000,1943.32000000,83662.24060000,1772985599999,162180246.77510800,1017323,32851.26250000,63721555.15914100,0
1772985600000,1943.32000000,1970.58000000,1928.08000000,1964.91000000,48151.69320000,1772999999999,93686922.28170300,631218,25889.19990000,50454175.92525100,0
1773000000000,1964.91000000,1971.95000000,1916.14000000,1937.10000000,82803.10280000,1773014399999,160269542.10417500,1121231,39167.22930000,75860154.89154700,0
1773014400000,1937.11000000,2006.01000000,1929.65000000,1977.48000000,104584.24940000,1773028799999,206262205.50979600,1385371,53947.15260000,106338937.83051600,0
1773028800000,1977.48000000,2014.26000000,1963.45000000,1983.90000000,83648.80270000,1773043199999,166663003.90882100,987486,37740.94400000,75172750.56624600,0
1773043200000,1983.91000000,2022.00000000,1978.92000000,1992.20000000,68130.81020000,1773057599999,136154820.67565800,906642,36762.18810000,73497612.07404300,0
1773057600000,1992.20000000,2032.84000000,1992.20000000,2022.63000000,115494.54610000,1773071999999,233043310.34253900,1414385,59174.45910000,119398354.38795400,0
1773072000000,2022.64000000,2053.52000000,2005.76000000,2033.91000000,81118.95110000,1773086399999,164328017.55381400,1048222,40369.37380000,81817148.11414000,0
1773086400000,2033.91000000,2037.30000000,1989.12000000,1992.98000000,97848.12880000,1773100799999,196431994.29242100,618475,54883.17240000,110129173.48006400,0
1773100800000,1992.97000000,2054.19000000,1991.00000000,2026.80000000,83033.80260000,1773115199999,168100823.47380300,875564,49442.20360000,100028659.84552800,0
1773115200000,2026.80000000,2059.69000000,2026.36000000,2051.00000000,60378.28510000,1773129599999,123433809.97306500,601839,34923.41570000,71384910.11120300,0
1773129600000,2051.00000000,2074.00000000,2051.00000000,2061.69000000,60450.06460000,1773143999999,124693815.71744900,710721,30927.59210000,63799599.68704000,0
1773144000000,2061.70000000,2085.73000000,2008.65000000,2079.35000000,139969.20040000,1773158399999,286957669.76240400,1396918,68226.20300000,139928496.23813900,0
1773158400000,2079.34000000,2088.19000000,2027.16000000,2037.02000000,85631.60700000,1773172799999,176311608.69725100,1218345,41701.96610000,85902456.04801700,0
1773172800000,2037.02000000,2048.31000000,2018.00000000,2036.51000000,33948.91420000,1773187199999,69011529.40218700,423611,14792.33680000,30082254.75102600,0
1773187200000,2036.50000000,2041.71000000,2018.13000000,2021.17000000,36763.35010000,1773201599999,74616942.92399600,428960,13716.35360000,27852163.33319400,0
1773201600000,2021.17000000,2041.49000000,2007.17000000,2012.54000000,35827.92290000,1773215999999,72454045.54110500,418266,15099.45620000,30557120.00181900,0
1773216000000,2012.54000000,2033.96000000,2009.48000000,2017.80000000,36247.09840000,1773230399999,73252849.53443800,544142,15730.12610000,31797498.10623400,0
1773230400000,2017.80000000,2082.66000000,2012.81000000,2049.73000000,132152.86250000,1773244799999,271059934.51992200,1727200,69539.35220000,142676008.73179800,0
1773244800000,2049.75000000,2085.58000000,2046.46000000,2076.06000000,76213.74440000,1773259199999,157773619.09628300,1123299,43022.70440000,89058139.50608700,0
1773259200000,2076.05000000,2084.53000000,2045.20000000,2051.97000000,32856.27770000,1773273599999,67875565.59027300,488419,15338.74010000,31699558.22393300,0
1773273600000,2051.97000000,2058.16000000,2017.59000000,2023.38000000,44363.53440000,1773287999999,90354207.14106400,567541,20485.52080000,41729684.27189600,0
1773288000000,2023.39000000,2042.26000000,2019.33000000,2040.70000000,36224.65700000,1773302399999,73539634.15519400,382714,20415.45350000,41464541.23218700,0
1773302400000,2040.69000000,2076.65000000,2038.42000000,2062.83000000,56474.72060000,1773316799999,116219273.84137900,617407,27278.02520000,56148185.44618400,0
1773316800000,2062.83000000,2095.00000000,2037.79000000,2072.33000000,112015.80500000,1773331199999,231385465.90123200,1621113,61399.77140000,126855390.27540300,0
1773331200000,2072.33000000,2078.09000000,2045.42000000,2069.59000000,63567.83530000,1773345599999,131074660.85565400,983488,32258.95400000,66489943.97774700,0
1773345600000,2069.60000000,2093.45000000,2054.99000000,2073.52000000,87861.26090000,1773359999999,181885010.23215500,585512,34857.10850000,72165082.83740700,0
1773360000000,2073.51000000,2148.80000000,2070.12000000,2118.85000000,126779.33880000,1773374399999,268822044.62539200,1212243,60051.05750000,127276877.75742200,0
1773374400000,2118.86000000,2120.06000000,2090.00000000,2099.38000000,45196.26170000,1773388799999,94986259.49171100,494435,21301.56990000,44759625.38391200,0
1773388800000,2099.38000000,2133.30000000,2091.45000000,2121.02000000,66817.47370000,1773403199999,141309346.67808900,777893,33950.70280000,71785490.74408700,0
1773403200000,2121.02000000,2209.03000000,2120.52000000,2128.01000000,234537.66850000,1773417599999,508108528.64045700,2045887,125202.14680000,271191358.17097200,0
1773417600000,2128.01000000,2143.33000000,2090.28000000,2102.48000000,84455.49420000,1773431999999,178480710.42384700,1141369,39958.18880000,84460713.03623800,0
1773432000000,2102.48000000,2116.66000000,2078.50000000,2092.22000000,41870.80300000,1773446399999,87696290.63409000,466662,19897.54930000,41670392.92989700,0
1773446400000,2092.21000000,2103.42000000,2081.39000000,2101.16000000,31321.78370000,1773460799999,65531005.01170200,346003,17646.72410000,36925332.75033000,0
1773460800000,2101.15000000,2106.09000000,2068.28000000,2077.46000000,38191.84210000,1773475199999,79691588.69329700,365282,14637.84800000,30544980.40522700,0
1773475200000,2077.46000000,2081.64000000,2061.60000000,2073.67000000,26861.54630000,1773489599999,55633967.37955500,270467,12461.85130000,25812670.20638800,0
1773489600000,2073.67000000,2080.65000000,2069.80000000,2074.72000000,22427.71150000,1773503999999,46541930.38016400,240791,12013.02300000,24930980.83458600,0
1773504000000,2074.72000000,2079.47000000,2069.19000000,2077.49000000,10772.07770000,1773518399999,22356889.03298100,145527,4845.96590000,10057884.04514300,0
1773518400000,2077.50000000,2099.69000000,2076.20000000,2096.16000000,22925.62090000,1773532799999,47893203.34234300,216388,11803.94870000,24658214.28311300,0
1773532800000,2096.16000000,2107.91000000,2083.35000000,2096.15000000,28619.31640000,1773547199999,59975681.87585000,329471,15860.34790000,33242618.10279800,0
1773547200000,2096.15000000,2115.95000000,2096.13000000,2105.64000000,22147.28710000,1773561599999,46672740.40287300,269950,10628.89020000,22403907.64027300,0
1773561600000,2105.64000000,2123.44000000,2105.64000000,2119.63000000,21019.70680000,1773575999999,44501332.87454900,238048,12208.89010000,25850658.64771100,0
1773576000000,2119.63000000,2119.83000000,2086.34000000,2093.79000000,45875.41830000,1773590399999,96174221.63003600,382588,19979.62090000,41870649.26522200,0
1773590400000,2093.79000000,2117.86000000,2088.84000000,2113.49000000,31467.59410000,1773604799999,66224549.35490000,397316,16479.83340000,34676099.46928300,0
1773604800000,2113.49000000,2202.87000000,2110.00000000,2178.30000000,131696.61500000,1773619199999,285262715.16276000,1384357,70984.79210000,153716607.00872000,0
1773619200000,2178.29000000,2253.48000000,2164.73000000,2235.67000000,133968.09910000,1773633599999,296266200.83254000,1206260,70747.30610000,156271529.98412400,0
1773633600000,2235.67000000,2288.63000000,2235.67000000,2248.95000000,186961.79770000,1773647999999,422820355.64729400,1148606,96153.20480000,217456978.18794800,0
1773648000000,2248.95000000,2280.00000000,2234.92000000,2269.94000000,89322.69480000,1773662399999,201862268.63922500,775540,48515.63270000,109716629.79450500,0
1773662400000,2269.94000000,2308.54000000,2255.04000000,2273.88000000,178036.62190000,1773676799999,406976839.61902500,1861435,93993.72540000,214930188.74423000,0
1773676800000,2273.88000000,2348.06000000,2270.00000000,2330.92000000,127675.31260000,1773691199999,295957836.62404600,1319043,68793.17940000,159393541.29826500,0
1773691200000,2330.92000000,2386.02000000,2323.68000000,2352.97000000,129928.24950000,1773705599999,306153653.11863900,1098427,67616.34760000,159334726.86048700,0
1773705600000,2352.97000000,2376.66000000,2308.03000000,2320.00000000,159041.61950000,1773719999999,374112299.55624400,1449118,81678.80240000,192301606.95458400,0
1773720000000,2320.01000000,2337.86000000,2294.15000000,2327.70000000,86783.27650000,1773734399999,200813210.98712400,763581,42138.64700000,97493076.28810800,0
1773734400000,2327.71000000,2335.35000000,2304.00000000,2326.82000000,59820.31030000,1773748799999,138803427.78758300,734745,28499.98090000,66157016.33064200,0
1773748800000,2326.81000000,2357.73000000,2304.27000000,2315.98000000,105064.05960000,1773763199999,244697393.84951700,1472118,50538.77900000,117765622.26838500,0
1773763200000,2315.98000000,2342.70000000,2312.44000000,2320.22000000,50434.42640000,1773777599999,117536308.11969500,782903,22928.93770000,53442626.64291100,0
1773777600000,2320.22000000,2344.69000000,2316.78000000,2317.39000000,32687.40930000,1773791999999,76131367.36827400,394171,14351.35950000,33429735.26752800,0
1773792000000,2317.38000000,2350.00000000,2307.00000000,2340.61000000,39754.86850000,1773806399999,92611158.05051200,525080,20430.11390000,47606753.56925300,0
1773806400000,2340.61000000,2342.00000000,2311.53000000,2317.74000000,32757.98540000,1773820799999,76151214.19917900,366796,13593.81660000,31596007.31583200,0
1773820800000,2317.73000000,2333.62000000,2263.43000000,2269.34000000,70784.14330000,1773835199999,162729954.56144100,762820,31528.91130000,72434897.80904300,0
1773835200000,2269.33000000,2270.50000000,2168.97000000,2187.66000000,170394.11980000,1773849599999,377758114.56799700,1948341,79174.83500000,175566531.78459400,0
1773849600000,2187.67000000,2220.00000000,2166.87000000,2185.85000000,99070.47100000,1773863999999,217212826.95623300,1327834,47254.67150000,103688766.49940600,0
1773864000000,2185.85000000,2206.88000000,2153.21000000,2203.39000000,75279.30070000,1773878399999,164559636.76789200,754066,40382.24230000,88321921.02393000,0
1773878400000,2203.39000000,2233.72000000,2187.24000000,2212.29000000,52579.62660000,1773892799999,116020711.24756100,674609,25521.14480000,56335753.47921600,0
1773892800000,2212.29000000,2213.11000000,2143.14000000,2166.68000000,79211.28670000,1773907199999,172233669.79703100,952951,35620.24810000,77448414.22473400,0
1773907200000,2166.68000000,2192.07000000,2158.09000000,2166.92000000,65786.04550000,1773921599999,143056658.12287900,804469,31737.74000000,68983859.83955000,0
1773921600000,2166.92000000,2167.48000000,2099.38000000,2118.81000000,165314.32150000,1773935999999,351437575.46059100,1976852,70462.99080000,149839695.38934500,0
1773936000000,2118.81000000,2156.92000000,2104.87000000,2141.19000000,86393.29930000,1773950399999,183669068.41110700,1181258,50055.92760000,106426024.09340400,0
1773950400000,2141.18000000,2155.62000000,2130.57000000,2137.81000000,41507.09940000,1773964799999,88989378.61855200,552021,22085.12750000,47349517.11821200,0
1773964800000,2137.82000000,2160.78000000,2132.69000000,2151.38000000,44494.76030000,1773979199999,95582855.13263600,621009,25150.38220000,54041179.03015200,0
1773979200000,2151.38000000,2159.24000000,2121.25000000,2150.54000000,43279.94950000,1773993599999,92708311.61637200,574468,23004.66090000,49278199.24336500,0
1773993600000,2150.53000000,2176.84000000,2131.56000000,2141.50000000,61690.40490000,1774007999999,132808271.12697800,842145,32509.97400000,70031113.83361300,0
1774008000000,2141.49000000,2152.74000000,2116.88000000,2134.01000000,68483.29500000,1774022399999,146124884.70607200,1320553,36941.51940000,78840288.91962500,0
1774022400000,2134.00000000,2144.76000000,2117.41000000,2132.91000000,45009.74200000,1774036799999,95856620.22277700,754341,23315.08880000,49663997.32335000,0
1774036800000,2132.91000000,2168.00000000,2123.96000000,2146.22000000,37198.02610000,1774051199999,79914585.32581900,482856,21278.51870000,45707408.24680500,0
1774051200000,2146.21000000,2159.87000000,2144.24000000,2153.60000000,15716.73850000,1774065599999,33816406.22796900,249850,7924.73180000,17053878.22556200,0
1774065600000,2153.59000000,2161.34000000,2150.36000000,2155.67000000,16494.18310000,1774079999999,35552238.82124000,168368,9032.90260000,19471778.02831000,0
1774080000000,2155.67000000,2159.52000000,2149.57000000,2157.37000000,12040.13390000,1774094399999,25951770.63719300,145347,6054.78610000,13051843.35351600,0
1774094400000,2157.37000000,2168.27000000,2146.45000000,2155.12000000,19951.15340000,1774108799999,43032723.42814000,225123,10428.03900000,22497135.88810300,0
1774108800000,2155.13000000,2155.64000000,2142.01000000,2152.16000000,13965.64080000,1774123199999,30028620.84587500,164448,7229.31620000,15546150.13298100,0
1774123200000,2152.17000000,2157.00000000,2070.78000000,2084.87000000,54391.61490000,1774137599999,114762850.75648600,422327,22579.80550000,47603848.60641300,0
1774137600000,2084.86000000,2127.21000000,2050.12000000,2113.83000000,109521.64830000,1774151999999,228415855.85076100,1047345,53881.53870000,112461590.69518200,0
1774152000000,2113.83000000,2122.94000000,2092.35000000,2093.38000000,32643.63280000,1774166399999,68932197.31215900,374424,16240.09080000,34313074.38778500,0
1774166400000,2093.40000000,2096.82000000,2066.97000000,2069.98000000,43062.53550000,1774180799999,89668874.31782200,550629,19947.56910000,41536825.40392900,0
1774180800000,2069.97000000,2092.63000000,2068.37000000,2083.10000000,34314.28810000,1774195199999,71400216.48363600,422707,19232.99080000,40025293.90201300,0
1774195200000,2083.10000000,2084.45000000,2054.35000000,2063.21000000,27972.36860000,1774209599999,57908974.25819900,344179,13024.12680000,26977376.17138300,0
1774209600000,2063.22000000,2074.16000000,2026.00000000,2053.89000000,65556.08390000,1774223999999,134358658.43621700,838573,32019.38940000,65627724.16538600,0
1774224000000,2053.90000000,2072.33000000,2035.69000000,2052.54000000,46093.48910000,1774238399999,94678372.14046800,748697,24040.70300000,49398319.71997900,0
1774238400000,2052.53000000,2072.11000000,2023.04000000,2044.72000000,57516.02920000,1774252799999,117750665.02391100,706585,29331.90220000,60057641.43028400,0
1774252800000,2044.73000000,2198.57000000,2028.20000000,2134.78000000,192147.20970000,1774267199999,410479442.09301700,1838949,97179.97290000,207479899.60334800,0
1774267200000,2134.78000000,2192.44000000,2107.43000000,2128.45000000,199243.92920000,1774281599999,429362031.35745500,2328207,99420.81580000,214368809.47707300,0
1774281600000,2128.46000000,2178.74000000,2117.77000000,2154.46000000,93011.07630000,1774295999999,199562741.30987000,1297298,47592.97000000,102180033.13444300,0
1774296000000,2154.45000000,2166.81000000,2140.71000000,2152.03000000,26496.70340000,1774310399999,57066551.09177800,429932,12673.62250000,27297330.33561400,0
1774310400000,2152.03000000,2156.22000000,2124.26000000,2141.59000000,43067.64660000,1774324799999,92128317.39213600,694154,19586.56830000,41906643.58596600,0
1774324800000,2141.59000000,2170.65000000,2128.84000000,2165.61000000,46075.05790000,1774339199999,98986253.46928000,612079,22749.77660000,48874293.28819900,0
1774339200000,2165.61000000,2175.16000000,2147.36000000,2165.90000000,40140.74950000,1774353599999,86731932.58014900,551067,19705.85170000,42587001.31354100,0
1774353600000,2165.89000000,2170.52000000,2120.00000000,2135.15000000,80333.00750000,1774367999999,171997627.21701200,1318506,37575.62910000,80461280.57486000,0
1774368000000,2135.15000000,2140.57000000,2103.02000000,2116.87000000,59554.77860000,1774382399999,126191368.74659800,818011,27742.47720000,58789229.37132600,0
1774382400000,2116.86000000,2163.70000000,2115.63000000,2156.23000000,47532.23270000,1774396799999,102070147.40521500,639276,24943.86460000,53560978.90885900,0
1774396800000,2156.22000000,2168.63000000,2146.35000000,2158.54000000,35228.55990000,1774411199999,76044149.68437100,445917,19058.79740000,41150689.60290600,0
1774411200000,2158.53000000,2179.73000000,2156.83000000,2164.57000000,38937.41980000,1774425599999,84467019.02095700,366518,18305.07340000,39713309.77750500,0
1774425600000,2164.57000000,2199.02000000,2164.57000000,2186.41000000,56767.01820000,1774439999999,124050456.91682700,562300,31355.79720000,68534860.02334900,0
1774440000000,2186.41000000,2198.16000000,2147.67000000,2162.56000000,76609.84580000,1774454399999,166719272.98684100,1144526,35250.92430000,76747398.17651000,0
1774454400000,2162.56000000,2186.85000000,2155.93000000,2172.69000000,46113.50720000,1774468799999,100036436.79624300,684308,25113.41620000,54481894.77615900,0
1774468800000,2172.68000000,2183.50000000,2159.42000000,2169.02000000,21985.17460000,1774483199999,47701345.76250700,288552,9919.47620000,21530924.12984300,0
1774483200000,2169.02000000,2172.19000000,2144.05000000,2153.21000000,29526.65840000,1774497599999,63720468.23767100,384632,12847.01700000,27721111.98046700,0
1774497600000,2153.22000000,2154.58000000,2112.17000000,2123.64000000,49214.77060000,1774511999999,104698777.99130500,511552,20993.72490000,44654198.33332500,0
1774512000000,2123.64000000,2126.89000000,2062.94000000,2068.44000000,76476.70340000,1774526399999,159613590.57324300,720255,38750.17480000,80857531.64511100,0
1774526400000,2068.45000000,2093.79000000,2052.01000000,2070.40000000,74259.02180000,1774540799999,154004813.04725300,1003702,40040.72040000,83049937.87090000,0
1774540800000,2070.40000000,2070.95000000,2034.54000000,2049.12000000,65545.19750000,1774555199999,134554041.48035600,714822,36633.62850000,75189623.29150000,0
1774555200000,2049.11000000,2080.42000000,2046.54000000,2060.43000000,42988.27210000,1774569599999,88905069.64110600,555784,22322.94780000,46174353.03207600,0
1774569600000,2060.43000000,2077.19000000,2056.80000000,2061.48000000,22743.32420000,1774583999999,46998194.30813600,366108,11254.61010000,23258058.90224800,0
1774584000000,2061.49000000,2072.36000000,2043.49000000,2066.23000000,52118.19880000,1774598399999,107490340.67476400,437181,30748.22720000,63449521.76179400,0
1774598400000,2066.24000000,2069.60000000,1983.02000000,1991.80000000,119274.87490000,1774612799999,240658675.78370700,991776,56817.37580000,114888861.25196300,0
1774612800000,1991.80000000,2010.45000000,1970.93000000,1991.32000000,108873.37370000,1774627199999,216470642.55690200,1084346,54435.90260000,108271171.81769500,0
1774627200000,1991.32000000,1997.73000000,1974.48000000,1991.71000000,70350.73150000,1774641599999,139733234.22393300,742004,43001.67480000,85423126.81948100,0
1774641600000,1991.70000000,1996.31000000,1980.00000000,1992.75000000,21513.02170000,1774655999999,42757541.45969800,287822,9793.48930000,19463818.43829000,0
1774656000000,1992.76000000,1995.16000000,1983.17000000,1989.19000000,17995.81980000,1774670399999,35791224.93644200,211494,11291.44180000,22454292.86821400,0
1774670400000,1989.19000000,2008.35000000,1987.30000000,2007.07000000,18318.46700000,1774684799999,36621392.51154400,171265,11791.25850000,23571002.78709600,0
1774684800000,2007.07000000,2008.34000000,1992.77000000,1997.64000000,18237.62290000,1774699199999,36459198.58370200,164289,9350.03160000,18691203.31124200,0
1774699200000,1997.64000000,2047.45000000,1992.25000000,2026.84000000,65210.09230000,1774713599999,131853578.33946600,553972,37127.99360000,75080977.74167000,0
1774713600000,2026.84000000,2030.23000000,2016.50000000,2020.56000000,12710.55040000,1774727999999,25717308.31523000,196711,6803.98520000,13769030.23722200,0
1774728000000,2020.57000000,2026.48000000,1989.64000000,1994.74000000,22359.25310000,1774742399999,44885349.46094500,272079,10014.20830000,20106640.53896600,0
1774742400000,1994.74000000,2019.65000000,1991.52000000,2011.10000000,16613.26080000,1774756799999,33307877.24728100,269628,8962.76830000,17973188.98481700,0
1774756800000,2011.10000000,2012.72000000,1997.67000000,2006.14000000,12828.45970000,1774771199999,25713523.24803800,212112,6454.21900000,12936903.67834400,0
1774771200000,2006.14000000,2008.16000000,1991.90000000,2003.78000000,15067.82310000,1774785599999,30145067.75650500,217382,7770.18690000,15544338.89960600,0
1774785600000,2003.78000000,2004.90000000,1983.56000000,1992.97000000,25232.66860000,1774799999999,50287494.00792000,323082,12494.10960000,24904577.69894800,0
1774800000000,1992.98000000,2003.61000000,1987.60000000,1995.89000000,16964.03580000,1774814399999,33867242.29666200,243267,9104.83420000,18176391.85890900,0
1774814400000,1995.89000000,2009.48000000,1938.82000000,1984.64000000,80020.49020000,1774828799999,157928449.47342400,784337,42911.12580000,84709843.73635500,0
1774828800000,1984.65000000,2043.50000000,1980.28000000,2035.88000000,70029.58620000,1774843199999,141231031.13631400,878125,40394.35830000,81475353.16465000,0
1774843200000,2035.88000000,2068.28000000,2035.88000000,2059.58000000,52260.91340000,1774857599999,107181176.51017100,471916,26790.45810000,54953790.90281100,0
1774857600000,2059.58000000,2081.65000000,2048.14000000,2071.28000000,50627.46870000,1774871999999,104493336.26790300,511099,26082.84820000,53842364.70180000,0
1774872000000,2071.29000000,2085.00000000,2044.25000000,2074.53000000,70195.18220000,1774886399999,145075944.02717800,896727,34370.63100000,71077753.36719000,0
1774886400000,2074.53000000,2074.99000000,2013.33000000,2023.70000000,60238.40650000,1774900799999,122980559.10739100,696460,28407.01000000,57966084.50624600,0
1774900800000,2023.70000000,2049.10000000,2013.92000000,2026.48000000,34952.87740000,1774915199999,71004318.03350000,432219,18016.90550000,36608895.64811200,0
1774915200000,2026.48000000,2092.34000000,2016.29000000,2066.71000000,66502.14020000,1774929599999,137267281.99431800,794282,38491.94570000,79399309.44949200,0
1774929600000,2066.71000000,2072.24000000,2042.31000000,2055.97000000,34849.58180000,1774943999999,71746428.29204900,394201,15338.03460000,31577622.63755500,0
1774944000000,2055.98000000,2059.20000000,2012.64000000,2041.20000000,62779.53770000,1774958399999,127661095.92829600,723301,28576.88810000,58120125.67216500,0
1774958400000,2041.21000000,2092.00000000,2035.02000000,2054.85000000,95949.44820000,1774972799999,198088477.79331700,1255153,47054.47540000,97172098.15802800,0
1774972800000,2054.85000000,2124.03000000,2054.29000000,2096.54000000,126072.26480000,1774987199999,264530378.29253100,1392942,69802.06120000,146430164.07953200,0
1774987200000,2096.54000000,2111.01000000,2088.35000000,2105.43000000,35744.92960000,1775001599999,75093557.90568300,453917,19115.72360000,40167214.13019900,0
1775001600000,2105.43000000,2117.79000000,2082.08000000,2102.91000000,37975.99830000,1775015999999,79727903.50791100,560193,19021.46920000,39948694.21439500,0
1775016000000,2102.91000000,2158.00000000,2100.35000000,2131.00000000,78179.02180000,1775030399999,166912950.68252800,739316,39769.40290000,84889425.69567700,0
1775030400000,2131.00000000,2142.93000000,2125.00000000,2135.32000000,46234.25240000,1775044799999,98660192.47447000,499154,20284.64130000,43289026.46801000,0
1775044800000,2135.32000000,2152.00000000,2108.72000000,2135.04000000,77261.01300000,1775059199999,164265811.38376600,1072590,38632.01700000,82139146.91995400,0
1775059200000,2135.04000000,2167.85000000,2123.58000000,2141.43000000,74639.06660000,1775073599999,159868636.58856000,824421,40493.00740000,86738808.86417100,0
1775073600000,2141.43000000,2165.42000000,2130.70000000,2140.35000000,84938.02580000,1775087999999,182581765.24153600,515859,45520.57360000,97875740.55035200,0
1775088000000,2140.35000000,2159.37000000,2046.48000000,2056.33000000,108784.51930000,1775102399999,228689806.39703600,1358682,49092.01790000,103249435.35242100,0
1775102400000,2056.33000000,2058.45000000,2038.63000000,2056.09000000,45874.14580000,1775116799999,93993202.52015000,531932,19912.84570000,40809640.68213300,0
1775116800000,2056.09000000,2056.09000000,2024.73000000,2033.01000000,34776.97170000,1775131199999,70983430.84965100,424333,16404.42600000,33494962.64346900,0
1775131200000,2033.02000000,2072.22000000,2017.04000000,2059.60000000,88821.54810000,1775145599999,181530276.57235900,1256262,44130.78300000,90206802.87445800,0
1775145600000,2059.59000000,2077.64000000,2043.65000000,2065.34000000,44924.95080000,1775159999999,92488495.11999300,572872,20921.57220000,43087559.81428500,0
1775160000000,2065.35000000,2074.16000000,2053.54000000,2057.17000000,23690.69660000,1775174399999,48863313.20655500,318842,10685.22540000,22045334.21636600,0
1775174400000,2057.18000000,2062.49000000,2040.66000000,2054.23000000,27862.58090000,1775188799999,57141977.70546000,373054,13171.39960000,27008447.73223300,0
1775188800000,2054.22000000,2075.17000000,2047.35000000,2065.85000000,24471.25750000,1775203199999,50433103.89705300,334496,12432.13230000,25619959.37872300,0
1775203200000,2065.84000000,2072.00000000,2053.46000000,2062.64000000,21397.62820000,1775217599999,44118886.93955400,241585,10269.38620000,21175499.93904800,0
1775217600000,2062.64000000,2081.76000000,2041.65000000,2051.26000000,34731.97500000,1775231999999,71370851.82527600,443503,17396.92580000,35760698.43581200,0
1775232000000,2051.26000000,2056.54000000,2043.78000000,2052.68000000,12701.84290000,1775246399999,26052502.88459300,192989,6178.26540000,12673765.76079300,0
1775246400000,2052.69000000,2060.92000000,2049.23000000,2053.83000000,15101.35480000,1775260799999,31023238.86090500,155968,5401.69230000,11100668.00572100,0
1775260800000,2053.83000000,2053.86000000,2047.92000000,2050.05000000,7032.79720000,1775275199999,14423778.79009100,163579,3592.93100000,7368950.46035000,0
1775275200000,2050.05000000,2058.00000000,2048.41000000,2053.82000000,9175.38020000,1775289599999,18841840.81735500,170511,4734.55790000,9722556.23944100,0
1775289600000,2053.82000000,2055.44000000,2047.89000000,2051.84000000,11621.74320000,1775303999999,23844217.28568200,167289,5203.23260000,10675658.43955700,0
1775304000000,2051.84000000,2062.02000000,2044.63000000,2056.29000000,21445.16450000,1775318399999,44023531.42616100,261955,9520.89180000,19550260.88999400,0
1775318400000,2056.29000000,2084.00000000,2053.07000000,2064.71000000,25517.21790000,1775332799999,52724395.46035200,292634,13766.84760000,28447555.54837200,0
1775332800000,2064.71000000,2072.15000000,2059.60000000,2065.52000000,11712.13760000,1775347199999,24196570.21714300,190054,5971.19640000,12335449.23194800,0
1775347200000,2065.51000000,2065.63000000,2054.15000000,2056.64000000,8367.25420000,1775361599999,17230590.53799600,153206,3706.10370000,7632999.49783500,0
1775361600000,2056.64000000,2058.09000000,2027.75000000,2037.29000000,20196.38020000,1775375999999,41230067.04211900,297181,8411.16760000,17160461.19164800,0
1775376000000,2037.29000000,2052.53000000,2035.91000000,2042.32000000,8916.05070000,1775390399999,18218049.00597100,202356,4562.06160000,9323007.47519400,0
1775390400000,2042.31000000,2069.89000000,2021.50000000,2053.85000000,37354.65470000,1775404799999,76328023.13307500,576523,19491.13510000,39836565.25752100,0
1775404800000,2053.85000000,2069.95000000,2048.69000000,2062.37000000,21390.37140000,1775419199999,44059941.78873700,401357,11201.92100000,23079357.87608100,0
1775419200000,2062.38000000,2123.49000000,2050.00000000,2110.17000000,61128.60870000,1775433599999,127660752.80444800,874242,30991.10840000,64722424.24680000,0
1775433600000,2110.17000000,2147.24000000,2110.17000000,2129.35000000,65862.41440000,1775447999999,140114580.48528500,993102,34410.48650000,73213893.39935900,0
1775448000000,2129.35000000,2141.00000000,2120.04000000,2134.90000000,40132.15830000,1775462399999,85496720.28563100,568253,22085.33630000,47055393.11534600,0
1775462400000,2134.91000000,2174.79000000,2133.42000000,2151.53000000,64975.08880000,1775476799999,139879765.80304300,807958,34230.93460000,73684425.78985600,0
1775476800000,2151.53000000,2169.60000000,2137.76000000,2164.65000000,75911.31320000,1775491199999,163404692.83407300,1308526,39683.53050000,85450758.52399000,0
1775491200000,2164.65000000,2168.72000000,2123.60000000,2144.25000000,56698.69750000,1775505599999,121510455.66205100,918441,24780.04950000,53079573.15807900,0
1775505600000,2144.25000000,2155.06000000,2087.50000000,2107.16000000,52474.61720000,1775519999999,110985022.60129000,734086,25224.17190000,53329618.24455200,0
1775520000000,2107.16000000,2120.14000000,2093.64000000,2108.37000000,34808.23460000,1775534399999,73406107.76256400,750469,16617.12260000,35045780.45618000,0
1775534400000,2108.37000000,2119.21000000,2096.69000000,2104.04000000,24073.37930000,1775548799999,50676334.85165500,349115,11524.04160000,24269896.03075500,0
1775548800000,2104.03000000,2133.83000000,2082.35000000,2089.58000000,52681.47720000,1775563199999,111004023.26421000,599211,27039.71400000,56972394.85663900,0
1775563200000,2089.58000000,2093.17000000,2060.24000000,2080.06000000,76548.96240000,1775577599999,158951471.57508200,934462,38829.09200000,80626048.14474700,0
1775577600000,2080.07000000,2116.65000000,2077.52000000,2113.39000000,55202.13230000,1775591999999,115723501.05371300,722308,29482.96430000,61831319.62890100,0
1775592000000,2113.39000000,2273.87000000,2110.68000000,2240.01000000,216780.62350000,1775606399999,476449768.27165100,1834146,115760.04320000,254332076.42040300,0
1775606400000,2240.01000000,2251.39000000,2228.24000000,2234.68000000,71283.32690000,1775620799999,159528086.66325200,669709,34637.98940000,77525689.48720200,0
1775620800000,2234.68000000,2260.76000000,2234.68000000,2253.76000000,59756.00980000,1775635199999,134321829.14739800,450200,27751.82860000,62391636.97627500,0
1775635200000,2253.76000000,2263.35000000,2237.12000000,2247.23000000,52326.61020000,1775649599999,117793378.73890300,465377,25009.63680000,56312486.49653700,0
1775649600000,2247.23000000,2270.55000000,2186.61000000,2215.45000000,129483.03140000,1775663999999,288320268.98872700,1402147,61447.92230000,136753786.95115500,0
1775664000000,2215.44000000,2239.50000000,2197.70000000,2211.04000000,53536.30800000,1775678399999,118658276.29188900,861618,25264.21540000,56010537.67657800,0
1775678400000,2211.03000000,2222.55000000,2179.78000000,2190.00000000,38332.34580000,1775692799999,84299081.91974600,490934,16871.73180000,37114876.64195600,0
1775692800000,2190.00000000,2193.79000000,2162.00000000,2182.49000000,34908.97250000,1775707199999,76035723.46530700,537316,14069.76520000,30647993.65805700,0
1775707200000,2182.49000000,2188.99000000,2175.60000000,2181.14000000,24256.09050000,1775721599999,52914191.09295900,263219,10811.29420000,23588826.27989400,0
1775721600000,2181.14000000,2197.70000000,2176.37000000,2180.26000000,33344.58290000,1775735999999,72921406.08358200,335762,17197.63000000,37604320.35943300,0
1775736000000,2180.26000000,2225.00000000,2157.31000000,2217.99000000,76023.36060000,1775750399999,166284446.16329000,1054255,40876.56500000,89470633.09833400,0
1775750400000,2218.00000000,2229.40000000,2193.00000000,2216.42000000,57199.04000000,1775764799999,126594157.18705900,935902,29176.84280000,64608129.94041000,0
1775764800000,2216.42000000,2246.00000000,2183.33000000,2190.20000000,49585.90380000,1775779199999,109658378.67323200,629932,23408.44410000,51812822.22954600,0
1775779200000,2190.17000000,2204.10000000,2176.10000000,2186.06000000,33173.29470000,1775793599999,72670870.66337700,484630,14426.30310000,31619404.47379900,0
1775793600000,2186.05000000,2203.11000000,2176.40000000,2179.28000000,31613.99750000,1775807999999,69238190.63589600,277027,12920.84900000,28300207.63759400,0
1775808000000,2179.27000000,2224.28000000,2177.13000000,2215.65000000,47671.23340000,1775822399999,105112528.17728100,363412,23430.27260000,51632890.12002900,0
1775822400000,2215.66000000,2257.99000000,2208.18000000,2224.27000000,95750.74770000,1775836799999,213735467.92463100,996721,46828.92580000,104591139.23797800,0
1775836800000,2224.28000000,2256.00000000,2221.46000000,2253.17000000,37702.42230000,1775851199999,84568813.01060800,510186,21652.97920000,48564604.97566900,0
1775851200000,2253.17000000,2257.14000000,2235.41000000,2245.05000000,26987.39020000,1775865599999,60666429.66433300,297237,12817.98250000,28826260.58324500,0
1775865600000,2245.06000000,2252.15000000,2234.81000000,2237.17000000,19355.10580000,1775879999999,43402035.07412200,190679,8104.67400000,18173575.32712400,0
1775880000000,2237.18000000,2242.93000000,2229.00000000,2232.60000000,22477.34020000,1775894399999,50241515.90376200,182480,10653.96790000,23813020.26310300,0
1775894400000,2232.60000000,2249.31000000,2232.14000000,2246.11000000,22661.82760000,1775908799999,50767333.08363000,162437,11403.74900000,25550566.21265100,0
1775908800000,2246.12000000,2256.11000000,2233.72000000,2249.54000000,18996.83880000,1775923199999,42622018.98582000,221100,8945.37600000,20071521.99036200,0
1775923200000,2249.54000000,2329.93000000,2246.53000000,2315.96000000,89257.10860000,1775937599999,204782078.79563700,746802,51065.73630000,117107236.53372700,0
1775937600000,2315.96000000,2317.14000000,2276.47000000,2284.99000000,42037.18290000,1775951999999,96556011.30395100,426153,17065.48450000,39202170.57802700,0
1775952000000,2285.00000000,2288.57000000,2207.06000000,2213.71000000,91337.46120000,1775966399999,204528648.62360700,846856,43401.90110000,97173837.13831700,0
1775966400000,2213.70000000,2220.87000000,2208.32000000,2218.02000000,27644.04570000,1775980799999,61221079.98358800,238093,13978.25330000,30953874.30579000,0
1775980800000,2218.02000000,2219.04000000,2194.32000000,2204.62000000,26727.76330000,1775995199999,59024832.17542900,197651,12302.05520000,27173188.03704200,0
1775995200000,2204.62000000,2208.22000000,2175.00000000,2186.47000000,53590.68110000,1776009599999,117383507.26054500,489750,26042.73030000,57057561.72587100,0
1776009600000,2186.47000000,2207.23000000,2183.09000000,2198.27000000,21416.51010000,1776023999999,47049607.78599500,227971,11306.49360000,24838603.63407500,0
1776024000000,2198.27000000,2218.13000000,2183.99000000,2191.65000000,37440.42070000,1776038399999,82313163.01272400,575487,18626.81020000,40965512.26793800,0
1776038400000,2191.64000000,2209.05000000,2187.20000000,2194.36000000,26455.47850000,1776052799999,58175672.45501600,385676,12714.07690000,27957871.65572300,0
1776052800000,2194.36000000,2201.45000000,2182.22000000,2186.56000000,33191.76290000,1776067199999,72752476.35824200,306958,19289.70110000,42291070.48217200,0
1776067200000,2186.57000000,2195.34000000,2179.00000000,2187.33000000,20617.55540000,1776081599999,45065829.22585900,308903,9941.35900000,21734847.03433200,0
1776081600000,2187.33000000,2236.43000000,2175.68000000,2209.28000000,104259.36250000,1776095999999,230119345.33993700,1081599,54431.25730000,120076853.35571000,0
1776096000000,2209.28000000,2268.88000000,2200.00000000,2262.33000000,64810.65880000,1776110399999,145049441.27530100,879999,34160.64330000,76510343.77491800,0
1776110400000,2262.33000000,2394.71000000,2247.50000000,2369.46000000,204536.01110000,1776124799999,478090250.93189900,1564422,104062.86690000,243272345.42888300,0
1776124800000,2369.46000000,2378.06000000,2354.60000000,2365.50000000,74432.85250000,1776139199999,176191509.28492300,615339,37846.45050000,89606265.96513600,0
1776139200000,2365.50000000,2389.99000000,2354.76000000,2377.91000000,63856.12100000,1776153599999,151334759.83846700,470297,32900.52640000,77974280.40442000,0
1776153600000,2377.92000000,2396.03000000,2367.61000000,2374.53000000,66171.32630000,1776167999999,157672031.91512100,564153,36299.76650000,86494418.75905600,0
1776168000000,2374.54000000,2415.50000000,2332.72000000,2364.63000000,155007.39840000,1776182399999,368093708.83386600,1013152,78246.51670000,185774022.94854200,0
1776182400000,2364.62000000,2371.48000000,2302.90000000,2313.32000000,73170.88880000,1776196799999,170690345.38308800,696087,28384.34890000,66178794.87455600,0
1776196800000,2313.32000000,2332.35000000,2308.53000000,2322.44000000,27468.79710000,1776211199999,63717293.81865700,330537,12470.86730000,28931154.33260500,0
1776211200000,2322.44000000,2342.76000000,2317.56000000,2328.81000000,28901.54660000,1776225599999,67396109.92799200,326045,13200.18200000,30785998.57814700,0
1776225600000,2328.82000000,2338.23000000,2308.50000000,2316.62000000,31505.54390000,1776239999999,73104857.68600600,253967,14851.65430000,34464784.49865900,0
1776240000000,2316.62000000,2339.42000000,2312.15000000,2337.43000000,39774.78350000,1776254399999,92455632.97617300,448805,20123.21340000,46779868.74925800,0
1776254400000,2337.42000000,2349.46000000,2317.54000000,2332.04000000,55356.83760000,1776268799999,129142589.87418800,812911,27107.99320000,63266815.32752800,0
1776268800000,2332.03000000,2385.61000000,2329.10000000,2375.05000000,60038.60430000,1776283199999,141440244.77785000,833035,28192.57250000,66414804.61244200,0
1776283200000,2375.05000000,2380.45000000,2348.58000000,2359.95000000,52613.32180000,1776297599999,124301909.23688000,558108,22967.09990000,54270138.08294900,0
1776297600000,2359.94000000,2369.59000000,2345.04000000,2357.86000000,24372.72040000,1776311999999,57460231.22437400,445911,10985.61130000,25901394.70203200,0
1776312000000,2357.85000000,2364.00000000,2335.72000000,2341.52000000,33030.10560000,1776326399999,77706170.80604700,341840,15493.09400000,36454304.58398800,0
1776326400000,2341.52000000,2348.40000000,2328.64000000,2335.67000000,38717.94520000,1776340799999,90493966.46899100,396912,19274.04660000,45035792.29503000,0
1776340800000,2335.68000000,2351.80000000,2285.10000000,2339.01000000,122115.69180000,1776355199999,283140539.72271500,1218677,60638.08280000,140699527.99291600,0
1776355200000,2339.01000000,2361.96000000,2309.96000000,2359.70000000,72519.84310000,1776369599999,169313531.22711000,951594,33772.17150000,78871239.68368800,0
1776369600000,2359.69000000,2364.68000000,2336.25000000,2348.17000000,38204.63160000,1776383999999,89768286.44402600,438276,15759.23770000,37031947.77357700,0
1776384000000,2348.16000000,2350.90000000,2323.83000000,2325.52000000,22001.98140000,1776398399999,51383982.74116400,328737,9749.05820000,22769582.18946300,0
1776398400000,2325.53000000,2342.02000000,2317.43000000,2334.16000000,31478.76380000,1776412799999,73259232.49154600,304046,14766.25460000,34369574.65182900,0
1776412800000,2334.15000000,2377.00000000,2332.98000000,2354.99000000,65874.44750000,1776427199999,154948268.41920600,615722,31683.08530000,74553540.21518300,0
1776427200000,2355.00000000,2456.93000000,2349.40000000,2441.96000000,220835.88640000,1776441599999,533992872.83323800,1914992,114505.74760000,276790948.07519000,0
1776441600000,2441.96000000,2464.91000000,2415.41000000,2427.92000000,76798.36750000,1776455999999,187207897.82622100,905824,35297.74100000,86063288.05306400,0
1776456000000,2427.92000000,2444.34000000,2415.47000000,2419.00000000,74741.91490000,1776470399999,181675138.29473100,472333,46563.08270000,113239025.61424800,0
1776470400000,2419.00000000,2427.64000000,2399.54000000,2405.04000000,29072.76020000,1776484799999,70264971.55328400,307040,12550.93370000,30343521.66612800,0
1776484800000,2405.03000000,2413.54000000,2399.52000000,2403.71000000,14941.99540000,1776499199999,35966414.30113400,170694,6496.67570000,15640586.50024400,0
1776499200000,2403.71000000,2404.85000000,2343.44000000,2352.96000000,67979.85780000,1776513599999,161108089.49291000,581840,31546.73320000,74721764.75971000,0
1776513600000,2352.96000000,2369.66000000,2345.25000000,2363.64000000,57355.51280000,1776527999999,135252244.99248000,417823,22418.40600000,52858136.22819300,0
1776528000000,2363.64000000,2375.14000000,2339.92000000,2348.59000000,39182.50610000,1776542399999,92353697.80525700,384817,18637.82470000,43949731.01548200,0
1776542400000,2348.59000000,2359.50000000,2344.96000000,2350.32000000,13208.75650000,1776556799999,31073948.63011800,183711,7076.49610000,16647728.44112700,0
1776556800000,2350.33000000,2355.30000000,2332.10000000,2339.77000000,20291.37960000,1776571199999,47559829.74445300,261070,9346.25860000,21912063.08140200,0
1776571200000,2339.77000000,2346.11000000,2300.00000000,2316.03000000,54404.75180000,1776585599999,126268393.97068400,402320,24243.60880000,56306186.80627600,0
1776585600000,2316.03000000,2331.13000000,2306.42000000,2329.38000000,23275.52400000,1776599999999,53974397.41072600,316327,11379.32020000,26383737.92462200,0
1776600000000,2329.38000000,2350.24000000,2315.29000000,2330.80000000,37666.71920000,1776614399999,87955907.27213800,454066,19357.22630000,45203575.13433200,0
1776614400000,2330.80000000,2331.34000000,2287.62000000,2299.65000000,53803.70870000,1776628799999,123915595.05772100,608853,25534.28430000,58814531.21016200,0
1776628800000,2299.66000000,2300.00000000,2252.72000000,2263.27000000,66644.74430000,1776643199999,151434389.63732800,685624,29940.20370000,68014912.73215100,0
1776643200000,2263.28000000,2294.30000000,2259.67000000,2286.56000000,30033.24890000,1776657599999,68460210.74916500,333782,16773.82930000,38233410.27134500,0
1776657600000,2286.55000000,2332.88000000,2263.18000000,2298.80000000,59476.16260000,1776671999999,136439643.96393900,479365,30650.47430000,70322443.76497500,0
1776672000000,2298.81000000,2320.00000000,2289.82000000,2308.42000000,37613.56550000,1776686399999,86676194.66558300,528607,20102.96830000,46329617.84788100,0
1776686400000,2308.42000000,2326.36000000,2278.38000000,2313.91000000,85434.53390000,1776700799999,196930074.56048700,1274217,38666.84640000,89216801.24598200,0
1776700800000,2313.92000000,2344.19000000,2297.97000000,2331.78000000,53432.50290000,1776715199999,124111959.38154800,710349,26591.94610000,61770730.59485700,0
1776715200000,2331.78000000,2346.78000000,2307.74000000,2313.85000000,35010.05210000,1776729599999,81434114.65797100,425301,16241.56410000,37799028.86592100,0
1776729600000,2313.84000000,2326.64000000,2300.01000000,2311.62000000,22781.19090000,1776743999999,52691898.23363900,327475,10892.41260000,25199211.67867200,0
1776744000000,2311.62000000,2327.05000000,2304.06000000,2318.48000000,22945.37330000,1776758399999,53157569.87378800,303625,13324.87060000,30878134.51401800,0
1776758400000,2318.48000000,2338.75000000,2314.00000000,2320.45000000,30640.36830000,1776772799999,71262900.27969800,420800,14028.14510000,32632633.66699900,0
1776772800000,2320.45000000,2327.50000000,2290.35000000,2310.24000000,52118.04520000,1776787199999,120274988.22665600,950322,24273.27340000,56036226.64365800,0
1776787200000,2310.25000000,2332.00000000,2284.19000000,2298.41000000,62286.60880000,1776801599999,143729519.14711500,911368,28046.80580000,64729925.75315500,0
1776801600000,2298.42000000,2329.47000000,2296.04000000,2327.14000000,35874.39050000,1776815999999,83070073.87868400,485344,18055.95030000,41810371.58947700,0
1776816000000,2327.15000000,2379.66000000,2312.95000000,2363.62000000,66774.38390000,1776830399999,157025524.89747100,726085,36127.36930000,84954755.45946700,0
1776830400000,2363.63000000,2413.83000000,2358.41000000,2389.97000000,89349.94590000,1776844799999,213612449.15395600,668282,40855.70290000,97634936.26973200,0
1776844800000,2389.98000000,2400.78000000,2383.00000000,2398.44000000,41401.37240000,1776859199999,98964646.85433700,426855,21686.73570000,51843510.42138400,0
1776859200000,2398.44000000,2423.75000000,2390.90000000,2403.83000000,98738.82580000,1776873599999,237530839.86755400,1271017,54052.34450000,130040477.05214600,0
1776873600000,2403.84000000,2413.75000000,2384.17000000,2397.79000000,50321.21200000,1776887999999,120601718.18063400,723878,23781.10950000,57006888.22251100,0
1776888000000,2397.80000000,2406.11000000,2373.95000000,2374.07000000,33121.38590000,1776902399999,79250750.24673500,414126,15255.00590000,36516356.06830000,0
1776902400000,2374.08000000,2382.00000000,2331.50000000,2340.81000000,76206.11530000,1776916799999,179737212.09139500,896029,40200.17970000,94885645.67645900,0
1776916800000,2340.82000000,2358.93000000,2337.12000000,2344.43000000,39343.65630000,1776931199999,92436957.57903600,427820,16435.21000000,38608751.63653600,0
1776931200000,2344.43000000,2345.00000000,2305.61000000,2328.97000000,78151.03770000,1776945599999,181619186.73554400,613077,36075.73900000,83862678.57196600,0
1776945600000,2328.96000000,2343.58000000,2315.23000000,2333.26000000,52807.90010000,1776959999999,122964312.09528200,816205,27305.82710000,63581086.38892900,0
1776960000000,2333.26000000,2335.76000000,2285.42000000,2312.88000000,79023.78390000,1776974399999,182451499.78276500,999074,35569.28820000,82147778.50717700,0
1776974400000,2312.87000000,2338.79000000,2312.74000000,2330.26000000,31113.19900000,1776988799999,72403178.39720300,327374,14051.65530000,32702770.85253700,0
1776988800000,2330.27000000,2337.50000000,2301.35000000,2308.64000000,27004.89320000,1777003199999,62681272.73280200,379883,11510.75200000,26724595.86186600,0
1777003200000,2308.63000000,2317.35000000,2300.22000000,2311.63000000,28648.94020000,1777017599999,66176139.97148500,308752,15138.08640000,34969970.31244600,0
1777017600000,2311.63000000,2332.26000000,2303.74000000,2328.10000000,35868.92010000,1777031999999,83155156.97267100,440852,17890.94920000,41478881.40906300,0
1777032000000,2328.10000000,2331.85000000,2301.61000000,2323.81000000,46811.73040000,1777046399999,108495488.42747100,715319,21029.91190000,48738508.47922300,0
1777046400000,2323.81000000,2325.00000000,2308.82000000,2321.60000000,24666.25170000,1777060799999,57163348.02736000,387682,11143.73510000,25823741.36956800,0
1777060800000,2321.59000000,2328.16000000,2307.20000000,2314.99000000,20886.88250000,1777075199999,48413420.08603000,181336,11471.40350000,26588295.45159900,0
1777075200000,2314.98000000,2321.36000000,2311.27000000,2318.43000000,7639.05880000,1777089599999,17699401.30367700,94007,4027.20630000,9331215.72566200,0
1777089600000,2318.44000000,2319.01000000,2313.30000000,2316.48000000,6328.15460000,1777103999999,14656659.36386000,74646,3062.77530000,7093727.06648000,0
1777104000000,2316.48000000,2323.21000000,2311.20000000,2313.64000000,11470.79720000,1777118399999,26598312.40038800,106448,4871.49770000,11295660.54533800,0
1777118400000,2313.65000000,2318.94000000,2303.00000000,2308.09000000,15641.47780000,1777132799999,36192480.33145300,133121,7702.17590000,17826876.41641400,0
1777132800000,2308.08000000,2313.98000000,2300.55000000,2310.06000000,19676.68660000,1777147199999,45427695.58289800,143366,9918.68770000,22897897.18632000,0
1777147200000,2310.06000000,2320.42000000,2308.85000000,2319.50000000,7383.04410000,1777161599999,17099038.55626700,107169,4007.51000000,9281754.05384100,0
1777161600000,2319.49000000,2320.06000000,2306.72000000,2310.00000000,10012.72520000,1777175999999,23173554.88897900,108354,3409.09620000,7891759.99265300,0
1777176000000,2309.99000000,2336.48000000,2308.97000000,2331.24000000,24981.33340000,1777190399999,58163719.35626500,203500,12839.69790000,29894030.55799300,0
1777190400000,2331.25000000,2337.68000000,2329.66000000,2335.95000000,12111.23650000,1777204799999,28261827.62621600,121952,6100.51610000,14236039.80748500,0
1777204800000,2335.96000000,2352.44000000,2324.19000000,2348.05000000,24507.88060000,1777219199999,57373656.30833900,245066,12572.65400000,29434231.32471900,0
1777219200000,2348.06000000,2376.35000000,2340.56000000,2367.40000000,35056.75380000,1777233599999,82744245.81598100,293154,18487.19850000,43637617.20058500,0
1777233600000,2367.40000000,2380.00000000,2348.47000000,2369.44000000,47921.69240000,1777247999999,113322213.94491300,536544,23467.00900000,55485648.47148000,0
1777248000000,2369.45000000,2404.37000000,2359.46000000,2394.85000000,48640.63520000,1777262399999,116200231.69065800,619528,28268.14770000,67548187.36143200,0
1777262400000,2394.85000000,2396.05000000,2312.71000000,2316.01000000,71679.73750000,1777276799999,167755396.54425800,704000,33015.88600000,77175278.32143500,0
1777276800000,2316.00000000,2325.52000000,2309.13000000,2320.39000000,29605.50660000,1777291199999,68638180.14557200,292944,13739.35110000,31853969.92346000,0
1777291200000,2320.39000000,2329.82000000,2266.09000000,2275.07000000,85871.41060000,1777305599999,197426548.92979900,896015,38872.03170000,89328263.05493000,0
1777305600000,2275.07000000,2292.91000000,2270.04000000,2289.14000000,46317.29280000,1777319999999,105775466.44132500,448789,21092.53870000,48169744.54848000,0
1777320000000,2289.15000000,2308.61000000,2284.66000000,2303.67000000,18249.27590000,1777334399999,41857719.34914200,231006,8810.34230000,20215298.81866000,0
1777334400000,2303.66000000,2310.88000000,2280.99000000,2290.94000000,21169.28510000,1777348799999,48602144.05299300,355365,9177.93210000,21074556.47092600,0
1777348800000,2290.93000000,2296.91000000,2270.53000000,2287.99000000,37016.46720000,1777363199999,84562746.33657600,335571,17352.95680000,39639171.36433400,0
1777363200000,2288.00000000,2291.64000000,2270.36000000,2275.32000000,32729.59210000,1777377599999,74658635.13855800,336925,16752.81750000,38207422.71181100,0
1777377600000,2275.32000000,2286.20000000,2258.24000000,2279.76000000,49767.44530000,1777391999999,113041008.32896000,755933,25215.33310000,57297458.88084000,0
1777392000000,2279.76000000,2305.55000000,2274.38000000,2301.96000000,33432.91850000,1777406399999,76565132.30403700,376377,19074.11770000,43676152.90417600,0
1777406400000,2301.96000000,2305.95000000,2284.15000000,2289.42000000,13816.51190000,1777420799999,31664964.34785100,186821,7004.92250000,16053593.41271900,0
1777420800000,2289.42000000,2316.36000000,2278.84000000,2311.52000000,39935.64580000,1777435199999,91714214.58120400,394085,21293.08280000,48929753.68643900,0
1777435200000,2311.53000000,2342.50000000,2309.33000000,2323.73000000,55138.29570000,1777449599999,128361828.21944600,457186,27486.92390000,64004860.88318800,0
1777449600000,2323.74000000,2346.95000000,2321.11000000,2331.74000000,34673.31280000,1777463999999,80964460.78045400,451152,17647.09590000,41212388.98627900,0
1777464000000,2331.74000000,2331.94000000,2263.10000000,2272.51000000,81070.16890000,1777478399999,186202785.05940500,918226,41598.11960000,95566014.93769900,0
1777478400000,2272.50000000,2285.92000000,2220.36000000,2233.70000000,105332.51640000,1777492799999,236794902.20829700,949510,52220.15730000,117414136.59752900,0
1777492800000,2233.69000000,2264.80000000,2230.49000000,2252.90000000,38928.16190000,1777507199999,87517052.67882700,418133,18754.42320000,42174589.25163900,0
1777507200000,2252.90000000,2279.00000000,2236.36000000,2253.24000000,36060.21850000,1777521599999,81467956.01231500,623320,18210.84810000,41145303.28279700,0
1777521600000,2253.24000000,2262.23000000,2231.64000000,2260.31000000,33378.87140000,1777535999999,75013519.19512900,411290,15495.42970000,34840223.28553000,0
1777536000000,2260.31000000,2273.70000000,2252.07000000,2258.18000000,30735.92410000,1777550399999,69511058.76639200,396742,16738.89080000,37860642.78724600,0
1777550400000,2258.18000000,2275.13000000,2245.82000000,2265.70000000,37871.98220000,1777564799999,85693494.61236600,702265,19006.55610000,43025534.69824700,0
1777564800000,2265.70000000,2267.16000000,2251.62000000,2261.99000000,17651.08860000,1777579199999,39892487.45040300,343077,9175.63500000,20738659.52513600,0
1777579200000,2261.98000000,2267.32000000,2252.42000000,2257.51000000,11496.19280000,1777593599999,25979373.63503000,173143,5365.75270000,12128391.03897000,0
1777593600000,2257.51000000,2295.00000000,2257.21000000,2282.87000000,26924.69360000,1777607999999,61293731.92503900,289839,14655.09830000,33350471.03711800,0
1777608000000,2282.87000000,2286.75000000,2272.09000000,2279.48000000,22911.86680000,1777622399999,52234123.59012900,216692,8892.37210000,20276400.99502200,0
1777622400000,2279.50000000,2293.00000000,2277.06000000,2286.45000000,18694.31890000,1777636799999,42707010.60639800,200289,8811.08110000,20128018.07778900,0
1777636800000,2286.46000000,2325.28000000,2284.15000000,2307.64000000,74814.72450000,1777651199999,172745191.22571900,585911,36698.00440000,84728337.79473400,0
1777651200000,2307.64000000,2314.21000000,2298.17000000,2304.85000000,26400.50380000,1777665599999,60879168.86742100,301474,11807.35280000,27226616.34049700,0
1777665600000,2304.85000000,2305.86000000,2278.98000000,2295.63000000,21336.44740000,1777679999999,48892029.61321000,211276,8669.82420000,19870611.28381100,0
1777680000000,2295.63000000,2308.34000000,2292.91000000,2304.44000000,10951.36060000,1777694399999,25191053.07674600,165359,6430.62680000,14794497.78693600,0
1777694400000,2304.43000000,2306.35000000,2296.62000000,2301.02000000,10106.36540000,1777708799999,23258711.30472400,116339,3673.30030000,8454457.74345900,0
1777708800000,2301.01000000,2307.78000000,2299.05000000,2302.10000000,8398.45980000,1777723199999,19347551.74644800,99997,3445.41900000,7937247.27475900,0
1777723200000,2302.09000000,2311.83000000,2301.36000000,2309.19000000,11671.86100000,1777737599999,26928729.24245200,107794,6317.27780000,14576037.25152500,0
1777737600000,2309.18000000,2313.98000000,2304.08000000,2311.08000000,10993.09170000,1777751999999,25386006.02958800,117966,6079.63830000,14039523.85590000,0
1777752000000,2311.08000000,2343.60000000,2309.59000000,2316.97000000,33467.33390000,1777766399999,77802445.53793100,263244,19716.53370000,45848215.83737100,0
1777766400000,2316.97000000,2317.69000000,2299.38000000,2301.90000000,19468.87980000,1777780799999,44906713.90171400,182498,7450.41490000,17183917.61581300,0
1777780800000,2301.90000000,2314.01000000,2297.59000000,2309.28000000,11221.53220000,1777795199999,25863946.39337600,115727,5698.03470000,13135686.46092600,0
1777795200000,2309.28000000,2327.50000000,2307.49000000,2319.63000000,17555.12580000,1777809599999,40666476.20277400,159932,9951.23210000,23056034.78817900,0
1777809600000,2319.63000000,2333.91000000,2319.63000000,2328.44000000,21474.09310000,1777823999999,49962494.59405000,213808,10823.37290000,25183037.57923400,0
1777824000000,2328.45000000,2337.87000000,2322.38000000,2335.59000000,19196.13350000,1777838399999,44750825.44232300,168382,10359.82600000,24155747.10412500,0
1777838400000,2335.60000000,2356.92000000,2315.00000000,2322.65000000,62158.66980000,1777852799999,145219543.48384200,533943,30209.29320000,70589584.72619800,0
1777852800000,2322.65000000,2391.00000000,2309.24000000,2385.12000000,114327.99650000,1777867199999,270073450.88248100,883575,57208.65030000,135184709.33822600,0
1777867200000,2385.11000000,2398.93000000,2354.20000000,2362.80000000,69420.51890000,1777881599999,165096205.24170500,466765,31591.62510000,75150936.46785200,0
1777881600000,2362.79000000,2371.09000000,2314.25000000,2337.59000000,85731.03210000,1777895999999,200593492.95305100,794562,41576.87580000,97288755.25275800,0
1777896000000,2337.59000000,2381.80000000,2325.71000000,2350.10000000,103215.19310000,1777910399999,242716919.73184500,1060836,51732.79020000,121645049.09336900,0
1777910400000,2350.11000000,2379.52000000,2336.63000000,2356.52000000,62301.44420000,1777924799999,147051915.11345600,693394,30189.82980000,71254546.27391800,0
1777924800000,2356.52000000,2365.91000000,2344.83000000,2347.16000000,18024.61370000,1777939199999,42458766.14405300,237961,8256.71280000,19451854.60301900,0
1777939200000,2347.17000000,2389.38000000,2344.93000000,2382.43000000,43369.65370000,1777953599999,102911351.41307100,379509,20211.59500000,47936384.90843500,0
1777953600000,2382.43000000,2390.74000000,2367.35000000,2380.59000000,49038.94050000,1777967999999,116736198.02326100,372001,22697.65390000,54041416.40741700,0
1777968000000,2380.59000000,2384.62000000,2366.76000000,2379.89000000,29380.95350000,1777982399999,69799969.32213900,262185,14721.55930000,34969380.51718500,0
1777982400000,2379.89000000,2399.50000000,2369.17000000,2381.31000000,78808.51000000,1777996799999,188014480.11743700,696726,39426.21610000,94084462.37915900,0
1777996800000,2381.30000000,2383.38000000,2359.71000000,2371.94000000,40911.27280000,1778011199999,96954986.54099800,377499,20766.65120000,49218721.99935400,0
1778011200000,2371.94000000,2388.54000000,2354.34000000,2360.77000000,45127.40070000,1778025599999,107063563.69367500,424270,21504.39420000,51056878.56660600,0
1778025600000,2360.76000000,2380.87000000,2355.00000000,2376.80000000,33054.80320000,1778039999999,78271149.26314600,384980,17510.94900000,41470746.54598300,0
1778040000000,2376.81000000,2379.40000000,2355.00000000,2371.74000000,33514.67250000,1778054399999,79324880.54666300,307921,16953.38210000,40133068.51579700,0
1778054400000,2371.74000000,2423.74000000,2369.16000000,2410.47000000,113801.04660000,1778068799999,273618535.84830200,695277,59890.51010000,143953241.66312400,0
1778068800000,2410.47000000,2413.59000000,2346.68000000,2359.10000000,137462.54150000,1778083199999,326500848.53802300,950635,61108.24090000,145210547.77790300,0
1778083200000,2359.10000000,2367.47000000,2338.00000000,2348.50000000,59822.68020000,1778097599999,140680471.90951900,432840,22693.25230000,53367534.33193300,0
1778097600000,2348.49000000,2357.45000000,2338.28000000,2350.84000000,43011.57210000,1778111999999,101045742.30972000,290972,14851.21900000,34887824.13339700,0
1778112000000,2350.84000000,2352.30000000,2313.89000000,2322.39000000,63504.31730000,1778126399999,147718361.87307700,523410,25385.22900000,59027085.34340200,0
1778126400000,2322.39000000,2346.89000000,2317.80000000,2344.59000000,51518.00990000,1778140799999,120176362.89107600,333196,21238.92720000,49541539.00713700,0
1778140800000,2344.59000000,2346.60000000,2317.35000000,2329.94000000,54139.78180000,1778155199999,126223511.70263700,402865,21159.34070000,49339085.97887200,0
1778155200000,2329.94000000,2337.13000000,2285.95000000,2294.82000000,129506.95220000,1778169599999,298943585.36180300,855763,51727.20150000,119411804.80128100,0
1778169600000,2294.82000000,2304.00000000,2280.10000000,2295.98000000,98757.48200000,1778183999999,226538965.39469400,688038,36392.37870000,83484192.15588200,0
1778184000000,2295.98000000,2302.57000000,2281.04000000,2291.06000000,72095.39460000,1778198399999,165120151.38291200,387811,21618.43520000,49502188.89293300,0
1778198400000,2291.06000000,2294.28000000,2265.61000000,2278.76000000,54369.02610000,1778212799999,123957786.63319900,393281,20604.70450000,46975325.78780900,0
1778212800000,2278.77000000,2284.54000000,2267.15000000,2281.35000000,73893.46490000,1778227199999,168211725.58419400,339640,27763.67910000,63210662.57432500,0
1778227200000,2281.37000000,2298.01000000,2280.15000000,2295.38000000,65719.13730000,1778241599999,150305493.28273400,343091,34017.19260000,77813315.09613800,0
1778241600000,2295.38000000,2302.00000000,2269.96000000,2293.20000000,85201.34210000,1778255999999,194501490.53541000,734683,35440.31050000,80907726.56306800,0
1778256000000,2293.20000000,2321.22000000,2286.42000000,2316.05000000,76484.52060000,1778270399999,176520488.37860600,507189,32344.26750000,74632942.61874000,0
1778270400000,2316.06000000,2319.15000000,2303.19000000,2307.06000000,65367.66720000,1778284799999,151043017.22794200,250172,14603.84530000,33747710.09118000,0
1778284800000,2307.07000000,2320.77000000,2304.19000000,2315.33000000,39168.71880000,1778299199999,90610920.63576700,195005,13871.16950000,32098402.54453800,0
1778299200000,2315.33000000,2325.33000000,2310.90000000,2314.69000000,51761.09100000,1778313599999,119884973.14474000,199194,19645.06740000,45506119.10428500,0
1778313600000,2314.69000000,2320.53000000,2310.24000000,2314.57000000,25659.72800000,1778327999999,59409184.50601400,122616,9826.09860000,22755457.32549000,0
1778328000000,2314.56000000,2318.27000000,2300.00000000,2317.63000000,31105.77980000,1778342399999,71900472.13934000,223767,14407.55870000,33307271.00211000,0
1778342400000,2317.64000000,2338.37000000,2315.29000000,2332.01000000,56917.64830000,1778356799999,132495433.50429400,349590,26062.18610000,60659495.82312400,0
1778356800000,2332.02000000,2333.47000000,2324.70000000,2326.44000000,25818.19110000,1778371199999,60140740.16571400,158453,7148.50000000,16651689.16797200,0
1778371200000,2326.43000000,2332.91000000,2318.33000000,2327.76000000,33278.13660000,1778385599999,77377176.54525000,211480,10692.92660000,24866762.80430900,0
1778385600000,2327.75000000,2332.09000000,2326.10000000,2327.36000000,26964.35160000,1778399999999,62787274.77308300,162429,8518.05160000,19835110.59379400,0
1778400000000,2327.36000000,2333.59000000,2319.00000000,2322.58000000,28879.99920000,1778414399999,67196718.87018600,184657,9880.90490000,22991802.98726500,0
1778414400000,2322.59000000,2351.66000000,2320.87000000,2347.56000000,51926.97750000,1778428799999,121177230.77310000,300962,22011.07260000,51409712.60067500,0
1778428800000,2347.56000000,2368.00000000,2340.11000000,2365.54000000,154424.55990000,1778443199999,363185897.68717100,432631,118760.18440000,279186197.91604000,0
1778443200000,2365.54000000,2382.53000000,2311.83000000,2371.27000000,102648.83750000,1778457599999,241553955.77908900,980590,49258.19190000,116006714.29547800,0
1778457600000,2371.26000000,2374.92000000,2320.01000000,2330.56000000,60324.27160000,1778471999999,141516137.57921300,678673,26752.63530000,62764826.50816300,0
1778472000000,2330.56000000,2342.44000000,2326.66000000,2330.54000000,35309.27600000,1778486399999,82409373.33353900,273799,14630.28560000,34148339.73926500,0
1778486400000,2330.55000000,2339.90000000,2326.66000000,2335.80000000,21339.08610000,1778500799999,49795722.30409500,262690,9464.87360000,22088266.27349300,0
1778500800000,2335.80000000,2338.89000000,2304.00000000,2333.48000000,54288.22570000,1778515199999,126108053.20477100,663948,23396.41490000,54359062.94744400,0
1778515200000,2333.48000000,2344.35000000,2323.68000000,2340.43000000,43385.86460000,1778529599999,101378810.53855100,457169,18462.39130000,43143267.93178300,0
1778529600000,2340.44000000,2345.68000000,2335.08000000,2339.87000000,22315.33120000,1778543999999,52219967.29275400,258314,10783.60250000,25234476.50999400,0
1778544000000,2339.88000000,2340.85000000,2295.01000000,2309.37000000,46792.48960000,1778558399999,108295182.84451200,442505,21876.93500000,50652511.12681000,0
1778558400000,2309.36000000,2314.49000000,2291.63000000,2295.20000000,35381.71270000,1778572799999,81551632.23785800,233132,13966.71440000,32184704.73849600,0
1778572800000,2295.20000000,2296.27000000,2278.57000000,2287.01000000,60392.79820000,1778587199999,138102164.84819900,399609,28309.81590000,64737889.64123800,0
1778587200000,2287.02000000,2294.01000000,2256.67000000,2261.85000000,63665.27820000,1778601599999,144821051.59250300,828775,27124.48230000,61720275.44139000,0
1778601600000,2261.86000000,2287.43000000,2256.27000000,2285.09000000,29736.93380000,1778615999999,67590284.62968700,408943,14639.53490000,33280375.10687300,0
1778616000000,2285.10000000,2291.37000000,2273.88000000,2274.96000000,17011.89570000,1778630399999,38844643.64470500,207417,6642.81220000,15172786.82724800,0
1778630400000,2274.97000000,2303.77000000,2273.34000000,2301.77000000,25629.71210000,1778644799999,58733882.08938100,370680,13091.44780000,30002572.71357100,0
1778644800000,2301.76000000,2309.00000000,2295.63000000,2301.07000000,20242.60800000,1778659199999,46598565.98019900,204639,8646.33690000,19905261.83377600,0
1778659200000,2301.07000000,2323.36000000,2299.00000000,2301.82000000,39654.71310000,1778673599999,91670926.13290200,334434,22011.42420000,50877296.76623400,0
1778673600000,2301.83000000,2307.54000000,2234.13000000,2236.49000000,101419.74340000,1778687999999,229797898.36170500,738479,45926.33750000,104115195.78050100,0
1778688000000,2236.48000000,2268.49000000,2235.48000000,2256.53000000,55259.29000000,1778702399999,124501701.63248800,327442,26880.46730000,60554924.98899800,0
1778702400000,2256.53000000,2264.46000000,2251.00000000,2258.65000000,16249.66330000,1778716799999,36691728.22520300,169926,7624.34740000,17216400.55044300,0
1778716800000,2258.66000000,2269.37000000,2238.64000000,2242.14000000,28395.76130000,1778731199999,64089642.37889700,364318,11227.36160000,25342056.52345200,0
1778731200000,2242.14000000,2275.20000000,2239.54000000,2265.48000000,28603.53370000,1778745599999,64779481.06791000,285851,15392.06110000,34856115.26323100,0
1778745600000,2265.49000000,2269.79000000,2262.05000000,2268.18000000,5077.01030000,1778759999999,11506854.68265900,36448,3319.71380000,7525169.49927200,0
