openTimeMs,open,high,low,close,volume,closeTimeMs,quoteAssetVolume,tradeCount,takerBuyBaseVolume,takerBuyQuoteVolume,ignore
1764360000000,137.54000000,138.30000000,136.59000000,137.33000000,302295.33100000,1764374399999,41540162.90321000,156150,131862.79000000,18120058.35261000,0
1764374400000,137.33000000,137.89000000,136.70000000,136.83000000,246755.39900000,1764388799999,33883423.48174000,114612,97529.92300000,13396383.64264000,0
1764388800000,136.84000000,137.72000000,136.22000000,137.28000000,316477.66100000,1764403199999,43395262.66521000,109326,126528.57600000,17347886.05500000,0
1764403200000,137.28000000,137.48000000,136.39000000,137.33000000,265128.87600000,1764417599999,36302176.48577000,108170,83914.84600000,11491595.80999000,0
1764417600000,137.33000000,137.66000000,136.50000000,137.58000000,234356.04600000,1764431999999,32123199.69896000,117088,121532.20900000,16654575.21490000,0
1764432000000,137.58000000,138.10000000,134.76000000,135.68000000,526704.72600000,1764446399999,71807802.47267000,183438,270329.97000000,36851688.40038000,0
1764446400000,135.67000000,136.52000000,135.33000000,135.91000000,269898.46300000,1764460799999,36661260.82416000,116458,115186.88400000,15652965.69041000,0
1764460800000,135.92000000,136.80000000,135.25000000,136.40000000,431086.66800000,1764475199999,58683124.34052000,136669,139443.05800000,18973151.46692000,0
1764475200000,136.41000000,136.95000000,135.52000000,136.53000000,237426.82100000,1764489599999,32345783.12141000,97687,120306.83600000,16385592.30690000,0
1764489600000,136.52000000,137.10000000,136.12000000,136.42000000,254052.04700000,1764503999999,34726284.95430000,133790,112548.39800000,15385079.75794000,0
1764504000000,136.43000000,140.19000000,136.20000000,138.33000000,701970.73500000,1764518399999,97240155.41823000,247072,317134.53000000,43926080.90118000,0
1764518400000,138.34000000,139.82000000,137.37000000,137.63000000,426964.13200000,1764532799999,59164627.42114000,163272,223602.10700000,30968312.35897000,0
1764532800000,137.62000000,137.93000000,133.26000000,133.48000000,556664.92600000,1764547199999,75722249.41683000,213062,257632.64200000,35091595.91630000,0
1764547200000,133.48000000,133.74000000,126.53000000,126.97000000,1614647.79700000,1764561599999,208972790.00535000,804639,737766.53400000,95410255.41058000,0
1764561600000,126.97000000,127.47000000,125.81000000,127.42000000,509645.04600000,1764575999999,64506004.90244000,263634,268036.34600000,33929323.94800000,0
1764576000000,127.41000000,128.09000000,126.86000000,127.12000000,381155.30600000,1764590399999,48521571.14887000,180931,188591.79700000,24011338.64498000,0
1764590400000,127.12000000,127.72000000,123.11000000,125.11000000,1064958.11700000,1764604799999,133750732.74802000,588481,499550.84700000,62775639.36828000,0
1764604800000,125.11000000,125.34000000,123.27000000,123.86000000,828331.62900000,1764619199999,102891328.09189000,404607,400400.69500000,49734303.47155000,0
1764619200000,123.86000000,127.43000000,123.83000000,126.66000000,608766.16200000,1764633599999,76556402.47697000,296720,319941.48900000,40251070.17933000,0
1764633600000,126.66000000,128.54000000,126.02000000,127.23000000,442656.69700000,1764647999999,56300979.35647000,297733,233174.74900000,29658063.90428000,0
1764648000000,127.23000000,127.85000000,126.44000000,127.26000000,303815.07500000,1764662399999,38620771.98364000,169077,185836.44900000,23627005.99477000,0
1764662400000,127.26000000,128.84000000,126.01000000,128.31000000,388778.09800000,1764676799999,49518060.63999000,225930,192554.15000000,24538054.27676000,0
1764676800000,128.32000000,139.87000000,128.20000000,137.84000000,1918984.28200000,1764691199999,256536914.84193000,743142,1042110.85100000,139119713.51978000,0
1764691200000,137.83000000,140.88000000,137.38000000,140.25000000,1232076.53000000,1764705599999,171684192.29863000,678666,581990.19200000,81091829.50521000,0
1764705600000,140.26000000,140.38000000,138.20000000,138.68000000,736546.06500000,1764719999999,102445912.73273000,388144,306440.06800000,42628244.40733000,0
1764720000000,138.67000000,140.65000000,137.76000000,140.33000000,591646.27500000,1764734399999,82272042.99464000,283379,316777.91400000,44090276.90766000,0
1764734400000,140.33000000,144.26000000,140.18000000,141.88000000,755059.69200000,1764748799999,107453677.28064000,332292,427477.65700000,60802154.75603000,0
1764748800000,141.89000000,142.67000000,140.75000000,141.72000000,338898.15800000,1764763199999,48044674.71662000,199208,154949.55700000,21974901.50463000,0
1764763200000,141.72000000,143.59000000,138.78000000,141.00000000,747077.70700000,1764777599999,105443362.35402000,556937,345149.90100000,48760119.23286000,0
1764777600000,141.00000000,142.39000000,139.87000000,141.28000000,633714.55000000,1764791999999,89521325.69004000,323331,300481.99300000,42451567.30271000,0
1764792000000,141.27000000,146.08000000,140.74000000,144.67000000,887748.42300000,1764806399999,127776258.36410000,445747,514597.51100000,74097529.27277000,0
1764806400000,144.67000000,146.91000000,143.64000000,144.67000000,440212.32300000,1764820799999,63875403.38702000,355977,225198.30100000,32680473.86275000,0
1764820800000,144.68000000,144.90000000,142.64000000,143.47000000,358054.30600000,1764835199999,51418490.94389000,199340,139808.80200000,20086638.85019000,0
1764835200000,143.47000000,144.20000000,142.70000000,143.06000000,281400.10000000,1764849599999,40344937.02301000,201195,135409.84000000,19418740.54618000,0
1764849600000,143.05000000,144.26000000,141.44000000,143.21000000,633420.38500000,1764863999999,90369433.74061000,427121,315990.04900000,45117022.25835000,0
1764864000000,143.20000000,143.85000000,137.80000000,139.67000000,637344.56500000,1764878399999,89655116.56620000,414172,293861.82500000,41338038.29280000,0
1764878400000,139.66000000,140.50000000,138.50000000,139.01000000,343810.56200000,1764892799999,47965840.27740000,221642,178122.50000000,24839544.51471000,0
1764892800000,139.01000000,140.20000000,138.30000000,138.56000000,357991.81900000,1764907199999,49929520.91010000,196664,161088.05100000,22469244.22196000,0
1764907200000,138.55000000,140.75000000,137.77000000,139.68000000,413520.05100000,1764921599999,57481502.57118000,184154,222547.92700000,30945082.98675000,0
1764921600000,139.67000000,139.67000000,136.13000000,137.02000000,613358.33000000,1764935999999,84293410.62529000,268976,326251.81000000,44819445.41320000,0
1764936000000,137.01000000,137.20000000,134.41000000,135.05000000,801747.68500000,1764950399999,109032480.74526000,473236,366507.41600000,49861041.05010000,0
1764950400000,135.04000000,135.20000000,130.73000000,132.50000000,883797.16300000,1764964799999,117056534.29516000,589317,479815.45000000,63558647.03031000,0
1764964800000,132.49000000,133.43000000,131.96000000,133.29000000,296944.09500000,1764979199999,39378577.97909000,192560,153867.98100000,20408193.00334000,0
1764979200000,133.29000000,134.13000000,132.80000000,133.74000000,194365.77600000,1764993599999,25943636.56865000,149035,98970.43000000,13214770.37073000,0
1764993600000,133.73000000,133.75000000,132.56000000,132.72000000,144527.27200000,1765007999999,19244326.11755000,117997,58448.32600000,7783885.41947000,0
1765008000000,132.73000000,133.29000000,131.88000000,133.22000000,184726.43100000,1765022399999,24494344.55034000,139773,71177.36400000,9438926.26463000,0
1765022400000,133.23000000,133.99000000,132.21000000,132.87000000,278722.10700000,1765036799999,37128239.82661000,177602,130716.87100000,17413583.02918000,0
1765036800000,132.88000000,133.54000000,131.78000000,132.06000000,360865.54600000,1765051199999,47899466.73553000,165518,231277.30200000,30702652.80250000,0
1765051200000,132.07000000,132.93000000,131.28000000,132.19000000,178388.29900000,1765065599999,23566596.16392000,143127,77736.60200000,10272623.38423000,0
1765065600000,132.20000000,133.59000000,131.93000000,133.50000000,186402.89100000,1765079999999,24765759.88447000,120710,75028.56900000,9964095.09615000,0
1765080000000,133.50000000,133.54000000,131.91000000,132.08000000,160470.23900000,1765094399999,21302437.17357000,94276,80200.27400000,10639090.74210000,0
1765094400000,132.09000000,132.59000000,131.53000000,132.44000000,199293.58900000,1765108799999,26306969.81339000,122326,107442.29100000,14182930.84439000,0
1765108800000,132.43000000,133.07000000,127.70000000,132.03000000,1062856.34000000,1765123199999,138352624.28980000,573349,497253.19100000,64710154.39704000,0
1765123200000,132.03000000,136.29000000,130.49000000,135.72000000,933154.23600000,1765137599999,124912818.88011000,478896,485887.48300000,65038602.76996000,0
1765137600000,135.73000000,136.35000000,129.80000000,132.24000000,589627.19600000,1765151999999,78156506.32547000,424534,264743.70900000,35078333.26408000,0
1765152000000,132.25000000,134.71000000,131.52000000,134.32000000,358010.63900000,1765166399999,47699105.91410000,295574,193876.91900000,25807042.04187000,0
1765166400000,134.32000000,136.00000000,134.07000000,135.85000000,370405.37800000,1765180799999,50087267.18601000,202387,197506.04800000,26710052.58454000,0
1765180800000,135.85000000,139.36000000,135.65000000,138.37000000,542414.34500000,1765195199999,74826940.25260000,308298,276150.43000000,38084226.35399000,0
1765195200000,138.37000000,139.32000000,135.24000000,135.55000000,770614.77200000,1765209599999,105848660.94697000,490548,356050.81400000,48941045.80146000,0
1765209600000,135.54000000,136.54000000,133.02000000,133.67000000,655059.64100000,1765223999999,88445096.71587000,450168,306817.51400000,41440849.05952000,0
1765224000000,133.66000000,134.94000000,132.45000000,133.25000000,548610.65100000,1765238399999,73358567.91282000,295917,336180.75200000,44942469.80134000,0
1765238400000,133.24000000,134.42000000,132.47000000,134.18000000,370817.47500000,1765252799999,49385651.80089000,228000,196518.92100000,26181411.41851000,0
1765252800000,134.18000000,134.26000000,131.77000000,133.20000000,383953.54700000,1765267199999,50931068.12822000,184753,173927.44200000,23074774.81785000,0
1765267200000,133.21000000,133.42000000,132.01000000,132.95000000,213047.58100000,1765281599999,28268899.35658000,142637,89086.28900000,11821070.51147000,0
1765281600000,132.95000000,138.50000000,131.62000000,138.45000000,889986.69100000,1765295999999,119964831.96491000,482990,453575.05200000,61128888.33147000,0
1765296000000,138.46000000,144.93000000,138.45000000,142.10000000,1856643.01700000,1765310399999,264459700.84778000,936613,919021.63200000,130822299.17952000,0
1765310400000,142.11000000,142.34000000,136.71000000,137.88000000,794073.72300000,1765324799999,110523538.69042000,447606,379631.40700000,52851259.27433000,0
1765324800000,137.87000000,138.61000000,137.19000000,138.15000000,660905.38400000,1765339199999,91087688.40632000,252744,331550.32900000,45696459.28489000,0
1765339200000,138.15000000,140.22000000,138.05000000,139.20000000,371289.47300000,1765353599999,51644897.73212000,198193,200395.59500000,27877273.39466000,0
1765353600000,139.20000000,139.88000000,136.33000000,137.24000000,512812.66700000,1765367999999,70764410.22075000,288819,268626.49500000,37097823.00703000,0
1765368000000,137.23000000,138.16000000,135.71000000,136.17000000,485961.30200000,1765382399999,66591519.66308000,330345,241011.97000000,33041910.13028000,0
1765382400000,136.16000000,139.64000000,135.73000000,138.67000000,1261516.67700000,1765396799999,173647924.52418000,831200,625747.75100000,86133611.10653000,0
1765396800000,138.67000000,142.57000000,135.39000000,136.26000000,1227744.77300000,1765411199999,170809565.48079000,716043,620315.08600000,86371712.06171000,0
1765411200000,136.26000000,136.43000000,129.00000000,129.39000000,1248018.99000000,1765425599999,164594488.24366000,601889,563241.63100000,74283634.13896000,0
1765425600000,129.39000000,131.52000000,129.04000000,131.03000000,542883.63600000,1765439999999,70919227.39204000,302668,277652.98700000,36272743.59558000,0
1765440000000,131.03000000,131.41000000,130.15000000,130.93000000,321975.14900000,1765454399999,42146018.22993000,172203,146368.65500000,19160781.60317000,0
1765454400000,130.93000000,132.82000000,129.84000000,131.18000000,566748.18100000,1765468799999,74357944.73474000,395429,275475.11800000,36164047.67358000,0
1765468800000,131.17000000,135.58000000,130.12000000,133.91000000,856553.78000000,1765483199999,114400332.38936000,441095,407262.39600000,54385611.34565000,0
1765483200000,133.90000000,137.79000000,133.82000000,136.41000000,841517.30000000,1765497599999,114844357.20552000,440058,391904.65900000,53482567.94101000,0
1765497600000,136.41000000,137.95000000,135.35000000,137.08000000,459234.10500000,1765511999999,62832505.87962000,281437,260500.00100000,35638900.97637000,0
1765512000000,137.08000000,140.12000000,136.52000000,139.09000000,578561.57400000,1765526399999,80158111.60739000,272724,333579.90700000,46196906.53048000,0
1765526400000,139.09000000,139.15000000,137.19000000,138.71000000,429778.28400000,1765540799999,59349433.92595000,220603,194301.01400000,26844919.79052000,0
1765540800000,138.72000000,139.86000000,132.85000000,133.49000000,1072554.74900000,1765555199999,146731220.77427000,545214,509849.25200000,69791616.50038000,0
1765555200000,133.48000000,133.95000000,130.35000000,131.27000000,1096274.01300000,1765569599999,145077796.84896000,672185,528539.33300000,69980560.63195000,0
1765569600000,131.27000000,133.07000000,131.00000000,132.27000000,369205.53700000,1765583999999,48765497.15321000,207936,183562.05800000,24238885.73853000,0
1765584000000,132.28000000,133.00000000,132.28000000,132.88000000,226995.39100000,1765598399999,30116899.82233000,96843,91953.51100000,12201312.90606000,0
1765598400000,132.88000000,133.02000000,132.33000000,132.93000000,148161.67600000,1765612799999,19664626.40781000,62473,72782.41200000,9663929.24101000,0
1765612800000,132.94000000,134.28000000,132.93000000,133.32000000,341456.62600000,1765627199999,45664393.05024000,143471,143496.93900000,19187886.63204000,0
1765627200000,133.31000000,133.68000000,132.61000000,133.31000000,230235.88200000,1765641599999,30657996.60766000,135661,95195.89500000,12677284.23365000,0
1765641600000,133.30000000,133.82000000,132.11000000,132.72000000,306223.43200000,1765655999999,40598718.87241000,126530,195980.72800000,25975091.28091000,0
1765656000000,132.73000000,133.27000000,131.60000000,133.14000000,219410.72800000,1765670399999,29087930.14743000,102067,94637.63300000,12538086.48195000,0
1765670400000,133.13000000,133.66000000,132.71000000,132.95000000,180565.01300000,1765684799999,24056794.31573000,83185,85471.16300000,11384117.90291000,0
1765684800000,132.95000000,133.39000000,132.08000000,133.29000000,166985.07200000,1765699199999,22142024.20561000,72302,97069.89400000,12866928.81073000,0
1765699200000,133.28000000,133.50000000,130.14000000,131.47000000,483157.35000000,1765713599999,63704156.82015000,213874,207869.29000000,27403343.73148000,0
1765713600000,131.46000000,131.90000000,130.33000000,130.67000000,237483.44000000,1765727999999,31148450.84376000,183517,109511.30500000,14367786.56034000,0
1765728000000,130.67000000,131.60000000,129.40000000,130.31000000,292036.32400000,1765742399999,38041407.28996000,183312,134505.03400000,17525341.28851000,0
1765742400000,130.30000000,130.80000000,127.98000000,129.40000000,371387.43800000,1765756799999,48079971.02634000,225435,162393.01200000,21043122.94425000,0
1765756800000,129.39000000,133.25000000,129.29000000,131.16000000,436829.08200000,1765771199999,57393030.17218000,283590,221029.44200000,29013225.86674000,0
1765771200000,131.17000000,132.71000000,130.88000000,132.34000000,278768.45900000,1765785599999,36786026.05934000,114865,127019.84300000,16758312.68259000,0
1765785600000,132.34000000,133.03000000,132.06000000,132.26000000,255593.53600000,1765799999999,33867379.57539000,121182,117701.81200000,15596470.17468000,0
1765800000000,132.25000000,135.43000000,126.45000000,126.89000000,1435432.87600000,1765814399999,187134915.23735000,773398,730439.30600000,95182843.29066000,0
1765814400000,126.89000000,127.30000000,123.63000000,125.02000000,995885.89300000,1765828799999,125059028.03955000,582916,532724.73700000,66911761.86010000,0
1765828800000,125.01000000,127.87000000,123.88000000,127.81000000,519921.15400000,1765843199999,65332040.19081000,261278,256098.00100000,32208397.77069000,0
1765843200000,127.81000000,128.03000000,124.94000000,126.51000000,378647.20400000,1765857599999,47928973.23588000,273164,185145.47600000,23444093.77286000,0
1765857600000,126.50000000,127.48000000,124.87000000,125.57000000,313403.32700000,1765871999999,39572314.56247000,189467,120130.71300000,15172945.13674000,0
1765872000000,125.57000000,129.04000000,125.43000000,128.63000000,442177.13800000,1765886399999,56309554.74056000,262597,217865.43900000,27773048.26203000,0
1765886400000,128.62000000,130.14000000,126.11000000,129.75000000,964353.12100000,1765900799999,123738784.37095000,621274,450517.16800000,57851979.24059000,0
1765900800000,129.75000000,129.85000000,126.77000000,127.73000000,490608.45300000,1765915199999,62804303.95056000,330248,270242.06900000,34591953.43491000,0
1765915200000,127.72000000,129.52000000,127.43000000,129.15000000,295594.75500000,1765929599999,37964684.30971000,166834,155765.14900000,20001336.19799000,0
1765929600000,129.15000000,129.82000000,128.21000000,128.24000000,274681.22500000,1765943999999,35419019.13195000,165048,140960.78700000,18173772.86540000,0
1765944000000,128.25000000,128.57000000,127.02000000,128.27000000,212978.94100000,1765958399999,27228472.96654000,143035,111259.08200000,14227185.96672000,0
1765958400000,128.26000000,128.26000000,125.96000000,127.62000000,348417.32900000,1765972799999,44275415.76438000,149954,162016.91300000,20580843.41517000,0
1765972800000,127.62000000,133.99000000,126.58000000,126.77000000,1751793.85200000,1765987199999,227884428.95216000,829682,843526.94900000,109771882.57053000,0
1765987200000,126.76000000,127.98000000,121.36000000,122.39000000,1509621.61700000,1766001599999,186873250.69346000,846602,736731.33800000,91158430.20847000,0
1766001600000,122.39000000,123.76000000,121.95000000,123.27000000,428087.25200000,1766015999999,52631986.88263000,223533,258429.99300000,31771907.59209000,0
1766016000000,123.28000000,124.16000000,122.98000000,123.65000000,269021.74400000,1766030399999,33224507.57534000,169799,136942.95900000,16914114.91439000,0
1766030400000,123.64000000,124.13000000,122.21000000,122.83000000,274154.78500000,1766044799999,33735067.21116000,138465,136956.20500000,16855017.51075000,0
1766044800000,122.83000000,124.15000000,122.46000000,124.07000000,308080.36100000,1766059199999,38044530.79606000,163965,149849.94000000,18501531.74240000,0
1766059200000,124.07000000,129.05000000,123.65000000,127.40000000,1416724.35700000,1766073599999,179082890.65472000,735413,743139.17300000,93970513.75143000,0
1766073600000,127.41000000,127.50000000,117.44000000,117.56000000,1725114.04400000,1766087999999,210483992.67390000,820505,826300.74100000,100881601.44713000,0
1766088000000,117.55000000,120.20000000,116.88000000,119.60000000,797699.71700000,1766102399999,94705525.06445000,391470,462544.49600000,54926869.09997000,0
1766102400000,119.60000000,122.54000000,117.61000000,121.59000000,620548.23600000,1766116799999,74434413.50677000,403858,319859.00300000,38371534.57568000,0
1766116800000,121.58000000,125.34000000,121.35000000,124.44000000,766760.88300000,1766131199999,94387781.34053000,349333,408239.37100000,50287704.57918000,0
1766131200000,124.43000000,125.74000000,123.86000000,125.36000000,429965.69500000,1766145599999,53686362.60644000,219913,247424.63600000,30894723.14420000,0
1766145600000,125.36000000,127.66000000,124.68000000,125.09000000,1032574.73000000,1766159999999,129935551.75233000,514559,438607.64400000,55234164.32829000,0
1766160000000,125.09000000,126.97000000,123.59000000,126.25000000,787628.90000000,1766174399999,98711838.26478000,394892,417345.86200000,52326037.97275000,0
1766174400000,126.25000000,127.87000000,126.08000000,126.27000000,453070.14800000,1766188799999,57468645.74759000,199516,236080.38400000,29952029.16332000,0
1766188800000,126.27000000,126.49000000,125.30000000,126.21000000,211468.40300000,1766203199999,26615978.68167000,97165,113366.67200000,14268061.17736000,0
1766203200000,126.21000000,126.69000000,125.87000000,126.17000000,171149.66500000,1766217599999,21609795.59171000,83405,96079.89500000,12133215.64122000,0
1766217600000,126.18000000,126.89000000,125.87000000,126.47000000,185508.42000000,1766231999999,23448185.07527000,79176,80529.43900000,10180081.45596000,0
1766232000000,126.47000000,126.67000000,125.45000000,126.58000000,299054.26600000,1766246399999,37710238.07485000,93683,99049.06200000,12490673.35146000,0
1766246400000,126.59000000,126.71000000,125.75000000,126.05000000,171313.72000000,1766260799999,21610834.46603000,68637,93981.17200000,11851834.66598000,0
1766260800000,126.05000000,126.55000000,125.63000000,125.81000000,190859.11200000,1766275199999,24075581.17586000,66140,87919.35400000,11084503.68258000,0
1766275200000,125.80000000,126.11000000,124.68000000,125.22000000,302141.19000000,1766289599999,37869503.13631000,94994,175437.64000000,21993917.45526000,0
1766289600000,125.22000000,125.54000000,125.07000000,125.30000000,88267.39300000,1766303999999,11061630.47389000,49096,42884.64400000,5374077.56254000,0
1766304000000,125.29000000,126.62000000,124.80000000,125.48000000,338562.93700000,1766318399999,42588352.95367000,142650,189939.34300000,23887712.73119000,0
1766318400000,125.47000000,126.06000000,123.40000000,125.05000000,489203.85800000,1766332799999,60950596.94197000,280058,225598.78500000,28105185.80516000,0
1766332800000,125.05000000,126.35000000,124.37000000,125.67000000,392876.60100000,1766347199999,49281716.94911000,153936,164312.97400000,20608836.07988000,0
1766347200000,125.67000000,126.30000000,124.70000000,126.03000000,201051.21000000,1766361599999,25257525.10887000,118830,90777.86500000,11400152.14368000,0
1766361600000,126.03000000,128.56000000,124.50000000,126.02000000,633482.79000000,1766375999999,80071518.98145000,348886,344825.00400000,43575925.52237000,0
1766376000000,126.02000000,126.73000000,125.56000000,126.31000000,210045.45200000,1766390399999,26520846.59488000,92934,108652.21400000,13717057.46531000,0
1766390400000,126.30000000,127.46000000,125.49000000,127.01000000,323742.17400000,1766404799999,40957003.94421000,127362,169515.91200000,21440633.63653000,0
1766404800000,127.00000000,128.78000000,126.32000000,128.07000000,599849.00700000,1766419199999,76377852.40899000,284423,294112.45700000,37450207.46387000,0
1766419200000,128.07000000,128.37000000,124.64000000,124.66000000,544203.63300000,1766433599999,68874391.13914000,230999,295986.93400000,37453382.94105000,0
1766433600000,124.66000000,126.03000000,124.20000000,125.93000000,356266.09000000,1766447999999,44555372.54777000,197459,177681.74600000,22224598.73647000,0
1766448000000,125.93000000,126.93000000,124.90000000,125.63000000,273669.61800000,1766462399999,34486070.34997000,167122,138625.81300000,17467603.71199000,0
1766462400000,125.62000000,126.08000000,123.77000000,124.19000000,334611.57800000,1766476799999,41690733.10107000,169590,181162.06200000,22568194.25409000,0
1766476800000,124.19000000,125.23000000,123.93000000,124.86000000,238892.95300000,1766491199999,29744889.56260000,100458,115269.05600000,14352538.98207000,0
1766491200000,124.85000000,124.93000000,122.16000000,123.37000000,625019.38000000,1766505599999,77060437.12984000,350399,284282.13700000,35057163.49971000,0
1766505600000,123.36000000,124.94000000,122.78000000,123.99000000,591863.21600000,1766519999999,73437945.31873000,245131,247862.86300000,30746206.29144000,0
1766520000000,123.99000000,125.65000000,123.46000000,124.01000000,375974.12700000,1766534399999,46738614.53823000,181638,205697.52100000,25562229.02177000,0
1766534400000,124.02000000,124.30000000,121.76000000,122.72000000,288504.20000000,1766548799999,35436336.64092000,159669,144291.93600000,17731018.21887000,0
1766548800000,122.71000000,123.06000000,120.63000000,121.31000000,296196.66900000,1766563199999,36023750.59145000,164714,139832.89400000,17010411.00826000,0
1766563200000,121.32000000,122.23000000,121.11000000,122.04000000,223635.01600000,1766577599999,27221198.04871000,116646,128971.67300000,15701114.00156000,0
1766577600000,122.04000000,122.94000000,120.70000000,122.73000000,334516.13600000,1766591999999,40799228.33257000,204815,180330.05600000,22003208.19492000,0
1766592000000,122.73000000,123.46000000,121.77000000,122.86000000,282750.28400000,1766606399999,34675986.43091000,165846,152173.03200000,18660124.56394000,0
1766606400000,122.86000000,123.40000000,122.47000000,122.53000000,179848.19300000,1766620799999,22109834.84455000,79529,78472.64600000,9649062.72032000,0
1766620800000,122.52000000,123.15000000,122.09000000,122.70000000,124534.62300000,1766635199999,15275244.99166000,61502,73520.36000000,9018449.45497000,0
1766635200000,122.70000000,122.86000000,122.10000000,122.27000000,192052.35600000,1766649599999,23500006.36441000,54313,117462.84400000,14371347.19438000,0
1766649600000,122.27000000,122.65000000,121.31000000,121.65000000,221848.71100000,1766663999999,27038303.99729000,89186,105862.88500000,12902422.08439000,0
1766664000000,121.65000000,124.10000000,121.58000000,123.68000000,304384.61800000,1766678399999,37402937.59866000,117262,143786.17500000,17654861.89950000,0
1766678400000,123.68000000,124.46000000,122.80000000,123.47000000,456622.36500000,1766692799999,56515302.51071000,130916,201924.94700000,24986308.67071000,0
1766692800000,123.47000000,123.52000000,119.71000000,120.06000000,518882.47500000,1766707199999,62934217.93337000,167584,246754.64900000,29940317.72453000,0
1766707200000,120.05000000,124.39000000,119.24000000,122.67000000,1039854.91100000,1766721599999,127173284.17623000,306158,479661.04900000,58619457.01864000,0
1766721600000,122.67000000,123.99000000,121.80000000,122.72000000,385175.70900000,1766735999999,47407525.19395000,138709,229621.13900000,28256097.98239000,0
1766736000000,122.71000000,124.13000000,122.29000000,123.84000000,447196.92100000,1766750399999,55123643.92118000,132061,291371.38100000,35899496.14212000,0
1766750400000,123.83000000,125.14000000,120.45000000,121.55000000,920653.67500000,1766764799999,112950676.45400000,408113,491411.20400000,60274841.13901000,0
1766764800000,121.55000000,122.40000000,121.17000000,122.15000000,340435.31800000,1766779199999,41514267.68770000,173028,134544.61900000,16405030.71588000,0
1766779200000,122.16000000,122.67000000,121.82000000,122.26000000,193200.02800000,1766793599999,23624392.16774000,84726,83311.91800000,10187925.22406000,0
1766793600000,122.27000000,123.80000000,121.86000000,123.67000000,340920.47500000,1766807999999,41806552.78400000,72076,193580.30600000,23723868.36649000,0
1766808000000,123.67000000,123.74000000,122.77000000,123.16000000,158392.77200000,1766822399999,19505715.74061000,63137,78298.88400000,9640725.00261000,0
1766822400000,123.15000000,123.34000000,122.51000000,122.99000000,130349.40100000,1766836799999,16031438.21191000,70453,74851.09800000,9206788.42937000,0
1766836800000,122.98000000,123.66000000,122.74000000,123.31000000,128455.59300000,1766851199999,15820143.12060000,73126,62004.37400000,7637287.31906000,0
1766851200000,123.32000000,123.45000000,122.76000000,123.28000000,201980.95700000,1766865599999,24867407.89235000,72572,114844.57800000,14131476.10997000,0
1766865600000,123.27000000,125.08000000,123.27000000,124.73000000,397702.91400000,1766879999999,49396377.89704000,107250,181835.82000000,22589918.64715000,0
1766880000000,124.74000000,124.90000000,123.90000000,124.13000000,188257.14400000,1766894399999,23392082.77614000,76420,109111.08600000,13555669.72564000,0
1766894400000,124.12000000,124.34000000,123.61000000,124.23000000,132623.89700000,1766908799999,16450541.49108000,59589,53925.47000000,6688354.05801000,0
1766908800000,124.23000000,124.84000000,124.00000000,124.65000000,210645.39700000,1766923199999,26214190.67056000,72954,101156.41300000,12588512.95490000,0
1766923200000,124.65000000,125.03000000,124.30000000,124.44000000,246329.39700000,1766937599999,30711039.11572000,86960,129346.04400000,16129986.42475000,0
1766937600000,124.44000000,124.77000000,123.08000000,123.30000000,527227.82200000,1766951999999,65225149.32860000,122335,344720.49100000,42637696.42365000,0
1766952000000,123.30000000,125.64000000,123.10000000,125.27000000,523876.79400000,1766966399999,65056717.54018000,101035,262894.13000000,32650063.59849000,0
1766966400000,125.27000000,130.16000000,125.01000000,128.58000000,1570857.08600000,1766980799999,201295623.71138000,465026,815172.01300000,104410061.12487000,0
1766980800000,128.58000000,129.15000000,127.20000000,127.88000000,540783.50300000,1766995199999,69312869.97861000,164700,255498.29700000,32749649.52244000,0
1766995200000,127.88000000,128.47000000,125.01000000,125.08000000,644155.68100000,1767009599999,81452883.20962000,208931,327689.82300000,41430582.93297000,0
1767009600000,125.08000000,125.41000000,122.36000000,123.44000000,961859.69900000,1767023999999,118921139.15025000,406549,466210.69400000,57636716.90771000,0
1767024000000,123.43000000,123.98000000,122.63000000,123.06000000,366732.97200000,1767038399999,45220683.31094000,182632,190925.44500000,23544295.83267000,0
1767038400000,123.07000000,123.62000000,122.86000000,123.28000000,223206.16400000,1767052799999,27520105.14825000,97437,115242.44400000,14208244.68498000,0
1767052800000,123.28000000,123.93000000,122.58000000,123.80000000,212290.37100000,1767067199999,26149466.12632000,110172,108434.63900000,13359144.70505000,0
1767067200000,123.79000000,124.35000000,123.20000000,124.02000000,292747.34500000,1767081599999,36279457.14843000,95497,114783.89100000,14220354.36501000,0
1767081600000,124.02000000,125.15000000,124.00000000,124.30000000,399345.68800000,1767095999999,49778285.82730000,146985,209933.92300000,26155635.28548000,0
1767096000000,124.29000000,125.35000000,123.54000000,125.16000000,561575.42400000,1767110399999,69881078.39371000,255439,323522.47800000,40257198.94576000,0
1767110400000,125.16000000,126.52000000,123.78000000,124.71000000,695920.33200000,1767124799999,87020374.14522000,237550,371697.72300000,46418736.64513000,0
1767124800000,124.71000000,125.14000000,123.50000000,125.01000000,318752.35600000,1767139199999,39622115.84164000,110062,153770.58700000,19099200.35075000,0
1767139200000,125.02000000,126.09000000,124.41000000,125.82000000,385546.72600000,1767153599999,48335889.02357000,154447,143805.52800000,18039016.40862000,0
1767153600000,125.81000000,126.10000000,125.38000000,125.99000000,204182.58600000,1767167999999,25681577.59180000,81575,76037.75500000,9562717.92327000,0
1767168000000,125.99000000,126.85000000,125.44000000,126.73000000,254276.09300000,1767182399999,32078458.22865000,99708,118539.01600000,14955840.38403000,0
1767182400000,126.73000000,127.44000000,125.01000000,125.59000000,484377.04900000,1767196799999,60987203.64410000,216339,256988.01400000,32357427.05767000,0
1767196800000,125.58000000,125.74000000,124.31000000,124.39000000,323537.14000000,1767211199999,40423429.85507000,161775,168932.63000000,21107515.62016000,0
1767211200000,124.38000000,132.75000000,122.99000000,124.65000000,1289724.06400000,1767225599999,160987036.35065000,252868,747188.32500000,93619851.36404000,0
1767225600000,124.64000000,125.80000000,124.60000000,125.21000000,245926.33800000,1767239999999,30792108.70020000,86575,103201.29600000,12919025.55921000,0
1767240000000,125.22000000,125.32000000,124.22000000,124.24000000,156389.37900000,1767254399999,19530531.04779000,58019,79393.65400000,9910199.10046000,0
1767254400000,124.24000000,125.29000000,124.15000000,125.22000000,343252.97700000,1767268799999,42883081.07871000,72509,118749.11400000,14819778.43478000,0
1767268800000,125.23000000,125.28000000,124.39000000,124.96000000,310752.54900000,1767283199999,38785419.51889000,83844,198539.43000000,24769356.11007000,0
1767283200000,124.96000000,125.79000000,124.28000000,125.76000000,384537.99300000,1767297599999,48096471.97363000,107081,187577.10300000,23447440.57518000,0
1767297600000,125.76000000,127.25000000,125.31000000,126.90000000,292805.74200000,1767311999999,36981335.83693000,107229,165511.49500000,20896486.76008000,0
1767312000000,126.91000000,127.99000000,125.84000000,127.53000000,380568.16200000,1767326399999,48243816.90087000,170511,211855.87500000,26854025.76045000,0
1767326400000,127.53000000,127.72000000,126.75000000,127.13000000,180338.21500000,1767340799999,22948909.89399000,98586,82668.16900000,10520936.69615000,0
1767340800000,127.14000000,129.99000000,127.13000000,128.22000000,625544.28500000,1767355199999,80602494.89769000,209640,319956.53800000,41237516.41928000,0
1767355200000,128.21000000,129.65000000,126.82000000,128.98000000,627670.56000000,1767369599999,80549779.62521000,314979,315601.76100000,40511934.98763000,0
1767369600000,128.98000000,132.30000000,128.68000000,131.63000000,745970.82000000,1767383999999,97717009.71115000,381645,388735.58500000,50911651.58913000,0
1767384000000,131.63000000,133.25000000,130.83000000,132.29000000,364135.33000000,1767398399999,48151176.55226000,173593,203923.40300000,26975189.30845000,0
1767398400000,132.28000000,133.17000000,132.06000000,132.83000000,270844.66500000,1767412799999,35911237.78781000,117584,125651.63300000,16657933.52519000,0
1767412800000,132.83000000,132.93000000,129.60000000,130.10000000,368318.03600000,1767427199999,48320396.72866000,149792,144342.12800000,18932849.31941000,0
1767427200000,130.09000000,131.44000000,129.80000000,130.71000000,253605.01000000,1767441599999,33170785.96602000,109597,129306.16200000,16912380.43703000,0
1767441600000,130.71000000,132.18000000,130.50000000,131.47000000,238562.33700000,1767455999999,31340211.09128000,91706,144111.90400000,18931805.00334000,0
1767456000000,131.48000000,132.12000000,131.47000000,131.78000000,150725.72900000,1767470399999,19872908.18459000,63126,77775.47300000,10255505.74929000,0
1767470400000,131.78000000,133.99000000,131.35000000,133.37000000,238567.72200000,1767484799999,31680381.79928000,105235,129454.49500000,17194982.65751000,0
1767484800000,133.37000000,134.97000000,133.31000000,134.62000000,397085.18100000,1767499199999,53272337.79869000,209361,200096.43300000,26851648.32828000,0
1767499200000,134.62000000,135.00000000,133.66000000,133.80000000,302385.36600000,1767513599999,40602557.97371000,126575,142868.44500000,19188192.30468000,0
1767513600000,133.80000000,134.88000000,133.20000000,134.39000000,263179.19300000,1767527999999,35308006.93274000,126359,119531.99300000,16041760.53449000,0
1767528000000,134.39000000,135.35000000,133.75000000,134.91000000,350770.21600000,1767542399999,47230596.71699000,141649,172998.35500000,23295827.32595000,0
1767542400000,134.91000000,135.54000000,133.12000000,133.56000000,339599.21700000,1767556799999,45615561.60960000,168253,169336.55000000,22741323.27706000,0
1767556800000,133.55000000,134.86000000,133.40000000,134.12000000,156249.94000000,1767571199999,20956108.51935000,120662,86186.53900000,11559518.15259000,0
1767571200000,134.12000000,137.75000000,134.01000000,136.64000000,651880.99300000,1767585599999,88725072.38784000,314876,326555.71200000,44460420.06627000,0
1767585600000,136.64000000,136.79000000,134.63000000,135.45000000,328811.12500000,1767599999999,44568740.82590000,157944,140602.28600000,19060149.75153000,0
1767600000000,135.45000000,136.06000000,134.75000000,135.77000000,342758.22400000,1767614399999,46426692.77805000,155829,172308.89100000,23344067.37173000,0
1767614400000,135.77000000,136.47000000,133.18000000,136.13000000,798861.98300000,1767628799999,107585173.11454000,404665,418523.03200000,56379794.07018000,0
1767628800000,136.13000000,138.82000000,134.31000000,138.23000000,765477.73700000,1767643199999,104640690.39478000,355141,421029.24500000,57554025.79210000,0
1767643200000,138.23000000,139.87000000,137.72000000,137.90000000,439777.42200000,1767657599999,60964714.76301000,244690,233582.39000000,32388408.52009000,0
1767657600000,137.91000000,138.63000000,136.89000000,138.38000000,341713.20900000,1767671999999,47069579.97733000,235351,169243.75000000,23319195.50985000,0
1767672000000,138.38000000,140.08000000,137.35000000,137.61000000,507045.10500000,1767686399999,70367859.92932000,231975,260440.74600000,36166183.09081000,0
1767686400000,137.60000000,139.70000000,137.40000000,139.50000000,416041.92800000,1767700799999,57541435.46761000,193028,215356.95400000,29792849.30889000,0
1767700800000,139.50000000,143.48000000,138.72000000,141.60000000,1164131.17300000,1767715199999,164801700.92356000,498785,597248.73400000,84570468.00731000,0
1767715200000,141.59000000,141.95000000,136.19000000,137.53000000,841636.85200000,1767729599999,116454819.35992000,443458,375110.30700000,51881283.60252000,0
1767729600000,137.53000000,141.99000000,137.51000000,141.08000000,501226.85000000,1767743999999,70255836.32246000,274803,262275.37700000,36733160.14918000,0
1767744000000,141.08000000,141.40000000,138.52000000,139.58000000,365641.21000000,1767758399999,51093986.13480000,246316,176304.27200000,24643655.29908000,0
1767758400000,139.59000000,139.72000000,138.15000000,139.39000000,254909.39200000,1767772799999,35416290.57593000,132956,115426.86900000,16036253.74647000,0
1767772800000,139.39000000,139.80000000,136.56000000,137.93000000,475525.66200000,1767787199999,65538390.50280000,253728,225064.65200000,31013255.60404000,0
1767787200000,137.93000000,138.51000000,135.25000000,135.70000000,569355.22100000,1767801599999,77942220.63185000,365830,273971.92800000,37524090.71246000,0
1767801600000,135.70000000,136.68000000,134.41000000,135.76000000,401993.74800000,1767815999999,54507491.42299000,263479,201052.05800000,27265489.43105000,0
1767816000000,135.76000000,137.05000000,135.00000000,136.39000000,254216.94500000,1767830399999,34642070.53741000,162355,143104.04100000,19512034.71247000,0
1767830400000,136.39000000,138.32000000,136.00000000,136.75000000,382004.00800000,1767844799999,52423006.61014000,203648,203608.30800000,27952254.83765000,0
1767844800000,136.74000000,138.33000000,133.79000000,135.90000000,493314.37100000,1767859199999,67082791.27567000,258413,216966.55000000,29520339.68243000,0
1767859200000,135.90000000,136.22000000,133.92000000,134.79000000,323607.29400000,1767873599999,43657144.00294000,172941,160925.48600000,21711394.65508000,0
1767873600000,134.80000000,136.55000000,132.67000000,136.41000000,663928.57600000,1767887999999,89170193.22861000,351395,317384.42500000,42638873.78672000,0
1767888000000,136.41000000,139.06000000,136.25000000,137.53000000,635387.08500000,1767902399999,87589046.65627000,343653,339899.13400000,46869302.44555000,0
1767902400000,137.53000000,140.07000000,136.52000000,138.37000000,615196.50100000,1767916799999,85289691.28988000,225613,331514.70500000,45974834.02659000,0
1767916800000,138.37000000,141.17000000,137.74000000,140.81000000,657548.76800000,1767931199999,91636975.09729000,214429,326052.09700000,45457029.20338000,0
1767931200000,140.81000000,141.08000000,139.46000000,139.54000000,371513.45800000,1767945599999,52087555.99697000,150957,173295.15400000,24292126.46979000,0
1767945600000,139.55000000,139.68000000,137.04000000,138.28000000,621265.56500000,1767959999999,86061808.99436000,211942,329712.35900000,45672029.29573000,0
1767960000000,138.27000000,140.89000000,136.13000000,138.82000000,965343.63900000,1767974399999,133386684.53295000,462609,526865.86800000,72822315.65600000,0
1767974400000,138.82000000,140.25000000,135.44000000,135.81000000,776742.65700000,1767988799999,107055990.01914000,334133,387963.56200000,53543199.47719000,0
1767988800000,135.80000000,136.45000000,134.98000000,135.97000000,386133.90900000,1768003199999,52441148.09880000,185357,172064.74200000,23368664.45292000,0
1768003200000,135.96000000,136.69000000,135.68000000,136.15000000,206284.98000000,1768017599999,28085714.01417000,81124,100773.00300000,13724875.93046000,0
1768017600000,136.15000000,136.34000000,135.75000000,136.09000000,127461.09400000,1768031999999,17334673.85025000,67939,48554.74200000,6603527.69088000,0
1768032000000,136.09000000,137.05000000,136.00000000,136.58000000,203467.60100000,1768046399999,27782637.24753000,74865,115664.73300000,15798299.51859000,0
1768046400000,136.58000000,137.04000000,136.01000000,136.42000000,180816.34700000,1768060799999,24666020.11098000,77024,85455.51900000,11656788.07312000,0
1768060800000,136.42000000,136.71000000,135.85000000,136.22000000,163655.47000000,1768075199999,22291662.44222000,59343,85652.75000000,11667737.32665000,0
1768075200000,136.22000000,136.27000000,135.37000000,135.84000000,119151.51200000,1768089599999,16185623.13286000,59333,59650.11300000,8104264.33707000,0
1768089600000,135.85000000,136.47000000,135.75000000,136.26000000,140444.87400000,1768103999999,19121817.61066000,60408,84302.94400000,11477447.54692000,0
1768104000000,136.26000000,136.43000000,135.88000000,136.20000000,118593.44300000,1768118399999,16150568.70725000,47642,63946.89400000,8709136.48838000,0
1768118400000,136.20000000,136.91000000,136.10000000,136.58000000,197166.95800000,1768132799999,26933504.90662000,69769,97066.91800000,13260168.98157000,0
1768132800000,136.58000000,139.55000000,136.52000000,138.43000000,474319.40600000,1768147199999,65493580.44937000,152685,253352.88500000,34952844.22653000,0
1768147200000,138.44000000,141.60000000,138.43000000,139.43000000,775597.18400000,1768161599999,108676774.54759000,270441,432751.52500000,60627053.66324000,0
1768161600000,139.42000000,139.77000000,137.49000000,139.70000000,503791.34100000,1768175999999,69809160.53696000,256887,280240.20500000,38816532.15486000,0
1768176000000,139.69000000,144.40000000,138.92000000,142.54000000,1277457.95100000,1768190399999,180829474.04419000,458631,619377.52800000,87737645.22368000,0
1768190400000,142.54000000,143.35000000,141.36000000,141.41000000,430457.21100000,1768204799999,61294728.76858000,176043,205197.39500000,29223624.58633000,0
1768204800000,141.42000000,142.05000000,139.04000000,140.03000000,524699.38700000,1768219199999,73469912.09312000,231733,278885.56400000,39061623.95172000,0
1768219200000,140.02000000,142.74000000,138.69000000,142.58000000,532621.64800000,1768233599999,74804722.98133000,323824,268726.27800000,37746340.06484000,0
1768233600000,142.58000000,144.33000000,140.58000000,140.99000000,859921.73600000,1768247999999,122552456.78202000,415790,416466.18100000,59341291.68498000,0
1768248000000,141.00000000,141.86000000,138.34000000,139.22000000,534962.15800000,1768262399999,74608415.37136000,209364,274805.55600000,38315880.25281000,0
1768262400000,139.21000000,139.58000000,137.82000000,138.74000000,538089.34100000,1768276799999,74663475.42661000,162856,303367.82600000,42094060.24801000,0
1768276800000,138.75000000,140.76000000,138.39000000,139.97000000,420710.94900000,1768291199999,58878781.71497000,187133,188288.12100000,26342576.15610000,0
1768291200000,139.97000000,143.12000000,139.97000000,141.84000000,676254.56200000,1768305599999,95980782.05155000,218107,342224.74400000,48561885.33486000,0
1768305600000,141.84000000,143.84000000,141.21000000,143.51000000,907770.28200000,1768319999999,129358794.05667000,404139,420470.78500000,59940301.73030000,0
1768320000000,143.51000000,144.55000000,142.43000000,144.24000000,533027.79300000,1768334399999,76492388.28073000,302375,279202.19900000,40085842.38321000,0
1768334400000,144.24000000,148.74000000,143.00000000,145.51000000,1119229.54100000,1768348799999,163338927.85493000,506431,609615.87500000,88994239.65872000,0
1768348800000,145.52000000,146.60000000,144.33000000,146.29000000,640347.02500000,1768363199999,93185625.47519000,261948,350524.39700000,51014180.62910000,0
1768363200000,146.28000000,146.46000000,143.92000000,144.86000000,540588.65300000,1768377599999,78237164.45942000,164572,262988.88400000,38067108.82021000,0
1768377600000,144.85000000,145.76000000,143.53000000,143.77000000,379406.47700000,1768391999999,54951338.19921000,152326,150835.48700000,21841471.00596000,0
1768392000000,143.76000000,147.56000000,143.37000000,147.07000000,925906.86500000,1768406399999,134989798.16043000,364607,479676.55300000,69962420.78206000,0
1768406400000,147.07000000,148.44000000,145.32000000,146.80000000,852900.58900000,1768420799999,125464385.70114000,345137,379691.59000000,55834639.42910000,0
1768420800000,146.80000000,147.73000000,145.84000000,146.69000000,355927.76900000,1768435199999,52259885.86223000,192773,178271.82600000,26179934.12258000,0
1768435200000,146.70000000,146.73000000,143.21000000,143.49000000,481901.96100000,1768449599999,69775357.09190000,202157,194360.41800000,28136667.94663000,0
1768449600000,143.49000000,145.29000000,143.28000000,144.99000000,279031.19100000,1768463999999,40282425.00269000,124471,154948.78700000,22356950.15275000,0
1768464000000,145.00000000,146.00000000,144.02000000,144.86000000,293200.65600000,1768478399999,42550327.76455000,130893,146653.96600000,21284165.40309000,0
1768478400000,144.85000000,145.65000000,141.78000000,143.48000000,759898.54600000,1768492799999,109316346.02642000,382251,347665.46500000,50044395.58192000,0
1768492800000,143.48000000,144.20000000,140.90000000,141.53000000,449424.79500000,1768507199999,64037948.56097000,316088,227645.60900000,32466894.18554000,0
1768507200000,141.53000000,142.66000000,141.02000000,142.40000000,198685.99000000,1768521599999,28187321.29910000,145440,89587.89700000,12711611.82022000,0
1768521600000,142.41000000,142.82000000,141.68000000,141.97000000,188314.50700000,1768535999999,26784468.72736000,122389,83542.53200000,11884882.78320000,0
1768536000000,141.97000000,143.63000000,141.39000000,142.95000000,358079.42800000,1768550399999,51016505.56841000,133585,179202.21900000,25545807.99261000,0
1768550400000,142.95000000,143.55000000,142.71000000,143.14000000,220271.61800000,1768564799999,31526774.64138000,124123,112913.89400000,16160338.94946000,0
1768564800000,143.14000000,143.86000000,140.26000000,140.78000000,444575.49100000,1768579199999,63356540.90989000,278563,211474.77700000,30183741.75954000,0
1768579200000,140.77000000,144.52000000,140.65000000,144.18000000,389096.31400000,1768593599999,55546124.25015000,225699,186378.94900000,26609616.66541000,0
1768593600000,144.17000000,145.55000000,143.49000000,144.89000000,300541.66800000,1768607999999,43528535.48496000,130065,146384.88100000,21201739.36604000,0
1768608000000,144.90000000,144.99000000,144.20000000,144.37000000,183972.75100000,1768622399999,26595302.91622000,71252,72127.28100000,10426071.41477000,0
1768622400000,144.36000000,144.50000000,143.64000000,143.64000000,87054.03800000,1768636799999,12541310.15417000,48560,43861.14600000,6319478.12132000,0
1768636800000,143.64000000,144.65000000,143.32000000,144.00000000,162784.03500000,1768651199999,23454019.49926000,62609,80814.16100000,11643377.22924000,0
1768651200000,144.00000000,144.35000000,143.60000000,144.33000000,152306.38100000,1768665599999,21921582.94360000,77737,84283.24400000,12131352.59445000,0
1768665600000,144.33000000,144.55000000,143.64000000,144.27000000,136850.60700000,1768679999999,19714143.96786000,67442,77841.69500000,11213265.56070000,0
1768680000000,144.26000000,144.58000000,143.51000000,143.72000000,112186.94900000,1768694399999,16164085.64794000,64489,53487.11500000,7702569.30166000,0
1768694400000,143.73000000,144.00000000,141.95000000,142.83000000,350824.74000000,1768708799999,50070768.47695000,126203,149869.10200000,21393222.56574000,0
1768708800000,142.82000000,143.04000000,142.03000000,142.11000000,235941.50200000,1768723199999,33663047.31838000,73460,111196.96200000,15868875.85734000,0
1768723200000,142.12000000,142.65000000,141.93000000,142.39000000,161988.89600000,1768737599999,23051317.79382000,73637,77925.93600000,11089831.40293000,0
1768737600000,142.39000000,142.73000000,141.50000000,142.00000000,235486.15900000,1768751999999,33480958.53702000,94992,100528.15900000,14294020.88656000,0
1768752000000,141.99000000,143.25000000,141.75000000,142.27000000,326847.27300000,1768766399999,46577813.78340000,99834,149205.26200000,21266589.84558000,0
1768766400000,142.28000000,143.04000000,137.74000000,137.87000000,566350.12800000,1768780799999,79573105.31150000,244845,248484.08600000,34953197.18367000,0
1768780800000,137.87000000,137.87000000,130.00000000,133.94000000,1659939.96100000,1768795199999,222211068.78370000,560837,844017.75700000,112966413.78344000,0
1768795200000,133.93000000,134.09000000,132.71000000,133.47000000,356148.55800000,1768809599999,47534152.04848000,112502,174951.93000000,23352346.46100000,0
1768809600000,133.47000000,134.37000000,133.28000000,134.13000000,319123.00400000,1768823999999,42692171.02288000,108742,151353.75000000,20247176.63610000,0
1768824000000,134.12000000,134.19000000,133.27000000,133.55000000,237599.59900000,1768838399999,31777798.76376000,105833,124425.59600000,16640548.05926000,0
1768838400000,133.55000000,134.71000000,133.48000000,134.45000000,180405.16000000,1768852799999,24204621.28382000,98157,89586.25400000,12019703.24569000,0
1768852800000,134.46000000,135.16000000,132.74000000,133.44000000,219308.48800000,1768867199999,29346202.20358000,127464,98997.19900000,13252956.37479000,0
1768867200000,133.44000000,134.63000000,133.07000000,134.24000000,246904.28800000,1768881599999,33044232.83359000,131146,133645.01400000,17888785.47554000,0
1768881600000,134.25000000,134.27000000,130.56000000,130.62000000,620942.69100000,1768895999999,82040929.54169000,302471,257517.50300000,34027047.36276000,0
1768896000000,130.62000000,130.80000000,128.36000000,128.81000000,861902.14900000,1768910399999,111349363.36848000,303490,380873.62800000,49205293.02624000,0
1768910400000,128.81000000,129.77000000,127.24000000,127.86000000,681240.95100000,1768924799999,87554352.36757000,405567,317803.58000000,40856366.72716000,0
1768924800000,127.86000000,128.59000000,126.30000000,127.25000000,604031.57000000,1768939199999,76865067.76936000,307379,303856.86000000,38675045.65738000,0
1768939200000,127.24000000,128.08000000,124.68000000,125.80000000,517402.23100000,1768953599999,65346414.31343000,215197,200356.20300000,25313545.22898000,0
1768953600000,125.81000000,127.86000000,125.75000000,127.61000000,281091.10100000,1768967999999,35732783.80557000,148126,148868.29200000,18940279.55984000,0
1768968000000,127.61000000,128.75000000,127.45000000,127.62000000,261374.28600000,1768982399999,33507858.81455000,102152,156802.65200000,20110826.08610000,0
1768982400000,127.61000000,128.19000000,126.80000000,126.94000000,264176.03800000,1768996799999,33682981.96984000,129791,124753.17900000,15908294.25050000,0
1768996800000,126.94000000,131.18000000,126.17000000,130.43000000,921029.37200000,1769011199999,118696860.69034000,401310,509706.57000000,65744614.67048000,0
1769011200000,130.43000000,131.68000000,125.26000000,131.50000000,958735.82100000,1769025599999,122915783.56392000,562549,497188.54600000,63797336.89479000,0
1769025600000,131.49000000,132.17000000,129.16000000,129.54000000,475329.74200000,1769039999999,62191387.47719000,224074,220291.68100000,28831187.78841000,0
1769040000000,129.53000000,130.62000000,129.53000000,129.86000000,193930.57900000,1769054399999,25233792.62248000,121455,109026.09000000,14189156.09373000,0
1769054400000,129.85000000,130.50000000,129.75000000,129.81000000,159631.22800000,1769068799999,20779888.97147000,89475,99675.93900000,12978693.82720000,0
1769068800000,129.80000000,130.35000000,129.35000000,130.11000000,193470.62500000,1769083199999,25137099.34970000,106056,95009.29800000,12344311.49365000,0
1769083200000,130.11000000,130.94000000,126.73000000,127.41000000,623936.65800000,1769097599999,80237965.43826000,322478,289597.47800000,37269287.28620000,0
1769097600000,127.42000000,129.37000000,126.92000000,129.26000000,398309.71300000,1769111999999,51011552.77135000,242952,197722.57000000,25319304.41115000,0
1769112000000,129.26000000,129.76000000,128.02000000,128.47000000,242307.65900000,1769126399999,31170388.67009000,134333,113985.66700000,14660623.82424000,0
1769126400000,128.47000000,128.98000000,128.08000000,128.76000000,182007.46900000,1769140799999,23402720.29351000,103034,92553.24700000,11901741.29638000,0
1769140800000,128.76000000,129.29000000,127.23000000,127.93000000,218313.97600000,1769155199999,28025308.57669000,107790,99582.53000000,12785161.08384000,0
1769155200000,127.93000000,128.00000000,126.94000000,127.54000000,190897.48100000,1769169599999,24310056.98600000,103732,88340.22700000,11250274.81494000,0
1769169600000,127.54000000,128.10000000,125.28000000,127.90000000,536316.12700000,1769183999999,67885869.89371000,232559,283485.64800000,35884791.11967000,0
1769184000000,127.90000000,130.20000000,127.46000000,128.08000000,641698.86700000,1769198399999,82610088.26151000,344191,365485.26900000,47064692.22140000,0
1769198400000,128.08000000,128.26000000,126.54000000,127.43000000,274829.15700000,1769212799999,35009899.96999000,177287,144931.43600000,18463589.60231000,0
1769212800000,127.43000000,128.12000000,127.29000000,127.91000000,114727.90100000,1769227199999,14645366.53472000,75472,58031.50800000,7408227.99357000,0
1769227200000,127.91000000,128.11000000,126.89000000,127.11000000,180692.08900000,1769241599999,23032539.83681000,56070,59468.85300000,7586316.34506000,0
1769241600000,127.12000000,127.40000000,126.93000000,127.17000000,120056.33800000,1769255999999,15266079.43661000,45622,64099.08300000,8150350.29704000,0
1769256000000,127.17000000,127.41000000,126.80000000,126.85000000,137033.22400000,1769270399999,17421714.05529000,53319,57361.10800000,7292809.26588000,0
1769270400000,126.85000000,127.51000000,126.64000000,127.30000000,142790.20100000,1769284799999,18160318.52366000,57125,69024.12900000,8780683.79707000,0
1769284800000,127.30000000,127.76000000,127.10000000,127.21000000,112120.24200000,1769299199999,14278889.94970000,44288,60001.46500000,7639730.64332000,0
1769299200000,127.22000000,127.46000000,126.35000000,126.64000000,162322.35600000,1769313599999,20615845.48710000,59004,70680.56900000,8977682.64293000,0
1769313600000,126.64000000,127.00000000,126.35000000,126.47000000,118525.08500000,1769327999999,15013125.57572000,47075,67241.81600000,8516855.21095000,0
1769328000000,126.47000000,127.20000000,125.98000000,126.77000000,197673.01900000,1769342399999,25022072.98600000,71405,100372.67000000,12707814.10574000,0
1769342400000,126.77000000,127.12000000,125.48000000,125.59000000,225134.28500000,1769356799999,28434592.03318000,102885,106381.26100000,13442130.97072000,0
1769356800000,125.58000000,125.58000000,117.15000000,117.96000000,2305430.15200000,1769371199999,279031992.80659000,596512,1135632.62700000,137068293.29419000,0
1769371200000,117.96000000,119.45000000,117.38000000,118.85000000,1531794.55200000,1769385599999,181046901.20172000,355510,923678.38800000,109155609.84122000,0
1769385600000,118.85000000,122.77000000,118.53000000,121.57000000,478950.11200000,1769399999999,57899745.99397000,252698,263445.62500000,31810867.37517000,0
1769400000000,121.58000000,123.62000000,121.57000000,122.89000000,249077.02900000,1769414399999,30547528.10071000,148993,122820.07800000,15064136.47747000,0
1769414400000,122.90000000,123.59000000,121.76000000,122.50000000,295031.12700000,1769428799999,36155596.86690000,125467,121615.52400000,14906318.17965000,0
1769428800000,122.51000000,125.20000000,122.35000000,123.53000000,594653.17400000,1769443199999,73443712.48962000,278649,278103.10100000,34370453.66998000,0
1769443200000,123.53000000,125.60000000,123.03000000,124.31000000,472340.45300000,1769457599999,58710657.98618000,246769,244781.68100000,30441157.00327000,0
1769457600000,124.31000000,124.88000000,123.42000000,124.24000000,265699.46800000,1769471999999,33010414.95663000,135313,128505.54600000,15971962.15171000,0
1769472000000,124.24000000,125.17000000,123.73000000,124.51000000,222042.73400000,1769486399999,27647267.89652000,106422,125007.11600000,15565073.13696000,0
1769486400000,124.51000000,125.15000000,124.00000000,124.52000000,197767.21500000,1769500799999,24607473.32537000,82356,93337.20700000,11618140.75146000,0
1769500800000,124.52000000,124.79000000,123.57000000,124.12000000,224263.43900000,1769515199999,27812657.36057000,98743,101550.73600000,12597502.69210000,0
1769515200000,124.12000000,125.06000000,123.12000000,125.01000000,297484.05500000,1769529599999,36880164.66065000,196752,153782.01100000,19073397.80322000,0
1769529600000,125.01000000,126.79000000,123.55000000,125.85000000,635375.61300000,1769543999999,79663476.60449000,342028,315031.86300000,39512135.45564000,0
1769544000000,125.84000000,127.84000000,125.73000000,127.19000000,459575.98600000,1769558399999,58436786.53215000,179778,223371.74700000,28403554.04274000,0
1769558400000,127.18000000,127.52000000,126.65000000,126.96000000,197099.29000000,1769572799999,25038656.12519000,123377,83776.99800000,10642408.27706000,0
1769572800000,126.96000000,127.54000000,126.45000000,127.10000000,190954.09300000,1769587199999,24241718.62257000,105493,93027.60500000,11806990.27126000,0
1769587200000,127.09000000,128.34000000,125.97000000,128.17000000,352797.50100000,1769601599999,44894909.82502000,165867,167027.94400000,21268943.58908000,0
1769601600000,128.16000000,128.25000000,125.52000000,126.07000000,516333.67300000,1769615999999,65532348.69270000,251044,266175.30600000,33785131.80214000,0
1769616000000,126.06000000,127.04000000,125.26000000,126.01000000,434021.82200000,1769630399999,54712505.75297000,259849,224631.78800000,28316337.09424000,0
1769630400000,126.00000000,126.68000000,124.78000000,125.35000000,306657.14900000,1769644799999,38513520.84442000,159655,155656.63200000,19551345.33979000,0
1769644800000,125.34000000,125.51000000,122.70000000,123.07000000,379002.26700000,1769659199999,46986606.92902000,205281,177356.28900000,21986210.69867000,0
1769659200000,123.07000000,123.98000000,122.50000000,123.78000000,182453.49700000,1769673599999,22519362.33139000,86271,93129.37300000,11493743.35206000,0
1769673600000,123.78000000,123.93000000,122.66000000,122.76000000,204252.17100000,1769687999999,25156049.92591000,94040,93663.34100000,11536260.20563000,0
1769688000000,122.76000000,123.34000000,116.12000000,117.69000000,1150715.43500000,1769702399999,137092018.24609000,450347,583353.10000000,69446631.33339000,0
1769702400000,117.69000000,119.96000000,115.39000000,116.84000000,1351851.92700000,1769716799999,158632003.62384000,462318,685683.55600000,80461564.02290000,0
1769716800000,116.84000000,117.91000000,116.56000000,117.82000000,462338.17600000,1769731199999,54211564.39887000,145944,229943.17500000,26958494.64143000,0
1769731200000,117.82000000,118.14000000,112.14000000,114.43000000,1234004.18000000,1769745599999,141328901.14206000,445212,565896.88500000,64781781.63448000,0
1769745600000,114.44000000,116.13000000,113.01000000,115.78000000,715888.11300000,1769759999999,82349702.55082000,209406,394704.29600000,45404691.32199000,0
1769760000000,115.78000000,117.28000000,114.67000000,117.08000000,534204.70000000,1769774399999,61795348.83661000,219384,258150.67000000,29884310.22101000,0
1769774400000,117.08000000,117.64000000,114.58000000,116.80000000,718933.59900000,1769788799999,83621095.93052000,380273,367466.39700000,42752257.59742000,0
1769788800000,116.80000000,119.12000000,114.34000000,118.30000000,1049347.95900000,1769803199999,123175011.30086000,495159,577495.76500000,67825524.17984000,0
1769803200000,118.29000000,118.43000000,116.52000000,117.59000000,508628.19100000,1769817599999,59753427.37200000,241784,264452.25300000,31074981.25237000,0
1769817600000,117.60000000,118.66000000,117.39000000,118.39000000,320657.22900000,1769831999999,37856513.27633000,124002,166120.32200000,19614684.10409000,0
1769832000000,118.39000000,118.85000000,117.20000000,117.37000000,436088.98400000,1769846399999,51559652.87326000,129609,214407.79500000,25349610.66689000,0
1769846400000,117.38000000,117.53000000,114.29000000,116.05000000,868789.91700000,1769860799999,100581101.11045000,272400,369789.98300000,42780273.53291000,0
1769860800000,116.06000000,116.19000000,108.23000000,108.65000000,1790442.23100000,1769875199999,199018879.10869000,698498,844113.06100000,93651487.68888000,0
1769875200000,108.65000000,109.83000000,96.40000000,101.78000000,4226686.93800000,1769889599999,436095550.09780000,1509421,2006504.13700000,206953949.20743000,0
1769889600000,101.77000000,106.55000000,100.40000000,105.58000000,924733.02700000,1769903999999,95470378.83448000,514670,491994.02900000,50798652.96345000,0
1769904000000,105.58000000,106.43000000,104.23000000,104.97000000,421440.56600000,1769918399999,44369084.98666000,247683,207870.93400000,21889704.04862000,0
1769918400000,104.97000000,106.02000000,103.96000000,105.20000000,396862.04600000,1769932799999,41704742.47151000,190792,218891.18800000,23013954.71464000,0
1769932800000,105.20000000,106.06000000,103.59000000,105.05000000,462122.88300000,1769947199999,48504464.06236000,245293,211432.27800000,22203860.07487000,0
1769947200000,105.06000000,106.69000000,100.21000000,101.69000000,1033943.97800000,1769961599999,106848578.34018000,508113,463915.77500000,47997971.04801000,0
1769961600000,101.70000000,104.27000000,100.93000000,101.94000000,674420.78300000,1769975999999,69124803.20358000,409024,349689.69400000,35863318.48948000,0
1769976000000,101.94000000,102.88000000,98.02000000,100.79000000,1215465.79500000,1769990399999,122287889.19016000,601308,600475.26700000,60396807.30646000,0
1769990400000,100.78000000,103.14000000,95.95000000,100.07000000,1510943.50400000,1770004799999,151035671.01726000,759854,696859.22000000,69751222.44838000,0
1770004800000,100.08000000,102.43000000,97.07000000,101.43000000,1575814.21500000,1770019199999,157364900.36586000,737477,744468.88400000,74381595.68888000,0
1770019200000,101.42000000,103.45000000,101.36000000,102.78000000,791326.61400000,1770033599999,81079262.40242000,354231,393367.40900000,40309630.70741000,0
1770033600000,102.78000000,106.12000000,102.39000000,104.70000000,886338.74600000,1770047999999,92423995.27483000,518505,445112.53700000,46421876.76055000,0
1770048000000,104.69000000,105.78000000,103.51000000,103.89000000,515713.96500000,1770062399999,54038542.09404000,311841,229358.47500000,24038309.65355000,0
1770062400000,103.88000000,105.20000000,103.32000000,104.55000000,293895.63700000,1770076799999,30666670.78007000,175071,153857.37700000,16058530.34433000,0
1770076800000,104.54000000,104.67000000,102.18000000,104.16000000,412975.48600000,1770091199999,42733863.72747000,246313,201351.91000000,20842477.45634000,0
1770091200000,104.17000000,105.10000000,102.96000000,104.70000000,302547.58400000,1770105599999,31490637.84876000,166510,155071.83900000,16145228.04007000,0
1770105600000,104.70000000,105.04000000,102.50000000,103.01000000,425554.13800000,1770119999999,44028346.99196000,213207,201579.66600000,20857458.92039000,0
1770120000000,103.01000000,103.65000000,100.41000000,102.56000000,816223.89600000,1770134399999,83424051.90360000,420305,405413.58200000,41430176.23447000,0
1770134400000,102.56000000,102.56000000,96.64000000,99.02000000,1469216.05200000,1770148799999,145564527.36156000,648949,677947.74300000,67173829.75421000,0
1770148800000,99.01000000,102.07000000,97.21000000,97.89000000,1087500.95900000,1770163199999,108623740.39319000,440353,586248.58500000,58595375.96591000,0
1770163200000,97.89000000,99.67000000,97.17000000,99.13000000,645253.04700000,1770177599999,63694110.25907000,301852,328224.39700000,32411232.82613000,0
1770177600000,99.12000000,99.35000000,96.46000000,97.90000000,561956.45200000,1770191999999,54994490.33125000,244304,262039.41400000,25645439.67904000,0
1770192000000,97.91000000,97.96000000,94.71000000,96.11000000,1023805.84600000,1770206399999,98739507.77641000,333939,437973.60100000,42259322.00888000,0
1770206400000,96.12000000,96.73000000,91.31000000,92.79000000,1307738.60900000,1770220799999,122864653.55758000,722073,625068.70300000,58738053.72732000,0
1770220800000,92.80000000,94.71000000,90.00000000,94.38000000,1621367.87800000,1770235199999,149322272.73336000,797283,882316.10300000,81307790.43807000,0
1770235200000,94.38000000,94.50000000,89.30000000,92.12000000,1091337.53900000,1770249599999,100248805.24466000,540558,560316.99800000,51491702.80630000,0
1770249600000,92.11000000,92.89000000,90.24000000,91.15000000,850851.31000000,1770263999999,77958108.86410000,543481,382834.35500000,35091970.08083000,0
1770264000000,91.14000000,92.11000000,89.68000000,90.54000000,1143660.87800000,1770278399999,103892139.36098000,511323,590426.42400000,53632950.54310000,0
1770278400000,90.55000000,93.43000000,88.66000000,89.98000000,1061546.23400000,1770292799999,96676878.75938000,397208,500992.66600000,45711696.49629000,0
1770292800000,89.98000000,91.43000000,83.44000000,84.61000000,2217771.52400000,1770307199999,193505575.41846000,1070246,1046279.03200000,91425823.93054000,0
1770307200000,84.61000000,86.20000000,81.21000000,81.68000000,1963466.05700000,1770321599999,163857327.76857000,1082913,929616.42400000,77596882.41360000,0
1770321600000,81.68000000,82.30000000,77.60000000,78.35000000,3006059.47700000,1770335999999,238898953.33978000,1266400,1386590.02000000,110178026.76227000,0
1770336000000,78.34000000,80.30000000,67.50000000,76.71000000,4857838.16600000,1770350399999,362408918.28016000,1564804,2348540.44100000,175455909.92946000,0
1770350400000,76.71000000,81.65000000,76.22000000,79.59000000,1318254.13000000,1770364799999,104620385.98604000,449789,653413.55100000,51854329.86709000,0
1770364800000,79.60000000,82.04000000,78.67000000,81.36000000,1054296.77600000,1770379199999,84781901.41971000,343962,492157.82100000,39644945.55395000,0
1770379200000,81.36000000,85.19000000,80.85000000,84.49000000,1705060.25100000,1770393599999,142051945.09324000,661640,872714.22000000,72774688.91160000,0
1770393600000,84.48000000,88.72000000,83.66000000,87.09000000,1733549.25100000,1770407999999,149891724.05415000,624540,849908.33100000,73492446.61831000,0
1770408000000,87.09000000,89.84000000,86.60000000,87.46000000,1142097.19200000,1770422399999,100553250.48872000,335869,556420.42100000,49029090.37478000,0
1770422400000,87.45000000,88.39000000,85.91000000,88.10000000,818660.40700000,1770436799999,71182862.46229000,322216,385291.40900000,33539837.78182000,0
1770436800000,88.09000000,89.04000000,84.16000000,85.29000000,975611.03100000,1770451199999,84532640.66743000,376439,464930.72500000,40340500.62272000,0
1770451200000,85.29000000,85.74000000,84.51000000,84.91000000,448696.28900000,1770465599999,38186698.92973000,197534,232397.10500000,19786426.04780000,0
1770465600000,84.90000000,87.20000000,84.85000000,86.57000000,569529.97600000,1770479999999,49079884.00987000,265416,295254.84300000,25445814.24649000,0
1770480000000,86.56000000,89.19000000,86.17000000,88.30000000,1331970.84500000,1770494399999,116413691.16188000,430509,663592.50800000,58004035.11182000,0
1770494400000,88.30000000,89.20000000,86.86000000,87.59000000,342180.93200000,1770508799999,30179419.03138000,153927,146710.46100000,12941016.01062000,0
1770508800000,87.59000000,88.22000000,86.70000000,86.82000000,222639.84600000,1770523199999,19469192.58248000,113767,109256.05000000,9558758.15189000,0
1770523200000,86.82000000,87.56000000,86.63000000,87.42000000,226616.21900000,1770537599999,19748407.79193000,92534,111732.14400000,9737691.79970000,0
1770537600000,87.41000000,88.99000000,86.44000000,88.25000000,569978.38600000,1770551999999,50011991.49578000,222397,321382.47400000,28205338.96081000,0
1770552000000,88.25000000,88.89000000,87.35000000,87.77000000,517939.82200000,1770566399999,45687705.46403000,166810,283721.46300000,25032154.84911000,0
1770566400000,87.78000000,88.61000000,85.77000000,88.41000000,482648.82300000,1770580799999,42146852.92891000,173645,235482.70100000,20582755.91360000,0
1770580800000,88.41000000,89.08000000,86.06000000,86.99000000,515175.58700000,1770595199999,45043505.84365000,271697,250737.76100000,21932475.50317000,0
1770595200000,86.99000000,87.98000000,85.75000000,87.67000000,527305.41800000,1770609599999,45839658.29839000,301104,243422.73400000,21169033.47805000,0
1770609600000,87.67000000,87.72000000,85.19000000,85.50000000,493099.35900000,1770623999999,42633035.77424000,189262,237676.88700000,20555127.23259000,0
1770624000000,85.50000000,85.64000000,82.86000000,83.47000000,774366.76900000,1770638399999,65101613.19736000,253954,381136.56500000,32034848.40623000,0
1770638400000,83.48000000,85.80000000,83.45000000,85.28000000,637293.72200000,1770652799999,53826435.01217000,311263,327294.73100000,27643914.78713000,0
1770652800000,85.28000000,88.69000000,84.81000000,87.97000000,853076.18900000,1770667199999,74401730.37246000,403592,395650.35700000,34470701.21241000,0
1770667200000,87.96000000,88.31000000,86.53000000,86.77000000,382510.95900000,1770681599999,33409390.92875000,182078,145308.80700000,12687211.74258000,0
1770681600000,86.77000000,87.49000000,85.26000000,85.87000000,402093.53400000,1770695999999,34764753.46885000,155273,171847.83000000,14866653.80508000,0
1770696000000,85.86000000,86.67000000,84.30000000,84.63000000,497685.53200000,1770710399999,42493032.40506000,147315,235316.13300000,20086874.99656000,0
1770710400000,84.64000000,85.09000000,83.77000000,83.85000000,455095.70300000,1770724799999,38434613.29628000,141127,219176.78900000,18512538.74727000,0
1770724800000,83.85000000,85.24000000,83.20000000,84.30000000,798245.63800000,1770739199999,67137263.72757000,303699,372939.76700000,31391645.84773000,0
1770739200000,84.30000000,85.14000000,82.44000000,83.08000000,486935.39200000,1770753599999,40805349.14122000,233357,233353.46700000,19557735.19215000,0
1770753600000,83.08000000,83.23000000,81.91000000,82.99000000,335156.30600000,1770767999999,27682951.75065000,137231,166115.38600000,13718248.79150000,0
1770768000000,82.99000000,84.39000000,82.59000000,83.34000000,317157.79600000,1770782399999,26494029.28427000,136220,144931.40300000,12105404.43297000,0
1770782400000,83.34000000,83.54000000,80.28000000,81.00000000,549886.45400000,1770796799999,44834408.08757000,213694,247161.52800000,20144732.55718000,0
1770796800000,81.00000000,81.47000000,80.38000000,81.26000000,369689.12700000,1770811199999,29922452.00850000,142670,193439.44500000,15659808.89840000,0
1770811200000,81.25000000,83.17000000,78.56000000,79.72000000,1281109.03600000,1770825599999,103636624.01864000,477452,664106.35300000,53738985.15674000,0
1770825600000,79.72000000,80.94000000,78.04000000,79.72000000,711553.11800000,1770839999999,56567381.97545000,339972,360221.86900000,28647779.80092000,0
1770840000000,79.72000000,81.11000000,78.80000000,79.30000000,585517.78900000,1770854399999,46750515.89022000,209953,300000.79700000,23969546.16201000,0
1770854400000,79.31000000,80.79000000,79.26000000,80.62000000,286003.68300000,1770868799999,22938997.68660000,140919,144114.73500000,11556691.92525000,0
1770868800000,80.63000000,80.99000000,79.50000000,80.77000000,278474.15400000,1770883199999,22415447.70060000,119867,152080.77300000,12244524.17550000,0
1770883200000,80.77000000,82.25000000,80.32000000,81.87000000,426871.07500000,1770897599999,34802905.20744000,142538,204283.02300000,16654905.97139000,0
1770897600000,81.87000000,82.13000000,80.10000000,80.12000000,655744.32900000,1770911999999,53214971.53092000,276116,324956.32200000,26374697.01286000,0
1770912000000,80.13000000,80.22000000,77.03000000,77.62000000,927205.54000000,1770926399999,72586025.92944000,435759,488475.53900000,38242482.18956000,0
1770926400000,77.62000000,78.52000000,76.60000000,78.40000000,621931.33600000,1770940799999,48187371.72185000,209237,308359.55600000,23909361.79232000,0
1770940800000,78.39000000,79.48000000,77.53000000,79.05000000,370604.06100000,1770955199999,29128033.59705000,158739,198184.04400000,15582000.99808000,0
1770955200000,79.05000000,79.27000000,77.85000000,78.99000000,343878.43700000,1770969599999,27027069.22589000,121550,151216.15800000,11886695.18740000,0
1770969600000,78.99000000,80.62000000,78.86000000,80.31000000,453099.44000000,1770983999999,36194174.27355000,149798,228743.35200000,18272369.03472000,0
1770984000000,80.31000000,84.34000000,79.73000000,83.20000000,994476.77200000,1770998399999,81286393.16762000,379686,476337.06400000,38981634.71585000,0
1770998400000,83.20000000,85.63000000,82.92000000,84.66000000,834107.95600000,1771012799999,70475468.90418000,304032,401331.59400000,33901374.44424000,0
1771012800000,84.65000000,85.19000000,84.12000000,84.33000000,374223.60600000,1771027199999,31673302.28403000,131739,196047.50100000,16597478.03302000,0
1771027200000,84.34000000,85.30000000,84.21000000,85.06000000,289428.39700000,1771041599999,24566871.82195000,81583,164193.22100000,13937496.70791000,0
1771041600000,85.07000000,85.27000000,84.35000000,85.19000000,156035.42500000,1771055999999,13244993.33285000,54952,72814.03300000,6181094.57031000,0
1771056000000,85.19000000,87.33000000,85.16000000,87.29000000,581740.68000000,1771070399999,50158074.42334000,173527,324350.60900000,27966965.33523000,0
1771070400000,87.29000000,87.69000000,86.00000000,87.44000000,570822.94300000,1771084799999,49612994.18860000,168154,299750.00100000,26066355.86465000,0
1771084800000,87.44000000,88.47000000,86.99000000,88.20000000,665986.60700000,1771099199999,58461982.56068000,158510,301020.04200000,26435442.28039000,0
1771099200000,88.21000000,88.90000000,87.29000000,88.06000000,434593.16300000,1771113599999,38325626.78166000,135144,216484.17300000,19101684.78793000,0
1771113600000,88.06000000,88.78000000,87.31000000,88.61000000,477493.40200000,1771127999999,42031523.88782000,163413,228511.28300000,20126028.35085000,0
1771128000000,88.60000000,90.98000000,88.35000000,90.74000000,806233.04800000,1771142399999,72154132.06980000,236034,439834.77600000,39378085.42088000,0
1771142400000,90.74000000,91.26000000,89.01000000,89.17000000,713517.75400000,1771156799999,64183646.48003000,191707,341360.89600000,30710394.19767000,0
1771156800000,89.18000000,89.63000000,86.66000000,87.42000000,766136.52800000,1771171199999,67307500.86263000,250004,359316.82700000,31546126.58769000,0
1771171200000,87.41000000,87.88000000,85.20000000,85.34000000,714921.00200000,1771185599999,61867110.63988000,227135,287679.93800000,24901991.33941000,0
1771185600000,85.35000000,86.70000000,84.89000000,86.16000000,450783.66600000,1771199999999,38706787.83995000,141827,224051.85400000,19244241.74086000,0
1771200000000,86.15000000,86.63000000,84.79000000,85.14000000,667949.30800000,1771214399999,57242129.40260000,141641,336705.80600000,28834549.81402000,0
1771214400000,85.15000000,85.91000000,84.47000000,85.06000000,346888.91200000,1771228799999,29502581.15865000,101582,160975.27600000,13690275.86557000,0
1771228800000,85.07000000,86.26000000,84.49000000,85.52000000,431369.74000000,1771243199999,36917542.96556000,133847,189080.92000000,16180238.76215000,0
1771243200000,85.52000000,86.93000000,82.55000000,83.21000000,1202171.27900000,1771257599999,101758706.25604000,402725,640706.22300000,54260315.34100000,0
1771257600000,83.21000000,85.16000000,83.10000000,84.61000000,631216.88700000,1771271999999,53110521.67247000,180855,321196.56600000,27046788.60040000,0
1771272000000,84.62000000,86.66000000,84.50000000,86.45000000,280155.68500000,1771286399999,24015146.08879000,137098,158703.62200000,13600927.27216000,0
1771286400000,86.45000000,87.69000000,85.76000000,86.37000000,299751.05000000,1771300799999,26009823.10069000,150212,162064.41800000,14069508.53465000,0
1771300800000,86.37000000,86.80000000,85.45000000,86.49000000,271821.33000000,1771315199999,23455272.23790000,103786,127744.01600000,11024163.34555000,0
1771315200000,86.48000000,86.77000000,84.75000000,85.10000000,286692.03600000,1771329599999,24526380.02400000,118922,121209.73700000,10371876.25218000,0
1771329600000,85.11000000,85.58000000,82.92000000,83.81000000,918074.82000000,1771343999999,77098715.13490000,296269,483651.68300000,40623292.16051000,0
1771344000000,83.80000000,85.76000000,83.13000000,84.87000000,672706.80100000,1771358399999,56868336.29467000,272791,357264.45400000,30207104.50690000,0
1771358400000,84.86000000,85.44000000,84.53000000,85.08000000,325609.82800000,1771372799999,27714967.61112000,122359,133622.85700000,11369749.86009000,0
1771372800000,85.09000000,85.49000000,83.92000000,85.33000000,469767.04300000,1771387199999,39820449.63186000,117803,214329.13000000,18159803.12068000,0
1771387200000,85.34000000,85.54000000,84.68000000,85.28000000,191825.64900000,1771401599999,16330788.90424000,79151,95691.32600000,8145963.45350000,0
1771401600000,85.28000000,86.09000000,82.83000000,82.86000000,707916.18800000,1771415999999,59738986.64407000,161952,363288.91800000,30636534.07793000,0
1771416000000,82.87000000,84.01000000,81.72000000,83.01000000,893829.75900000,1771430399999,74026491.20866000,310976,456012.28500000,37782767.78910000,0
1771430400000,83.00000000,83.09000000,80.48000000,80.93000000,615426.55300000,1771444799999,50329141.83680000,248624,282914.84500000,23154646.14396000,0
1771444800000,80.93000000,81.64000000,80.85000000,81.61000000,258838.77800000,1771459199999,21043973.46017000,108393,137597.56700000,11187843.24297000,0
1771459200000,81.61000000,82.07000000,81.25000000,81.77000000,164987.11200000,1771473599999,13477380.44664000,82970,95590.10900000,7809681.39930000,0
1771473600000,81.77000000,82.67000000,81.38000000,82.41000000,578429.86100000,1771487999999,47324739.31704000,98387,229915.47200000,18832222.05352000,0
1771488000000,82.40000000,82.42000000,80.91000000,81.24000000,312028.08500000,1771502399999,25475121.81537000,117141,141021.40300000,11508199.67220000,0
1771502400000,81.24000000,81.32000000,79.61000000,80.64000000,871083.31500000,1771516799999,69986947.02929000,277256,486363.62800000,39061864.73330000,0
1771516800000,80.63000000,82.20000000,79.92000000,81.95000000,569169.83200000,1771531199999,46165389.99419000,243261,298140.03500000,24196166.54288000,0
1771531200000,81.94000000,82.57000000,81.68000000,82.50000000,352579.28500000,1771545599999,28956200.37374000,127090,190016.81400000,15607830.67456000,0
1771545600000,82.50000000,83.54000000,82.33000000,83.04000000,484575.74100000,1771559999999,40247874.05866000,127231,229825.86600000,19080158.39042000,0
1771560000000,83.05000000,83.93000000,82.38000000,83.46000000,352315.37100000,1771574399999,29336850.22768000,105448,163784.24300000,13641946.14461000,0
1771574400000,83.45000000,84.84000000,83.30000000,83.58000000,667959.13200000,1771588799999,56158745.65983000,156568,285082.05200000,23973586.14059000,0
1771588800000,83.58000000,84.78000000,81.77000000,84.38000000,1113123.09400000,1771603199999,92637353.84053000,338698,546190.70400000,45460907.20961000,0
1771603200000,84.38000000,85.49000000,82.82000000,84.75000000,839756.20400000,1771617599999,70874826.57936000,338674,414323.91100000,34968548.40655000,0
1771617600000,84.75000000,85.23000000,84.12000000,84.67000000,296827.21700000,1771631999999,25096078.11034000,118268,153538.69700000,12981955.43580000,0
1771632000000,84.68000000,85.03000000,84.24000000,84.35000000,244834.54700000,1771646399999,20702587.24820000,67247,121720.92500000,10290853.00861000,0
1771646400000,84.35000000,84.78000000,83.97000000,84.24000000,191204.99200000,1771660799999,16117632.77228000,56339,75597.60300000,6372272.40625000,0
1771660800000,84.24000000,85.70000000,84.19000000,85.40000000,253890.12500000,1771675199999,21584114.94376000,76314,116586.19000000,9915685.55197000,0
1771675200000,85.40000000,86.72000000,85.00000000,86.58000000,560131.30500000,1771689599999,48189928.41728000,124413,297010.13500000,25550938.61596000,0
1771689600000,86.59000000,86.72000000,85.82000000,86.22000000,273165.29600000,1771703999999,23557033.05200000,90207,125214.18600000,10800370.34564000,0
1771704000000,86.21000000,86.21000000,85.12000000,85.17000000,257522.59700000,1771718399999,22039425.56864000,86680,117492.86200000,10054931.62954000,0
1771718400000,85.17000000,85.60000000,84.73000000,85.08000000,373587.24500000,1771732799999,31784559.12575000,81008,192214.42100000,16355518.76870000,0
1771732800000,85.08000000,85.58000000,84.81000000,85.24000000,156836.21900000,1771747199999,13361882.68489000,48521,81926.46100000,6978769.35134000,0
1771747200000,85.25000000,85.47000000,84.87000000,85.27000000,189820.25300000,1771761599999,16169660.27782000,52648,75366.53400000,6418303.16788000,0
1771761600000,85.28000000,85.33000000,82.98000000,83.50000000,605586.52600000,1771775999999,50742371.46248000,131377,293805.03000000,24593678.05779000,0
1771776000000,83.49000000,83.63000000,82.82000000,83.30000000,206105.59000000,1771790399999,17146035.32256000,68651,101417.60700000,8436533.92993000,0
1771790400000,83.30000000,83.71000000,82.48000000,82.79000000,266916.76300000,1771804799999,22188425.06626000,95812,139630.57600000,11606949.85414000,0
1771804800000,82.80000000,82.85000000,77.28000000,77.66000000,1532442.00000000,1771819199999,120696564.69379000,486837,734965.18600000,57854089.80992000,0
1771819200000,77.66000000,79.69000000,77.15000000,79.40000000,782254.48700000,1771833599999,61280226.93726000,185049,415333.14500000,32554949.31111000,0
1771833600000,79.40000000,80.69000000,78.53000000,80.05000000,565368.23100000,1771847999999,45067861.58295000,141787,303488.72400000,24172784.07959000,0
1771848000000,80.06000000,81.13000000,79.20000000,79.40000000,789672.18200000,1771862399999,63449787.07546000,271745,356184.53000000,28607956.25121000,0
1771862400000,79.39000000,79.80000000,77.27000000,78.29000000,1029792.14500000,1771876799999,81046897.26001000,282348,510267.93500000,40140965.54520000,0
1771876800000,78.28000000,78.92000000,77.63000000,77.90000000,463844.33800000,1771891199999,36342998.15524000,140669,246298.13400000,19296544.81161000,0
1771891200000,77.91000000,78.53000000,75.74000000,76.87000000,803680.30100000,1771905599999,62180660.12370000,270838,378935.80000000,29348240.62451000,0
1771905600000,76.88000000,77.36000000,76.11000000,76.84000000,639815.22000000,1771919999999,49101427.16702000,184846,324971.20500000,24938893.26398000,0
1771920000000,76.85000000,77.20000000,76.00000000,76.77000000,350066.33700000,1771934399999,26851737.63341000,131224,176477.72700000,13543550.22602000,0
1771934400000,76.78000000,77.49000000,75.63000000,77.30000000,738812.02900000,1771948799999,56676428.64140000,296263,373843.03300000,28702022.80304000,0
1771948800000,77.30000000,78.51000000,77.23000000,78.38000000,555440.05300000,1771963199999,43357227.89308000,204226,285144.95400000,22259064.47754000,0
1771963200000,78.38000000,79.62000000,78.12000000,78.99000000,505014.43600000,1771977599999,39835509.49299000,144738,252632.80500000,19932969.73093000,0
1771977600000,78.99000000,82.99000000,78.73000000,81.75000000,1007253.96700000,1771991999999,82202871.92578000,372919,511596.10300000,41758854.80102000,0
1771992000000,81.75000000,82.43000000,80.98000000,82.19000000,522305.82400000,1772006399999,42719320.19400000,170483,268258.61800000,21943958.01016000,0
1772006400000,82.19000000,83.42000000,81.93000000,83.39000000,430794.95000000,1772020799999,35598200.08465000,161217,231060.70300000,19101989.50715000,0
1772020800000,83.38000000,86.46000000,82.89000000,85.98000000,1251514.67900000,1772035199999,105937631.11706000,443954,672837.14200000,56957777.18601000,0
1772035200000,85.98000000,89.65000000,85.97000000,89.43000000,1161364.34800000,1772049599999,102264867.46126000,447388,623152.25700000,54887611.86553000,0
1772049600000,89.43000000,92.10000000,87.07000000,88.06000000,1259515.64700000,1772063999999,112710378.42154000,480252,651437.40900000,58325570.58223000,0
1772064000000,88.05000000,89.27000000,87.53000000,87.95000000,809196.66600000,1772078399999,71513047.16259000,276475,453602.29500000,40086385.76699000,0
1772078400000,87.95000000,89.05000000,87.22000000,87.24000000,460862.95000000,1772092799999,40462226.28461000,176400,180874.87900000,15888787.95295000,0
1772092800000,87.24000000,88.71000000,86.60000000,86.82000000,466378.44000000,1772107199999,40847611.97051000,163808,227370.60500000,19923125.71948000,0
1772107200000,86.82000000,88.26000000,85.27000000,86.56000000,621958.74200000,1772121599999,53986482.59890000,340532,301681.11300000,26186282.15323000,0
1772121600000,86.57000000,86.75000000,84.34000000,86.47000000,737319.89000000,1772135999999,62960947.22969000,308671,376839.65700000,32191747.80970000,0
1772136000000,86.47000000,86.87000000,85.73000000,85.91000000,261174.29100000,1772150399999,22501043.69619000,115155,132576.32200000,11423978.74981000,0
1772150400000,85.91000000,87.82000000,85.19000000,87.63000000,331556.01900000,1772164799999,28593563.41293000,153430,175843.78500000,15171289.60830000,0
1772164800000,87.63000000,88.29000000,86.81000000,87.31000000,371654.86300000,1772179199999,32510658.19266000,145906,169511.81400000,14836816.26845000,0
1772179200000,87.31000000,87.93000000,83.35000000,83.59000000,631826.71300000,1772193599999,54098543.42302000,226746,284629.28200000,24404873.60056000,0
1772193600000,83.59000000,83.76000000,81.95000000,82.70000000,917546.35100000,1772207999999,75997127.35638000,364359,461496.47100000,38233034.36072000,0
1772208000000,82.70000000,82.70000000,81.11000000,81.57000000,655568.69000000,1772222399999,53531382.93133000,259242,295689.73900000,24140732.85903000,0
1772222400000,81.57000000,82.11000000,80.32000000,81.85000000,462346.72300000,1772236799999,37641123.99873000,141153,220918.44600000,17997600.21006000,0
1772236800000,81.84000000,82.27000000,81.55000000,81.74000000,195519.45100000,1772251199999,16024415.00142000,90677,97633.28900000,8002083.37468000,0
1772251200000,81.75000000,81.90000000,77.12000000,78.71000000,1158965.03400000,1772265599999,91553419.67012000,445790,561454.09900000,44290980.72308000,0
1772265600000,78.70000000,79.60000000,77.74000000,78.78000000,1076217.70000000,1772279999999,84641490.23964000,249762,478274.57900000,37597985.09881000,0
1772280000000,78.78000000,81.51000000,78.59000000,80.92000000,972036.66300000,1772294399999,77955591.78861000,327832,495707.14100000,39773233.89800000,0
1772294400000,80.91000000,82.91000000,80.50000000,82.21000000,612172.33500000,1772308799999,49998879.09128000,224548,325416.72700000,26589087.06353000,0
1772308800000,82.22000000,85.65000000,81.97000000,84.35000000,722788.69600000,1772323199999,60844307.52081000,313814,358457.83400000,30167901.22805000,0
1772323200000,84.35000000,88.90000000,84.25000000,88.02000000,1243291.93800000,1772337599999,108276864.81679000,425371,600288.42300000,52256439.05628000,0
1772337600000,88.02000000,88.26000000,86.16000000,86.63000000,577621.13100000,1772351999999,50340161.44297000,213116,255245.55000000,22251667.97736000,0
1772352000000,86.63000000,86.83000000,84.71000000,85.18000000,563401.52800000,1772366399999,48115602.56965000,187210,268001.21900000,22877133.09898000,0
1772366400000,85.18000000,86.98000000,84.51000000,85.67000000,647556.01500000,1772380799999,55637851.35896000,268752,336539.51700000,28918739.30974000,0
1772380800000,85.67000000,86.10000000,83.03000000,83.23000000,723186.56900000,1772395199999,60957518.07414000,271738,349245.04300000,29442297.34360000,0
1772395200000,83.23000000,84.12000000,81.69000000,83.60000000,680137.04100000,1772409599999,56376575.63456000,272918,334122.46500000,27714162.75862000,0
1772409600000,83.61000000,86.18000000,83.46000000,84.78000000,654789.29000000,1772423999999,55414850.27225000,287333,344978.76500000,29211428.90225000,0
1772424000000,84.78000000,84.84000000,82.38000000,82.95000000,490483.05600000,1772438399999,41014166.48698000,190564,203733.62700000,17032533.69639000,0
1772438400000,82.96000000,84.29000000,82.37000000,83.89000000,580427.61200000,1772452799999,48490449.20353000,214808,278098.40400000,23240348.38212000,0
1772452800000,83.88000000,88.98000000,82.78000000,88.77000000,1522735.29500000,1772467199999,131505022.40311000,550292,818526.94100000,70778329.89159000,0
1772467200000,88.77000000,90.29000000,86.39000000,87.65000000,1223343.14400000,1772481599999,108058595.04907000,514517,606876.31900000,53639706.18688000,0
1772481600000,87.65000000,88.25000000,86.35000000,86.64000000,651654.86300000,1772495999999,56982991.86028000,254936,305792.54800000,26738195.42304000,0
1772496000000,86.65000000,87.32000000,85.23000000,86.31000000,536255.51000000,1772510399999,46296790.70209000,217662,259950.54500000,22445814.66150000,0
1772510400000,86.31000000,86.82000000,85.38000000,85.58000000,339964.67500000,1772524799999,29211226.21000000,156804,155852.04800000,13392878.74147000,0
1772524800000,85.58000000,85.77000000,83.70000000,84.21000000,747390.11300000,1772539199999,63049886.51993000,289783,364295.34300000,30736897.13518000,0
1772539200000,84.22000000,85.37000000,82.50000000,85.04000000,907184.57700000,1772553599999,76241660.14210000,505306,460819.43200000,38747298.56472000,0
1772553600000,85.03000000,87.34000000,84.15000000,85.08000000,1018149.72000000,1772567999999,87010614.78054000,488710,546913.36300000,46760978.62399000,0
1772568000000,85.08000000,87.46000000,84.17000000,86.97000000,587798.15000000,1772582399999,50597804.32907000,241458,300598.91900000,25890378.99974000,0
1772582400000,86.98000000,88.08000000,85.18000000,85.77000000,729459.90200000,1772596799999,63317223.27697000,322757,339618.72600000,29501534.05815000,0
1772596800000,85.77000000,87.52000000,84.78000000,87.43000000,656759.19600000,1772611199999,56269971.33071000,223132,322842.27000000,27679317.44070000,0
1772611200000,87.43000000,91.48000000,86.98000000,89.76000000,1680856.74800000,1772625599999,150972638.55028000,529516,901121.10900000,80955911.57060000,0
1772625600000,89.76000000,93.12000000,88.69000000,92.94000000,1507049.04200000,1772639999999,136700169.59402000,559322,819317.34800000,74402754.32075000,0
1772640000000,92.94000000,94.05000000,90.66000000,93.19000000,1058973.47300000,1772654399999,97630345.06400000,427488,558677.74500000,51545915.42567000,0
1772654400000,93.19000000,93.76000000,90.29000000,90.85000000,696833.02200000,1772668799999,64205455.75999000,249721,263147.12000000,24285172.29303000,0
1772668800000,90.86000000,91.42000000,89.61000000,90.03000000,547049.00800000,1772683199999,49449442.40556000,225237,250830.32900000,22680820.47276000,0
1772683200000,90.03000000,91.32000000,89.70000000,90.16000000,403516.55500000,1772697599999,36471145.73720000,169621,208471.54200000,18848366.31005000,0
1772697600000,90.16000000,92.96000000,89.66000000,91.84000000,704543.86800000,1772711999999,64397532.50957000,286180,345715.43100000,31635058.49409000,0
1772712000000,91.84000000,92.22000000,88.80000000,89.62000000,1029533.68400000,1772726399999,93192743.35135000,469168,470258.87400000,42582203.16479000,0
1772726400000,89.61000000,89.63000000,87.91000000,88.73000000,747026.38100000,1772740799999,66160291.67567000,287793,381381.52700000,33779181.24778000,0
1772740800000,88.72000000,89.85000000,88.54000000,88.77000000,322041.11200000,1772755199999,28709870.92368000,122360,169932.12800000,15153462.96257000,0
1772755200000,88.78000000,89.31000000,88.02000000,88.41000000,424326.71000000,1772769599999,37613819.76795000,140876,200715.25200000,17792647.08102000,0
1772769600000,88.40000000,88.92000000,87.51000000,88.70000000,305640.22300000,1772783999999,26930422.62553000,115154,155998.46400000,13747519.49614000,0
1772784000000,88.70000000,88.70000000,87.10000000,87.26000000,362070.47600000,1772798399999,31772219.95250000,127835,160639.98000000,14096932.98452000,0
1772798400000,87.25000000,87.27000000,83.96000000,84.65000000,1218389.06800000,1772812799999,104219750.57629000,396757,540240.24200000,46192461.87746000,0
1772812800000,84.65000000,85.90000000,83.64000000,85.21000000,582148.30500000,1772827199999,49308629.53838000,215393,247461.87900000,20986798.74023000,0
1772827200000,85.21000000,85.47000000,84.44000000,84.70000000,242749.86000000,1772841599999,20597518.50228000,78600,126009.20800000,10691480.58510000,0
1772841600000,84.69000000,85.07000000,84.32000000,84.52000000,227206.85400000,1772855999999,19237165.80624000,56931,122839.43800000,10402349.49007000,0
1772856000000,84.53000000,84.56000000,83.90000000,84.32000000,234003.85900000,1772870399999,19700445.99200000,66689,104810.98500000,8826352.80689000,0
1772870400000,84.33000000,84.91000000,84.12000000,84.66000000,213056.23700000,1772884799999,18014396.06971000,56141,109265.05000000,9237207.56575000,0
1772884800000,84.66000000,84.78000000,83.42000000,83.75000000,272791.65900000,1772899199999,22935309.21558000,94540,129522.36400000,10892079.02364000,0
1772899200000,83.75000000,84.08000000,82.28000000,82.53000000,362868.50300000,1772913599999,30179201.99069000,105456,169218.46100000,14088381.05883000,0
1772913600000,82.52000000,83.32000000,82.51000000,83.22000000,155354.60900000,1772927999999,12897279.79394000,69458,81426.16400000,6760168.13963000,0
1772928000000,83.22000000,83.49000000,82.11000000,82.34000000,256730.79100000,1772942399999,21246395.50629000,96456,111844.22300000,9260393.69446000,0
1772942400000,82.34000000,83.10000000,81.74000000,82.95000000,262761.98400000,1772956799999,21686319.58585000,96164,155274.11000000,12824935.92777000,0
1772956800000,82.95000000,84.13000000,82.51000000,82.81000000,340229.95400000,1772971199999,28328113.60856000,120897,197401.01900000,16444326.86366000,0
1772971200000,82.81000000,83.01000000,81.18000000,82.06000000,444407.11800000,1772985599999,36463739.03579000,185498,214431.21700000,17595872.00884000,0
1772985600000,82.06000000,82.65000000,81.31000000,82.49000000,243031.14200000,1772999999999,19895905.98595000,118279,118187.87700000,9680725.41754000,0
1773000000000,82.48000000,82.96000000,80.26000000,81.59000000,555804.69800000,1773014399999,45375725.09063000,257267,263510.15200000,21529964.91211000,0
1773014400000,81.60000000,84.50000000,81.54000000,83.16000000,588325.34400000,1773028799999,48761034.65192000,313677,316112.91100000,26217048.68235000,0
1773028800000,83.16000000,84.61000000,82.33000000,83.18000000,470418.80600000,1773043199999,39312766.50855000,202401,241773.08300000,20216478.28975000,0
1773043200000,83.18000000,84.60000000,82.94000000,83.59000000,501694.05400000,1773057599999,42090732.15363000,183081,262663.58200000,22044972.89796000,0
1773057600000,83.58000000,85.75000000,83.41000000,85.05000000,740176.32400000,1773071999999,62862536.43804000,305799,377703.44000000,32064184.31958000,0
1773072000000,85.05000000,87.06000000,84.26000000,85.97000000,726667.97500000,1773086399999,62170466.45032000,285187,361776.83100000,30966095.87223000,0
1773086400000,85.97000000,86.36000000,84.84000000,84.96000000,566774.78600000,1773100799999,48565445.21187000,145793,282732.11300000,24224209.98091000,0
1773100800000,84.95000000,86.91000000,84.83000000,85.55000000,537148.65600000,1773115199999,46166255.42062000,168821,278031.89100000,23904067.97141000,0
1773115200000,85.56000000,86.99000000,85.41000000,86.70000000,471249.53300000,1773129599999,40719801.78337000,136805,237495.72000000,20526270.70658000,0
1773129600000,86.71000000,87.67000000,86.58000000,86.79000000,532840.80900000,1773143999999,46392975.65822000,161999,276639.39900000,24088968.13557000,0
1773144000000,86.80000000,88.61000000,84.91000000,88.33000000,987019.81300000,1773158399999,85697725.07219000,413079,490943.83600000,42678322.89767000,0
1773158400000,88.34000000,88.80000000,85.66000000,86.02000000,702767.19800000,1773172799999,61398991.49608000,329956,322978.66000000,28221418.75464000,0
1773172800000,86.01000000,86.44000000,85.01000000,85.88000000,412869.12500000,1773187199999,35371877.82907000,134761,198269.28900000,16988531.99591000,0
1773187200000,85.88000000,86.28000000,85.48000000,85.63000000,286257.99100000,1773201599999,24580490.12391000,105255,153511.99200000,13182385.04315000,0
1773201600000,85.63000000,86.88000000,85.14000000,85.45000000,376050.49800000,1773215999999,32353357.53219000,114937,201776.97800000,17370953.13884000,0
1773216000000,85.44000000,85.61000000,84.39000000,84.55000000,403509.89600000,1773230399999,34325819.56176000,131356,190389.90100000,16196918.84841000,0
1773230400000,84.54000000,87.40000000,84.36000000,85.40000000,997150.05200000,1773244799999,85754173.25725000,397470,517393.63200000,44484978.58991000,0
1773244800000,85.41000000,88.09000000,85.30000000,87.29000000,833058.36500000,1773259199999,72624433.38729000,293881,441232.77600000,38466483.61015000,0
1773259200000,87.28000000,87.94000000,86.46000000,86.58000000,286148.93700000,1773273599999,24945748.44429000,117184,138424.32500000,12072560.48951000,0
1773273600000,86.58000000,86.78000000,84.72000000,85.01000000,357699.78500000,1773287999999,30668335.91994000,123080,154019.18600000,13212385.31320000,0
1773288000000,85.02000000,85.90000000,84.89000000,85.82000000,319771.49600000,1773302399999,27271316.25596000,91895,199884.45600000,17047354.93557000,0
1773302400000,85.82000000,87.13000000,85.39000000,86.79000000,448496.15400000,1773316799999,38729418.26552000,141075,256606.13000000,22159875.42580000,0
1773316800000,86.80000000,87.69000000,85.12000000,86.58000000,987466.44100000,1773331199999,85542513.21805000,329142,478134.71400000,41444633.62996000,0
1773331200000,86.57000000,87.09000000,85.68000000,86.80000000,507906.05400000,1773345599999,43932654.54504000,218726,270755.41600000,23425464.33865000,0
1773345600000,86.79000000,87.23000000,85.96000000,86.84000000,292341.21800000,1773359999999,25317352.34196000,107326,155274.86000000,13445906.62584000,0
1773360000000,86.83000000,91.14000000,86.71000000,89.69000000,1419913.11200000,1773374399999,127460763.13854000,460249,693897.77900000,62230683.55535000,0
1773374400000,89.70000000,89.74000000,88.15000000,88.68000000,486847.85200000,1773388799999,43262966.14964000,133325,235718.11900000,20946178.12146000,0
1773388800000,88.68000000,90.45000000,88.32000000,90.33000000,589014.79000000,1773403199999,52807575.80543000,175850,287690.87000000,25773729.98415000,0
1773403200000,90.32000000,92.98000000,89.30000000,89.49000000,1453108.68800000,1773417599999,132756013.69632000,450384,754041.35300000,68906408.29220000,0
1773417600000,89.49000000,90.15000000,88.37000000,88.92000000,611464.12500000,1773431999999,54496148.98880000,235873,300527.77300000,26797042.74047000,0
1773432000000,88.91000000,89.16000000,87.73000000,88.18000000,380030.05000000,1773446399999,33599394.56862000,117808,189415.06300000,16752518.96381000,0
1773446400000,88.17000000,88.62000000,87.79000000,88.40000000,276797.77500000,1773460799999,24403525.29481000,86057,119060.80800000,10501961.51488000,0
1773460800000,88.40000000,88.71000000,86.92000000,87.33000000,331874.02600000,1773475199999,29127035.40167000,89206,151272.31100000,13276173.66966000,0
1773475200000,87.32000000,87.55000000,86.51000000,86.96000000,283476.77800000,1773489599999,24656713.29095000,77126,161509.08800000,14043864.20990000,0
1773489600000,86.95000000,87.36000000,86.63000000,86.72000000,244066.44700000,1773503999999,21221995.92132000,74436,122352.62900000,10639901.98063000,0
1773504000000,86.72000000,87.13000000,86.62000000,87.00000000,122777.32000000,1773518399999,10675146.12815000,44508,69238.54000000,6019701.10815000,0
1773518400000,87.01000000,88.16000000,86.87000000,88.03000000,239150.69300000,1773532799999,20938634.46756000,81457,129529.68200000,11338383.34803000,0
1773532800000,88.04000000,88.65000000,87.58000000,87.86000000,272238.60200000,1773547199999,23962627.90716000,105093,126603.17400000,11144191.85705000,0
1773547200000,87.86000000,88.66000000,87.85000000,88.22000000,284899.88000000,1773561599999,25166448.52455000,77305,159378.59100000,14077877.20928000,0
1773561600000,88.22000000,88.88000000,88.14000000,88.55000000,190655.21700000,1773575999999,16872440.33245000,67397,99143.77800000,8773584.74097000,0
1773576000000,88.56000000,88.56000000,87.36000000,87.90000000,258089.75100000,1773590399999,22679818.38073000,114381,126277.23100000,11095380.80093000,0
1773590400000,87.90000000,88.80000000,87.45000000,88.19000000,265335.37000000,1773604799999,23394309.43503000,106561,132019.48900000,11635864.45133000,0
1773604800000,88.19000000,93.23000000,87.98000000,92.30000000,1343328.28500000,1773619199999,122691843.92509000,413788,782446.26100000,71394434.80690000,0
1773619200000,92.31000000,94.00000000,91.18000000,93.16000000,1014325.14300000,1773633599999,93879021.74231000,379604,542783.38100000,50251373.82935000,0
1773633600000,93.17000000,94.32000000,92.94000000,93.56000000,975084.33700000,1773647999999,91300997.00749000,278407,550513.95300000,51556550.82204000,0
1773648000000,93.56000000,94.02000000,92.57000000,93.75000000,452990.40800000,1773662399999,42296827.20951000,164742,241575.14500000,22567425.99210000,0
1773662400000,93.75000000,95.13000000,92.37000000,93.20000000,1523871.55400000,1773676799999,142864671.02536000,387288,678676.33200000,63676381.20092000,0
1773676800000,93.20000000,95.48000000,93.13000000,95.21000000,833015.47400000,1773691199999,78587613.62568000,248854,470394.70100000,44378976.45037000,0
1773691200000,95.21000000,97.68000000,95.06000000,96.20000000,822363.70500000,1773705599999,79121003.53144000,254196,455916.83200000,43877481.34777000,0
1773705600000,96.19000000,96.95000000,93.71000000,94.07000000,824181.76800000,1773719999999,78582220.13056000,271151,408916.27900000,39046696.49194000,0
1773720000000,94.07000000,94.66000000,93.20000000,94.44000000,389934.67800000,1773734399999,36626046.30118000,133933,176308.00300000,16572115.45735000,0
1773734400000,94.43000000,95.09000000,93.25000000,93.66000000,414284.95000000,1773748799999,39010823.17322000,148624,202704.21300000,19091279.59935000,0
1773748800000,93.67000000,95.13000000,93.15000000,93.82000000,523337.72900000,1773763199999,49184711.34596000,273516,259730.44700000,24421952.00297000,0
1773763200000,93.82000000,95.59000000,93.72000000,94.67000000,396165.86900000,1773777599999,37549668.19710000,172774,198187.54400000,18787979.75316000,0
1773777600000,94.66000000,95.62000000,94.41000000,94.62000000,285652.59200000,1773791999999,27148245.80650000,112615,130075.83600000,12365749.80325000,0
1773792000000,94.61000000,95.65000000,94.10000000,95.05000000,254699.64000000,1773806399999,24143315.31250000,124298,136807.02400000,12975487.95426000,0
1773806400000,95.06000000,95.12000000,93.72000000,93.95000000,325950.60400000,1773820799999,30705544.56422000,109518,147682.23300000,13907114.39530000,0
1773820800000,93.95000000,94.44000000,91.82000000,92.00000000,645779.01600000,1773835199999,60095899.49711000,214407,293336.38200000,27255489.74357000,0
1773835200000,92.00000000,92.03000000,88.55000000,89.37000000,1121595.20200000,1773849599999,101008707.28640000,422433,527947.85900000,47509517.34075000,0
1773849600000,89.36000000,90.86000000,88.61000000,89.71000000,634508.74200000,1773863999999,56954196.92364000,275918,315234.64300000,28306619.00363000,0
1773864000000,89.70000000,90.62000000,88.99000000,90.08000000,311328.35400000,1773878399999,28009741.80139000,106270,184369.75200000,16589796.63870000,0
1773878400000,90.07000000,91.41000000,89.79000000,90.74000000,271818.87000000,1773892799999,24607529.89821000,111168,151554.40000000,13725175.62164000,0
1773892800000,90.74000000,90.74000000,88.63000000,89.42000000,447543.09800000,1773907199999,40153231.81624000,152659,192735.03600000,17300917.91743000,0
1773907200000,89.41000000,90.48000000,89.09000000,89.62000000,348118.63900000,1773921599999,31254520.06047000,128139,194893.64900000,17504539.28739000,0
1773921600000,89.62000000,89.62000000,87.15000000,87.63000000,769220.35500000,1773935999999,67832755.14635000,294307,371777.85500000,32770944.17112000,0
1773936000000,87.63000000,89.26000000,87.00000000,88.72000000,521449.91600000,1773950399999,45894328.46834000,196401,279065.73000000,24558575.69846000,0
1773950400000,88.71000000,89.32000000,88.37000000,88.89000000,251392.04600000,1773964799999,22357339.49031000,87027,130161.36700000,11577097.98948000,0
1773964800000,88.90000000,89.80000000,88.87000000,89.57000000,325453.51500000,1773979199999,29081569.96569000,93823,165826.57200000,14819531.40304000,0
1773979200000,89.57000000,89.75000000,88.50000000,89.37000000,281203.17300000,1773993599999,25075851.66853000,105697,143249.19900000,12780614.92749000,0
1773993600000,89.38000000,90.45000000,88.61000000,89.15000000,528038.84500000,1774007999999,47222099.84606000,159383,281960.72600000,25228699.50922000,0
1774008000000,89.15000000,89.73000000,88.51000000,88.94000000,539218.06400000,1774022399999,48010767.61524000,229842,301353.17700000,26835500.75573000,0
1774022400000,88.94000000,89.23000000,88.13000000,88.99000000,258041.82500000,1774036799999,22887983.48830000,145355,125353.95200000,11120091.49535000,0
1774036800000,88.99000000,90.26000000,88.65000000,89.84000000,269456.11600000,1774051199999,24142797.45885000,95867,123405.08000000,11057461.96427000,0
1774051200000,89.85000000,90.65000000,89.73000000,90.45000000,161696.72000000,1774065599999,14580894.51119000,61353,87945.94400000,7933799.35960000,0
1774065600000,90.45000000,90.81000000,89.91000000,90.12000000,243992.03800000,1774079999999,22019899.27920000,61941,127648.54200000,11519305.64371000,0
1774080000000,90.12000000,90.40000000,89.81000000,89.94000000,153713.83400000,1774094399999,13842195.51993000,52921,65796.31000000,5925667.43759000,0
1774094400000,89.95000000,90.42000000,89.39000000,89.82000000,175297.22600000,1774108799999,15770048.81988000,81096,72060.83900000,6482317.30139000,0
1774108800000,89.83000000,90.00000000,89.41000000,89.79000000,113940.45600000,1774123199999,10220786.72394000,51736,64394.55100000,5775882.04755000,0
1774123200000,89.80000000,90.29000000,87.14000000,87.56000000,393204.95100000,1774137599999,34822267.47379000,121459,171558.71800000,15186174.59552000,0
1774137600000,87.55000000,89.17000000,86.26000000,88.68000000,697228.29400000,1774151999999,61027809.71202000,241521,362930.40500000,31783094.94660000,0
1774152000000,88.67000000,89.20000000,87.67000000,87.70000000,270478.48100000,1774166399999,23951737.58654000,105360,128813.79600000,11404997.56585000,0
1774166400000,87.70000000,87.74000000,86.84000000,86.85000000,303964.70000000,1774180799999,26532560.36544000,102926,144657.28300000,12627276.91196000,0
1774180800000,86.84000000,87.74000000,86.82000000,87.57000000,205979.15600000,1774195199999,17978982.52940000,81246,121636.29800000,10618688.95349000,0
1774195200000,87.58000000,87.71000000,86.51000000,86.86000000,197027.51100000,1774209599999,17165185.09847000,76566,85310.19800000,7433709.82499000,0
1774209600000,86.87000000,87.19000000,85.14000000,86.20000000,463408.98900000,1774223999999,39903803.77886000,185368,221659.58200000,19099783.42291000,0
1774224000000,86.21000000,87.22000000,85.47000000,86.40000000,318814.59500000,1774238399999,27539434.22070000,162136,171562.72600000,14830829.88848000,0
1774238400000,86.39000000,87.33000000,85.11000000,85.99000000,494882.93900000,1774252799999,42734309.79334000,172601,250462.23100000,21632664.82719000,0
1774252800000,86.00000000,91.93000000,85.19000000,88.78000000,1467214.37800000,1774267199999,131179214.52231000,489146,741297.19900000,66273634.17391000,0
1774267200000,88.78000000,92.26000000,88.33000000,89.95000000,1147241.97700000,1774281599999,104027673.72749000,469654,594789.74400000,53966047.08798000,0
1774281600000,89.96000000,91.90000000,89.40000000,91.39000000,802182.92500000,1774295999999,72847558.65556000,259189,441417.57200000,40097064.95666000,0
1774296000000,91.38000000,92.02000000,90.98000000,91.43000000,331369.57400000,1774310399999,30340521.06499000,113877,188607.97000000,17271247.89101000,0
1774310400000,91.44000000,91.68000000,89.96000000,90.35000000,323535.98700000,1774324799999,29322771.94037000,138908,169689.35900000,15381205.64819000,0
1774324800000,90.34000000,91.89000000,89.99000000,91.72000000,371099.48200000,1774339199999,33630539.72067000,128524,203734.90700000,18469653.17050000,0
1774339200000,91.71000000,92.22000000,91.12000000,91.77000000,507240.51000000,1774353599999,46541086.07824000,145243,294246.70800000,27004065.73064000,0
1774353600000,91.78000000,91.86000000,88.70000000,89.74000000,986008.49100000,1774367999999,88940397.76802000,297063,451691.47000000,40731549.97672000,0
1774368000000,89.74000000,89.98000000,88.42000000,88.52000000,451039.88000000,1774382399999,40201827.00384000,162854,205380.70100000,18309443.81528000,0
1774382400000,88.53000000,91.13000000,88.51000000,90.80000000,447118.17600000,1774396799999,40322928.78040000,148251,248471.39300000,22404367.87407000,0
1774396800000,90.80000000,91.95000000,90.71000000,91.69000000,372289.68900000,1774411199999,33973735.64033000,122034,197326.46900000,18010665.41118000,0
1774411200000,91.69000000,92.96000000,91.59000000,91.81000000,636566.52000000,1774425599999,58795297.13520000,126452,391803.47100000,36191041.12564000,0
1774425600000,91.82000000,93.47000000,91.82000000,92.99000000,511796.13400000,1774439999999,47384344.81173000,139030,249260.13300000,23081307.51432000,0
1774440000000,92.99000000,93.43000000,91.00000000,91.77000000,567696.94000000,1774454399999,52445544.16635000,225597,238206.88700000,22013754.96321000,0
1774454400000,91.77000000,92.73000000,91.40000000,91.75000000,320002.53900000,1774468799999,29441108.60005000,149408,172352.51300000,15857235.64002000,0
1774468800000,91.76000000,91.96000000,91.03000000,91.70000000,244182.97600000,1774483199999,22333279.76571000,82207,136582.41800000,12494572.86636000,0
1774483200000,91.70000000,91.98000000,90.61000000,91.07000000,238387.62300000,1774497599999,21756783.96769000,91448,113570.21600000,10369144.75346000,0
1774497600000,91.07000000,91.08000000,88.81000000,89.10000000,823846.48500000,1774511999999,73683828.24502000,165594,310187.59700000,27747258.18051000,0
1774512000000,89.10000000,89.11000000,87.45000000,87.58000000,622106.80600000,1774526399999,54889432.77630000,147198,252256.02400000,22273918.41029000,0
1774526400000,87.58000000,88.24000000,86.73000000,87.54000000,607964.69500000,1774540799999,53242764.22496000,181510,306293.47200000,26836850.33783000,0
1774540800000,87.53000000,87.73000000,85.45000000,85.48000000,570992.64400000,1774555199999,49393733.36191000,133747,278619.86200000,24110035.19779000,0
1774555200000,85.48000000,87.14000000,85.45000000,86.53000000,702894.48300000,1774569599999,60882178.19452000,145367,367365.94200000,31810775.69783000,0
1774569600000,86.52000000,87.04000000,86.19000000,86.42000000,234021.69600000,1774583999999,20263750.34125000,77370,106594.80400000,9229290.47875000,0
1774584000000,86.42000000,86.75000000,85.69000000,85.92000000,436318.57200000,1774598399999,37558215.88419000,98816,165422.96100000,14241493.12202000,0
1774598400000,85.92000000,86.14000000,82.63000000,83.39000000,940535.15200000,1774612799999,79304293.96294000,243873,418534.99000000,35254724.34338000,0
1774612800000,83.39000000,84.03000000,82.50000000,83.35000000,600075.64200000,1774627199999,49916877.08251000,183996,344748.22500000,28684631.77719000,0
1774627200000,83.36000000,83.44000000,81.86000000,82.81000000,428188.40300000,1774641599999,35379869.86393000,147169,219675.91400000,18158164.24166000,0
1774641600000,82.81000000,83.14000000,82.38000000,83.11000000,201422.60500000,1774655999999,16674147.13243000,66072,119916.77200000,9930831.79221000,0
1774656000000,83.11000000,83.11000000,82.25000000,82.60000000,167036.24200000,1774670399999,13813585.05951000,55337,84332.85200000,6975031.94959000,0
1774670400000,82.60000000,83.67000000,82.38000000,83.62000000,226948.91600000,1774684799999,18823203.52213000,60795,128498.72700000,10661440.47620000,0
1774684800000,83.62000000,83.73000000,82.69000000,82.94000000,293830.46400000,1774699199999,24438490.76615000,68939,134571.34500000,11195216.21609000,0
1774699200000,82.94000000,84.29000000,82.60000000,83.83000000,587986.45700000,1774713599999,49034877.85998000,136237,312367.41400000,26053047.81955000,0
1774713600000,83.84000000,83.95000000,83.04000000,83.28000000,158735.49900000,1774727999999,13256443.20581000,51844,72332.39200000,6039607.41547000,0
1774728000000,83.28000000,83.52000000,81.69000000,82.09000000,232472.52100000,1774742399999,19219752.85004000,78706,107302.80800000,8877817.69778000,0
1774742400000,82.09000000,83.24000000,81.87000000,83.00000000,181670.45400000,1774756799999,14985167.73406000,62820,99020.61000000,8171559.07286000,0
1774756800000,83.01000000,83.04000000,82.23000000,82.45000000,208371.61800000,1774771199999,17219957.59573000,52639,84310.39500000,6966631.26186000,0
1774771200000,82.45000000,82.84000000,81.98000000,82.58000000,188587.20600000,1774785599999,15526599.09903000,58667,101452.10500000,8350267.31225000,0
1774785600000,82.59000000,82.65000000,81.36000000,81.81000000,242466.94200000,1774799999999,19871971.96197000,82231,111438.94800000,9133014.81907000,0
1774800000000,81.82000000,82.12000000,81.12000000,81.62000000,159921.60600000,1774814399999,13055539.40127000,58161,81818.34700000,6681382.11925000,0
1774814400000,81.62000000,82.23000000,78.96000000,81.44000000,643655.64900000,1774828799999,51960021.90488000,208592,297461.10000000,24051515.48138000,0
1774828800000,81.45000000,83.94000000,81.15000000,83.27000000,697702.30000000,1774843199999,57747301.15667000,226157,388540.26100000,32155970.30511000,0
1774843200000,83.27000000,84.26000000,83.26000000,84.02000000,448198.48300000,1774857599999,37515091.72448000,116661,237462.31500000,19879422.50893000,0
1774857600000,84.01000000,84.88000000,83.55000000,84.24000000,513690.86900000,1774871999999,43283668.96778000,122865,270912.86600000,22831513.87821000,0
1774872000000,84.25000000,84.99000000,83.65000000,84.51000000,511038.50200000,1774886399999,43098784.49749000,175775,239353.35000000,20192263.22991000,0
1774886400000,84.50000000,84.55000000,81.96000000,82.39000000,511840.07300000,1774900799999,42493613.13739000,145674,229764.78500000,19059620.89036000,0
1774900800000,82.38000000,83.68000000,82.14000000,82.54000000,343384.46000000,1774915199999,28466516.97452000,100007,198630.16500000,16470397.56530000,0
1774915200000,82.55000000,84.62000000,82.15000000,83.60000000,444423.07600000,1774929599999,37062999.05446000,157883,244071.96500000,20341843.79008000,0
1774929600000,83.60000000,83.91000000,82.68000000,83.10000000,414755.16000000,1774943999999,34549872.79626000,106470,193108.22300000,16097532.18767000,0
1774944000000,83.10000000,83.35000000,80.08000000,80.85000000,1334193.19600000,1774958399999,107958004.80145000,224697,694963.00000000,56195645.04002000,0
1774958400000,80.85000000,82.59000000,80.40000000,80.86000000,929630.90900000,1774972799999,75559208.27998000,272329,442679.73000000,35984638.50260000,0
1774972800000,80.87000000,83.47000000,80.87000000,82.70000000,774479.72200000,1774987199999,63947670.58980000,286477,386528.86100000,31912703.38218000,0
1774987200000,82.70000000,83.40000000,82.33000000,83.20000000,375085.36300000,1775001599999,31090844.74016000,109937,203239.12900000,16853073.93657000,0
1775001600000,83.19000000,83.58000000,82.48000000,83.43000000,401305.61700000,1775015999999,33332568.65985000,147782,185742.58500000,15437336.98963000,0
1775016000000,83.44000000,84.74000000,83.26000000,83.84000000,578648.40100000,1775030399999,48673129.24335000,157688,297756.46600000,25050773.52548000,0
1775030400000,83.84000000,84.06000000,83.07000000,83.37000000,412603.12100000,1775044799999,34448254.74563000,107634,192010.09600000,16033124.04839000,0
1775044800000,83.37000000,83.88000000,82.40000000,83.63000000,694205.46100000,1775059199999,57719439.75210000,234043,348930.00300000,29016731.63122000,0
1775059200000,83.62000000,86.65000000,83.08000000,83.82000000,1336245.80800000,1775073599999,113440807.64913000,333705,669007.66500000,56833702.00338000,0
1775073600000,83.83000000,83.88000000,80.77000000,81.18000000,1253727.71200000,1775087999999,102761300.88040000,240846,640084.62800000,52425504.48151000,0
1775088000000,81.19000000,81.77000000,78.30000000,79.01000000,1419298.54500000,1775102399999,113231684.53102000,388048,699072.80900000,55813390.11806000,0
1775102400000,79.01000000,79.67000000,78.62000000,79.65000000,516514.98800000,1775116799999,40854411.27947000,117410,312936.20300000,24754814.00611000,0
1775116800000,79.64000000,79.64000000,78.20000000,78.31000000,411747.94600000,1775131199999,32508055.87303000,95286,204357.02400000,16134510.34153000,0
1775131200000,78.32000000,79.73000000,76.70000000,79.03000000,1100370.68900000,1775145599999,86006580.17945000,309423,612074.18200000,47846074.98035000,0
1775145600000,79.03000000,79.88000000,78.43000000,78.98000000,499900.65100000,1775159999999,39559249.76597000,156529,253149.52800000,20039444.84217000,0
1775160000000,78.99000000,79.37000000,78.63000000,78.94000000,262191.44400000,1775174399999,20717142.96119000,83064,137293.66400000,10849319.71397000,0
1775174400000,78.95000000,79.79000000,78.85000000,79.00000000,367179.71800000,1775188799999,29091823.96444000,109621,182365.47600000,14452947.29605000,0
1775188800000,79.00000000,80.16000000,78.99000000,79.96000000,358252.99900000,1775203199999,28493204.56908000,93418,215193.77500000,17128391.23613000,0
1775203200000,79.96000000,80.47000000,79.64000000,80.18000000,386244.72800000,1775217599999,30889132.42036000,90021,190084.63000000,15206917.88677000,0
1775217600000,80.18000000,80.91000000,79.17000000,80.33000000,501254.56500000,1775231999999,40089326.38688000,140390,271710.83400000,21738310.54942000,0
1775232000000,80.33000000,80.67000000,79.87000000,80.21000000,353827.74000000,1775246399999,28405233.27057000,87342,209470.28400000,16816455.25046000,0
1775246400000,80.21000000,80.73000000,79.92000000,80.40000000,264079.99000000,1775260799999,21211286.07226000,64473,172784.84300000,13880772.70475000,0
1775260800000,80.39000000,80.42000000,80.06000000,80.18000000,206139.61900000,1775275199999,16532511.43158000,41911,131953.17000000,10582237.95646000,0
1775275200000,80.18000000,80.54000000,80.11000000,80.32000000,130479.24000000,1775289599999,10470192.22452000,32596,54316.23000000,4359158.90516000,0
1775289600000,80.32000000,80.40000000,79.92000000,80.21000000,146135.04600000,1775303999999,11708956.75893000,44669,67116.36400000,5376790.08297000,0
1775304000000,80.20000000,81.61000000,79.57000000,81.10000000,445163.65200000,1775318399999,35930486.06737000,94348,216971.34700000,17511713.21699000,0
1775318400000,81.10000000,81.35000000,80.61000000,80.85000000,331318.14400000,1775332799999,26821160.69325000,72654,157162.15600000,12723572.76568000,0
1775332800000,80.86000000,81.06000000,80.62000000,80.83000000,303695.06600000,1775347199999,24561506.96415000,53403,151385.35800000,12241767.80234000,0
1775347200000,80.84000000,80.85000000,80.37000000,80.55000000,122141.93800000,1775361599999,9842907.63865000,38637,49772.85900000,4011596.32970000,0
1775361600000,80.55000000,80.58000000,79.41000000,79.60000000,317730.24500000,1775375999999,25396048.59656000,74693,155212.33400000,12413107.13550000,0
1775376000000,79.59000000,80.24000000,79.54000000,79.90000000,158236.78100000,1775390399999,12626923.02804000,37128,82666.70100000,6597421.22424000,0
1775390400000,79.91000000,80.33000000,78.52000000,79.60000000,389250.69800000,1775404799999,30889321.33590000,120077,198209.36000000,15724897.72402000,0
1775404800000,79.59000000,80.23000000,79.37000000,79.83000000,205479.26100000,1775419199999,16399027.75782000,83405,88610.70700000,7072096.02542000,0
1775419200000,79.83000000,82.13000000,79.10000000,81.89000000,539599.63500000,1775433599999,43589962.51543000,176728,283258.99800000,22894303.34616000,0
1775433600000,81.89000000,82.97000000,81.66000000,82.11000000,683999.27900000,1775447999999,56312856.81888000,218665,331234.53300000,27278058.81595000,0
1775448000000,82.11000000,82.34000000,80.97000000,81.82000000,343134.99200000,1775462399999,28037541.91622000,95586,165803.74500000,13554072.49650000,0
1775462400000,81.83000000,83.20000000,81.71000000,82.45000000,497756.75100000,1775476799999,41045672.31882000,114770,264116.09700000,21777617.32273000,0
1775476800000,82.44000000,82.81000000,81.73000000,82.27000000,427565.33700000,1775491199999,35178900.57417000,168200,212007.96800000,17447332.80735000,0
1775491200000,82.28000000,82.48000000,81.19000000,81.90000000,348382.08000000,1775505599999,28493471.34636000,118144,178745.00100000,14623622.25261000,0
1775505600000,81.91000000,82.15000000,79.60000000,80.03000000,429532.12500000,1775519999999,34650415.18192000,120947,201022.50900000,16208775.32453000,0
1775520000000,80.03000000,80.23000000,79.38000000,79.80000000,361044.76800000,1775534399999,28818211.97926000,122158,170881.87600000,13639830.88745000,0
1775534400000,79.80000000,80.17000000,79.31000000,79.87000000,303809.31200000,1775548799999,24206711.45126000,69218,153270.06000000,12215822.77764000,0
1775548800000,79.87000000,80.59000000,78.95000000,79.21000000,497100.40100000,1775563199999,39668077.78418000,126801,258823.50900000,20656120.20643000,0
1775563200000,79.22000000,79.39000000,78.38000000,78.86000000,531566.96400000,1775577599999,41940113.97690000,154256,266383.62200000,21024322.63748000,0
1775577600000,78.86000000,81.83000000,78.65000000,81.63000000,851596.33100000,1775591999999,68335125.40271000,220707,439828.20500000,35287682.79583000,0
1775592000000,81.63000000,87.02000000,81.63000000,85.56000000,1767480.74400000,1775606399999,149050996.19032000,627817,907426.51600000,76502950.59033000,0
1775606400000,85.56000000,85.90000000,84.26000000,84.56000000,580400.66100000,1775620799999,49225694.13918000,199678,243867.03300000,20687036.48908000,0
1775620800000,84.56000000,85.03000000,83.89000000,84.50000000,451678.96100000,1775635199999,38192162.10633000,118785,225851.88100000,19101644.88532000,0
1775635200000,84.51000000,84.98000000,84.11000000,84.45000000,393181.29300000,1775649599999,33252347.91582000,95430,204266.77700000,17275034.36965000,0
1775649600000,84.46000000,84.98000000,82.51000000,83.34000000,873601.93900000,1775663999999,73135734.59378000,252099,450781.74100000,37741148.32619000,0
1775664000000,83.33000000,84.18000000,82.77000000,83.19000000,341350.33300000,1775678399999,28468122.02481000,133204,181715.60800000,15156325.17197000,0
1775678400000,83.19000000,83.61000000,82.24000000,82.57000000,312545.36100000,1775692799999,25902716.75570000,111258,127237.92300000,10551378.47413000,0
1775692800000,82.56000000,82.67000000,81.70000000,82.03000000,466965.45600000,1775707199999,38350798.09900000,114791,201843.96600000,16579051.75692000,0
1775707200000,82.02000000,82.48000000,81.74000000,82.29000000,236036.43400000,1775721599999,19376565.12537000,70571,115714.79500000,9499965.49975000,0
1775721600000,82.29000000,82.71000000,82.03000000,82.18000000,228031.46500000,1775735999999,18792628.26552000,79907,108943.12200000,8979836.93415000,0
1775736000000,82.18000000,83.94000000,81.40000000,83.75000000,526295.67700000,1775750399999,43491829.69087000,190063,317311.93700000,26265581.38482000,0
1775750400000,83.75000000,84.70000000,82.92000000,84.17000000,744217.35500000,1775764799999,62506433.48803000,246472,393549.31300000,33066271.38378000,0
1775764800000,84.16000000,85.95000000,83.15000000,83.33000000,574381.24200000,1775779199999,48504927.39142000,198434,313438.94200000,26482006.76030000,0
1775779200000,83.33000000,83.79000000,82.62000000,82.90000000,336956.63100000,1775793599999,28015799.89521000,119066,180014.36300000,14970003.08988000,0
1775793600000,82.89000000,83.59000000,82.86000000,82.95000000,251334.43400000,1775807999999,20921464.66809000,70436,130777.71900000,10885800.62631000,0
1775808000000,82.95000000,83.74000000,82.70000000,83.52000000,432782.00400000,1775822399999,36047855.96945000,94086,252083.79500000,20994818.58695000,0
1775822400000,83.52000000,85.58000000,83.36000000,84.24000000,693351.47100000,1775836799999,58541036.16613000,218571,359084.07700000,30321446.46919000,0
1775836800000,84.25000000,85.47000000,84.14000000,85.44000000,255382.95900000,1775851199999,21658346.40896000,105969,128717.33900000,10917590.73212000,0
1775851200000,85.45000000,85.67000000,84.65000000,84.83000000,216270.84400000,1775865599999,18401988.31718000,76553,86426.32500000,7357179.95766000,0
1775865600000,84.83000000,84.93000000,84.31000000,84.40000000,151906.97800000,1775879999999,12856843.19036000,50341,73994.65700000,6263949.66089000,0
1775880000000,84.40000000,84.62000000,83.87000000,84.28000000,195743.59800000,1775894399999,16483357.88697000,61711,105546.51000000,8888358.07893000,0
1775894400000,84.27000000,84.80000000,83.80000000,84.24000000,206226.41600000,1775908799999,17380037.66390000,60826,113958.06100000,9604802.35349000,0
1775908800000,84.24000000,84.88000000,83.84000000,84.66000000,308568.98200000,1775923199999,26031482.99829000,85980,138938.87700000,11724960.19829000,0
1775923200000,84.67000000,86.26000000,84.60000000,86.01000000,413520.98200000,1775937599999,35314411.08716000,126360,234893.28500000,20070314.31451000,0
1775937600000,86.01000000,86.19000000,84.52000000,84.93000000,294934.92700000,1775951999999,25184401.16991000,94579,143948.88600000,12294215.38099000,0
1775952000000,84.94000000,85.00000000,81.84000000,82.33000000,630649.64200000,1775966399999,52355343.50806000,202460,279217.67700000,23167947.52546000,0
1775966400000,82.32000000,82.50000000,82.06000000,82.27000000,232256.93100000,1775980799999,19117982.72883000,67144,118455.16000000,9750962.15725000,0
1775980800000,82.28000000,82.41000000,81.92000000,82.22000000,260332.78400000,1775995199999,21390929.86769000,53310,127645.08100000,10492018.06374000,0
1775995200000,82.21000000,82.56000000,81.27000000,81.59000000,518788.00700000,1776009599999,42468898.19968000,119679,246380.53000000,20178654.06672000,0
1776009600000,81.59000000,82.32000000,81.53000000,81.99000000,166707.05700000,1776023999999,13668899.64317000,54770,93410.43900000,7659489.53159000,0
1776024000000,81.98000000,82.88000000,81.27000000,81.53000000,366057.44500000,1776038399999,30046042.77553000,142444,170528.33100000,14009474.21042000,0
1776038400000,81.54000000,82.44000000,81.40000000,81.91000000,244773.30000000,1776052799999,20071290.29309000,96967,119124.79700000,9768755.53438000,0
1776052800000,81.90000000,82.60000000,81.54000000,82.17000000,216328.76400000,1776067199999,17761473.47351000,73977,108860.14300000,8942265.29477000,0
1776067200000,82.17000000,82.32000000,81.64000000,81.86000000,291426.64100000,1776081599999,23881489.08109000,96396,152956.93100000,12537111.65777000,0
1776081600000,81.86000000,83.82000000,81.82000000,82.65000000,681567.62200000,1776095999999,56533947.51005000,230534,371766.75600000,30840141.48968000,0
1776096000000,82.66000000,84.25000000,82.34000000,84.09000000,492483.87600000,1776110399999,41067657.60609000,207988,275828.00900000,23004790.71087000,0
1776110400000,84.09000000,86.81000000,83.81000000,86.51000000,1023810.21200000,1776124799999,87565185.45024000,332307,538453.71600000,46058917.91058000,0
1776124800000,86.51000000,86.75000000,85.37000000,86.05000000,677256.66400000,1776139199999,58333168.62562000,176769,310213.14900000,26729691.50626000,0
1776139200000,86.05000000,86.20000000,85.43000000,85.88000000,365505.31000000,1776153599999,31379019.03869000,94363,176208.14500000,15128016.87625000,0
1776153600000,85.88000000,86.56000000,85.60000000,85.78000000,454441.14700000,1776167999999,39099787.84619000,97033,246949.04900000,21250844.79515000,0
1776168000000,85.78000000,87.67000000,85.25000000,85.95000000,992259.41400000,1776182399999,85809926.59891000,278102,538999.61600000,46629158.03883000,0
1776182400000,85.95000000,86.17000000,83.71000000,83.95000000,570744.16200000,1776196799999,48404670.14737000,186109,252050.55200000,21378995.38109000,0
1776196800000,83.94000000,84.14000000,83.30000000,83.72000000,472777.99500000,1776211199999,39556597.00171000,117307,226579.62300000,18958561.09907000,0
1776211200000,83.72000000,84.06000000,83.13000000,83.45000000,493483.22400000,1776225599999,41290779.37477000,134939,254757.91000000,21317799.30128000,0
1776225600000,83.45000000,83.79000000,82.65000000,82.92000000,363848.67200000,1776239999999,30239857.09716000,115524,169498.32700000,14090197.77355000,0
1776240000000,82.92000000,83.68000000,82.71000000,83.61000000,346599.96400000,1776254399999,28833320.76747000,114168,186603.15800000,15525737.43382000,0
1776254400000,83.60000000,84.49000000,83.21000000,84.00000000,520359.07300000,1776268799999,43613897.64840000,189780,272109.63800000,22813452.74108000,0
1776268800000,84.00000000,85.83000000,83.90000000,85.51000000,487544.42300000,1776283199999,41391911.48952000,176935,254772.75000000,21633008.86365000,0
1776283200000,85.51000000,85.59000000,84.18000000,84.90000000,390613.23700000,1776297599999,33148692.16286000,135221,175809.47600000,14920012.36938000,0
1776297600000,84.90000000,85.58000000,84.45000000,85.28000000,269928.52900000,1776311999999,22955183.06024000,119519,129727.60900000,11034606.50405000,0
1776312000000,85.29000000,85.71000000,84.99000000,85.21000000,242302.55600000,1776326399999,20690391.21267000,95035,118487.70500000,10117374.21658000,0
1776326400000,85.21000000,85.51000000,84.64000000,85.07000000,357699.71200000,1776340799999,30451585.95483000,94251,176793.75200000,15052760.05265000,0
1776340800000,85.07000000,87.13000000,83.80000000,86.62000000,1057312.10900000,1776355199999,90524606.48323000,328440,561044.48000000,48052093.05107000,0
1776355200000,86.62000000,90.16000000,85.63000000,90.10000000,1361241.19400000,1776369599999,119639119.67647000,360037,800325.86200000,70467462.75859000,0
1776369600000,90.10000000,90.53000000,88.72000000,89.05000000,651807.24100000,1776383999999,58278035.33310000,191213,318090.91000000,28455197.28747000,0
1776384000000,89.06000000,89.19000000,87.48000000,87.72000000,366515.35700000,1776398399999,32333168.35849000,108299,136646.18200000,12060456.63594000,0
1776398400000,87.73000000,88.47000000,87.36000000,88.12000000,351013.87600000,1776412799999,30855730.21714000,97094,157027.57900000,13801326.57692000,0
1776412800000,88.13000000,89.53000000,87.34000000,88.21000000,651630.78100000,1776427199999,57572480.85107000,175374,341761.32400000,30206522.15798000,0
1776427200000,88.22000000,90.73000000,87.91000000,89.95000000,2089964.55100000,1776441599999,186963783.17119000,480660,1268566.94400000,113379010.10386000,0
1776441600000,89.95000000,90.59000000,88.88000000,89.23000000,489309.48800000,1776455999999,43885203.09250000,206451,249794.06800000,22408832.17735000,0
1776456000000,89.24000000,89.47000000,88.50000000,88.76000000,288774.33500000,1776470399999,25696917.10760000,109177,121284.50300000,10795569.82043000,0
1776470400000,88.77000000,89.16000000,88.23000000,88.33000000,197626.43100000,1776484799999,17547567.36124000,86624,87955.37500000,7814868.66397000,0
1776484800000,88.34000000,88.64000000,88.16000000,88.45000000,306769.02800000,1776499199999,27118910.16919000,76124,142306.02000000,12582148.16043000,0
1776499200000,88.45000000,88.50000000,86.28000000,86.53000000,630736.90200000,1776513599999,55029749.64804000,159629,268458.77700000,23419083.79614000,0
1776513600000,86.54000000,86.98000000,86.41000000,86.75000000,295960.57700000,1776527999999,25675400.54613000,91118,155494.28800000,13491371.45397000,0
1776528000000,86.75000000,86.98000000,85.78000000,86.13000000,278680.98000000,1776542399999,24071275.31375000,86550,110834.78100000,9573703.01804000,0
1776542400000,86.12000000,86.46000000,85.92000000,86.16000000,183416.62500000,1776556799999,15806322.50034000,60026,98686.85800000,8505487.79445000,0
1776556800000,86.15000000,86.38000000,85.24000000,85.60000000,230818.52200000,1776571199999,19790370.00393000,79463,93288.34400000,8000044.34281000,0
1776571200000,85.60000000,85.96000000,84.43000000,84.88000000,430382.11400000,1776585599999,36653453.66821000,107708,197158.50400000,16787159.63448000,0
1776585600000,84.88000000,85.71000000,84.44000000,85.60000000,456198.77300000,1776599999999,38764048.82116000,101933,260291.49800000,22127592.53179000,0
1776600000000,85.61000000,87.12000000,85.55000000,86.36000000,552970.96100000,1776614399999,47723502.08352000,159988,321273.85300000,27734070.46703000,0
1776614400000,86.35000000,86.50000000,84.88000000,85.33000000,349741.83100000,1776628799999,29898829.73113000,137861,138598.52200000,11854699.19919000,0
1776628800000,85.33000000,85.35000000,82.94000000,83.47000000,574736.86400000,1776643199999,48275218.69531000,182724,259908.13300000,21836674.68413000,0
1776643200000,83.47000000,84.62000000,83.34000000,84.59000000,328650.34900000,1776657599999,27618358.69805000,100509,168300.67400000,14140807.45362000,0
1776657600000,84.59000000,85.76000000,83.75000000,84.73000000,386047.82100000,1776671999999,32662164.14040000,111208,221805.30100000,18770427.44643000,0
1776672000000,84.74000000,85.40000000,84.57000000,85.07000000,305061.63800000,1776686399999,25933237.84340000,98740,164369.00200000,13974998.59683000,0
1776686400000,85.06000000,85.88000000,84.42000000,85.86000000,624252.68700000,1776700799999,53225438.51728000,230755,340357.81600000,29038246.15510000,0
1776700800000,85.86000000,86.22000000,85.25000000,85.80000000,374667.83800000,1776715199999,32174063.01852000,132036,181788.07400000,15614472.06642000,0
1776715200000,85.80000000,86.21000000,85.21000000,85.28000000,281666.41700000,1776729599999,24134442.90952000,82528,123042.63900000,10550169.99195000,0
1776729600000,85.29000000,85.83000000,85.00000000,85.17000000,255983.80500000,1776743999999,21853103.69894000,86805,140606.25700000,12007442.16021000,0
1776744000000,85.17000000,85.98000000,85.02000000,85.71000000,318885.85100000,1776758399999,27281835.42819000,90274,150095.16700000,12843464.33571000,0
1776758400000,85.71000000,86.38000000,85.52000000,85.85000000,256797.07100000,1776772799999,22072937.90243000,91002,137301.87500000,11805223.95007000,0
1776772800000,85.85000000,86.89000000,85.17000000,86.05000000,449581.74900000,1776787199999,38606844.28620000,203157,240351.40900000,20643906.89754000,0
1776787200000,86.05000000,86.30000000,84.31000000,84.57000000,441499.18500000,1776801599999,37671661.19143000,198444,209099.01900000,17851954.84425000,0
1776801600000,84.57000000,86.13000000,84.43000000,86.03000000,388839.60800000,1776815999999,33203502.67758000,119355,216828.54700000,18518126.08912000,0
1776816000000,86.04000000,87.87000000,86.01000000,87.24000000,584800.39100000,1776830399999,50830997.91431000,177104,344385.36300000,29940732.45112000,0
1776830400000,87.25000000,88.33000000,86.97000000,88.05000000,615570.18100000,1776844799999,54089549.82487000,132985,353814.73200000,31101982.82319000,0
1776844800000,88.06000000,88.88000000,87.60000000,88.31000000,408342.68400000,1776859199999,36029015.99412000,106259,231793.70700000,20454735.72440000,0
1776859200000,88.31000000,89.32000000,87.99000000,88.18000000,829572.54400000,1776873599999,73557274.06600000,206947,420788.36700000,37321271.00203000,0
1776873600000,88.19000000,88.46000000,87.09000000,87.37000000,500634.79400000,1776887999999,43967937.08157000,124301,272746.01900000,23956005.40143000,0
1776888000000,87.38000000,87.72000000,86.81000000,86.87000000,215951.24100000,1776902399999,18838193.60799000,66873,107415.23800000,9369957.11112000,0
1776902400000,86.86000000,87.18000000,85.48000000,85.79000000,443314.67100000,1776916799999,38267225.50971000,126660,219339.42000000,18946784.87299000,0
1776916800000,85.78000000,86.24000000,85.51000000,85.90000000,308456.36500000,1776931199999,26515307.88244000,79437,171996.95000000,14787132.11087000,0
1776931200000,85.91000000,85.94000000,85.20000000,85.81000000,329245.38500000,1776945599999,28176456.15745000,86273,167847.50200000,14366001.57896000,0
1776945600000,85.82000000,86.66000000,85.55000000,86.35000000,587798.05700000,1776959999999,50582768.38231000,138663,330616.09800000,28446086.49766000,0
1776960000000,86.36000000,86.42000000,84.48000000,85.30000000,892045.76600000,1776974399999,76184111.35953000,257128,479091.19400000,40922015.64118000,0
1776974400000,85.30000000,86.25000000,85.29000000,86.12000000,333802.99500000,1776988799999,28655478.08828000,101439,182665.95000000,15674976.12748000,0
1776988800000,86.12000000,86.36000000,85.40000000,85.69000000,224668.28700000,1777003199999,19306460.57421000,78457,113158.54000000,9726171.14803000,0
1777003200000,85.69000000,85.82000000,85.14000000,85.51000000,287361.38700000,1777017599999,24554837.51696000,70939,164930.41100000,14093278.06894000,0
1777017600000,85.50000000,86.28000000,84.92000000,86.19000000,401616.79500000,1777031999999,34390205.98924000,94364,217302.82100000,18611516.21805000,0
1777032000000,86.20000000,86.79000000,85.53000000,86.52000000,469577.26600000,1777046399999,40486185.44381000,154550,216588.64900000,18675639.19765000,0
1777046400000,86.52000000,86.58000000,85.95000000,86.33000000,210273.12900000,1777060799999,18153663.28693000,83804,98772.02200000,8528455.28494000,0
1777060800000,86.32000000,86.94000000,86.10000000,86.18000000,225077.79900000,1777075199999,19468898.86180000,63822,108140.53800000,9356858.02166000,0
1777075200000,86.18000000,86.50000000,86.03000000,86.46000000,96838.82800000,1777089599999,8352586.57716000,27893,50304.68000000,4339975.59236000,0
1777089600000,86.46000000,86.66000000,86.11000000,86.36000000,159702.55100000,1777103999999,13788267.57899000,44678,83659.39600000,7221658.91388000,0
1777104000000,86.36000000,86.80000000,86.25000000,86.36000000,180595.86700000,1777118399999,15632993.47695000,57526,88846.79700000,7689331.99785000,0
1777118400000,86.36000000,86.67000000,86.10000000,86.22000000,134518.90800000,1777132799999,11632438.49457000,50142,54371.27200000,4700537.54558000,0
1777132800000,86.22000000,86.33000000,85.53000000,85.68000000,335731.11500000,1777147199999,28795776.02770000,68355,185385.22200000,15901283.42970000,0
1777147200000,85.68000000,86.20000000,85.61000000,86.18000000,126545.16700000,1777161599999,10881688.96730000,51481,51144.22800000,4398078.11848000,0
1777161600000,86.19000000,86.46000000,85.84000000,85.99000000,162593.65800000,1777175999999,14004639.68074000,38724,76051.26100000,6550039.53388000,0
1777176000000,85.99000000,86.73000000,85.92000000,86.62000000,283104.75000000,1777190399999,24477882.34046000,65000,154252.28800000,13335368.55405000,0
1777190400000,86.63000000,86.76000000,86.42000000,86.48000000,122739.18700000,1777204799999,10623240.41102000,38608,60592.78500000,5244046.06422000,0
1777204800000,86.49000000,86.59000000,85.90000000,86.56000000,324280.06900000,1777219199999,27967676.45457000,76057,158528.07500000,13671927.24494000,0
1777219200000,86.55000000,87.20000000,86.27000000,86.88000000,206047.95800000,1777233599999,17874848.99549000,56600,105452.83300000,9150038.20114000,0
1777233600000,86.89000000,87.32000000,86.19000000,86.93000000,354735.83000000,1777247999999,30779082.51289000,105668,180288.26500000,15641324.09132000,0
1777248000000,86.93000000,88.08000000,86.53000000,87.72000000,801807.89800000,1777262399999,69954596.39799000,143286,518221.39100000,45156250.66753000,0
1777262400000,87.72000000,87.84000000,85.26000000,85.27000000,659179.20200000,1777276799999,56783515.17814000,151830,314689.52300000,27085555.13493000,0
1777276800000,85.27000000,85.63000000,85.05000000,85.26000000,450659.71300000,1777291199999,38453041.23225000,98472,232594.21900000,19844942.24329000,0
1777291200000,85.26000000,85.83000000,83.63000000,84.17000000,611500.31100000,1777305599999,51830356.09304000,198098,274486.33300000,23270185.63937000,0
1777305600000,84.17000000,84.70000000,83.83000000,84.19000000,295300.31200000,1777319999999,24897286.27019000,90999,137624.61600000,11606789.78566000,0
1777320000000,84.18000000,84.90000000,84.11000000,84.82000000,190654.25500000,1777334399999,16100392.21513000,54834,105815.27600000,8936731.61378000,0
1777334400000,84.82000000,84.93000000,83.90000000,84.17000000,182077.19700000,1777348799999,15370689.54457000,59197,83918.73900000,7087551.37890000,0
1777348800000,84.18000000,84.43000000,83.65000000,84.02000000,528349.02100000,1777363199999,44394882.45942000,75757,320212.69500000,26900469.01792000,0
1777363200000,84.01000000,84.19000000,83.30000000,83.42000000,185635.25700000,1777377599999,15538854.72562000,55688,83643.38800000,7002504.21548000,0
1777377600000,83.42000000,84.00000000,82.98000000,83.46000000,371084.65700000,1777391999999,30938585.58985000,106548,188226.94700000,15697449.24705000,0
1777392000000,83.46000000,84.02000000,83.32000000,83.89000000,175320.70900000,1777406399999,14664928.20066000,56469,105361.15200000,8813990.07134000,0
1777406400000,83.89000000,84.15000000,83.58000000,84.06000000,221927.60200000,1777420799999,18607321.81147000,44224,122528.04700000,10273531.39268000,0
1777420800000,84.06000000,84.74000000,83.81000000,84.59000000,237688.43600000,1777435199999,19998929.80578000,56327,125323.07500000,10547306.04925000,0
1777435200000,84.60000000,85.06000000,84.45000000,84.71000000,276091.58500000,1777449599999,23406505.23433000,57385,135190.31500000,11462201.44219000,0
1777449600000,84.71000000,85.56000000,83.20000000,84.91000000,577117.69200000,1777463999999,49088547.90980000,94259,242888.79600000,20667440.15882000,0
1777464000000,84.91000000,84.92000000,83.00000000,83.26000000,566495.94000000,1777478399999,47472406.87161000,136392,218380.98800000,18300454.03475000,0
1777478400000,83.25000000,83.65000000,81.40000000,82.19000000,684401.48200000,1777492799999,56349873.73474000,172227,327261.62400000,26941840.50148000,0
1777492800000,82.20000000,83.22000000,82.17000000,83.04000000,234268.46100000,1777507199999,19386629.41446000,64715,132957.07100000,11003416.20541000,0
1777507200000,83.05000000,84.01000000,82.70000000,83.06000000,318849.92900000,1777521599999,26610069.03044000,106743,178934.23300000,14933854.39065000,0
1777521600000,83.06000000,83.39000000,82.16000000,83.35000000,258316.21500000,1777535999999,21395067.08746000,78206,127445.19700000,10556311.26409000,0
1777536000000,83.35000000,83.55000000,82.79000000,83.01000000,211178.16600000,1777550399999,17564487.79522000,61584,108018.02500000,8986626.29265000,0
1777550400000,83.01000000,83.83000000,82.69000000,83.36000000,287914.24600000,1777564799999,23965375.67850000,104611,144145.05400000,12000817.23939000,0
1777564800000,83.36000000,83.43000000,82.87000000,83.04000000,171900.66800000,1777579199999,14284590.12434000,72910,106156.68000000,8820857.66319000,0
1777579200000,83.04000000,83.19000000,82.78000000,83.09000000,124432.38700000,1777593599999,10327509.49606000,57476,70738.49000000,5871443.23094000,0
1777593600000,83.09000000,84.38000000,83.08000000,83.89000000,263561.95700000,1777607999999,22051118.75131000,81687,122960.19500000,10290314.32189000,0
1777608000000,83.90000000,84.23000000,83.67000000,83.96000000,289752.93200000,1777622399999,24316933.70721000,54926,146920.46300000,12331328.34642000,0
1777622400000,83.96000000,84.30000000,83.69000000,84.01000000,214484.02300000,1777636799999,18016140.87572000,51593,110008.85300000,9241512.26918000,0
1777636800000,84.01000000,84.86000000,83.89000000,84.47000000,517696.74200000,1777651199999,43674873.08920000,113755,276240.90800000,23308159.49158000,0
1777651200000,84.46000000,84.63000000,83.79000000,83.90000000,265797.06900000,1777665599999,22362384.39784000,73066,137393.21900000,11558840.79574000,0
1777665600000,83.90000000,83.93000000,83.33000000,83.76000000,246775.23600000,1777679999999,20652102.52179000,57395,129314.04300000,10822939.99526000,0
1777680000000,83.76000000,84.18000000,83.44000000,83.82000000,166608.57100000,1777694399999,13964525.76290000,41266,87999.72100000,7374331.28693000,0
1777694400000,83.82000000,83.86000000,83.54000000,83.74000000,111014.49500000,1777708799999,9291747.76271000,38136,49928.53700000,4178749.06650000,0
1777708800000,83.73000000,84.17000000,83.52000000,83.70000000,165721.90500000,1777723199999,13900217.61276000,46741,67675.72500000,5674986.79671000,0
1777723200000,83.70000000,84.11000000,83.67000000,84.04000000,183447.03400000,1777737599999,15400141.52019000,48833,94114.16100000,7900676.64983000,0
1777737600000,84.04000000,84.31000000,83.95000000,84.22000000,130231.21100000,1777751999999,10954728.91415000,42312,74921.98200000,6301914.93697000,0
1777752000000,84.23000000,84.97000000,84.07000000,84.26000000,270736.28300000,1777766399999,22860064.40447000,65735,147961.99200000,12493820.11413000,0
1777766400000,84.26000000,84.31000000,83.58000000,83.67000000,246902.03600000,1777780799999,20704983.83439000,62607,130617.89800000,10957247.62327000,0
1777780800000,83.66000000,84.02000000,83.58000000,83.88000000,138015.60000000,1777795199999,11568738.39234000,40931,71606.07900000,6001144.10612000,0
1777795200000,83.88000000,84.20000000,83.75000000,83.96000000,163338.07100000,1777809599999,13716857.75333000,45948,82559.61900000,6933438.75482000,0
1777809600000,83.96000000,84.45000000,83.95000000,84.16000000,199468.67800000,1777823999999,16797708.67086000,58559,100845.84000000,8492064.75964000,0
1777824000000,84.16000000,84.50000000,84.00000000,84.38000000,120424.17500000,1777838399999,10142278.90491000,42265,59912.60300000,5045660.85251000,0
1777838400000,84.37000000,84.97000000,83.87000000,83.91000000,400498.96200000,1777852799999,33810291.63967000,91083,201349.23600000,16996426.73732000,0
1777852800000,83.91000000,85.67000000,83.35000000,85.41000000,948697.54700000,1777867199999,80384829.55096000,185047,495318.47300000,41958335.65433000,0
1777867200000,85.40000000,85.90000000,84.51000000,84.87000000,571740.24800000,1777881599999,48779934.93865000,95614,250162.75800000,21344145.67236000,0
1777881600000,84.87000000,85.20000000,83.23000000,83.95000000,651310.68100000,1777895999999,54737829.17784000,147230,305459.87200000,25681703.97511000,0
1777896000000,83.96000000,85.32000000,83.59000000,84.47000000,705720.66000000,1777910399999,59630021.33154000,171797,350001.14200000,29572605.92374000,0
1777910400000,84.47000000,85.19000000,83.98000000,84.44000000,394682.41300000,1777924799999,33416549.74548000,111542,185525.81200000,15712696.36473000,0
1777924800000,84.45000000,84.56000000,84.02000000,84.10000000,197155.66900000,1777939199999,16611910.55406000,46710,101910.71100000,8587961.81466000,0
1777939200000,84.11000000,84.97000000,84.04000000,84.78000000,257970.46800000,1777953599999,21801612.07293000,58259,144160.02700000,12183944.20965000,0
1777953600000,84.77000000,85.12000000,84.54000000,84.87000000,465709.89500000,1777967999999,39523152.53990000,68668,236000.77200000,20028222.79035000,0
1777968000000,84.88000000,85.01000000,84.43000000,84.97000000,235571.03000000,1777982399999,19961158.33424000,51598,129228.95200000,10950182.73246000,0
1777982400000,84.97000000,86.10000000,84.90000000,85.50000000,663678.58600000,1777996799999,56820554.18867000,141723,371194.09000000,31786514.95702000,0
1777996800000,85.50000000,86.56000000,85.00000000,86.49000000,416842.63900000,1778011199999,35780139.28280000,89257,196642.92100000,16884590.77209000,0
1778011200000,86.49000000,86.98000000,86.17000000,86.29000000,439115.50800000,1778025599999,38021893.92082000,111059,224054.49500000,19404271.76790000,0
1778025600000,86.29000000,87.51000000,86.10000000,87.33000000,458049.99200000,1778039999999,39794777.29690000,94440,270117.02100000,23463342.20936000,0
1778040000000,87.34000000,87.89000000,86.67000000,87.70000000,429209.41400000,1778054399999,37468200.43261000,88325,237142.78600000,20707067.20795000,0
1778054400000,87.71000000,90.03000000,87.64000000,89.87000000,1026165.09800000,1778068799999,91382290.86320000,189471,591089.61700000,52641963.67947000,0
1778068800000,89.87000000,89.97000000,87.47000000,88.97000000,939895.84300000,1778083199999,83381142.66330000,238860,423288.39200000,37559229.07775000,0
1778083200000,88.97000000,89.51000000,88.50000000,89.27000000,365985.51300000,1778097599999,32567698.67388000,111767,186357.40700000,16586847.70036000,0
1778097600000,89.27000000,89.62000000,88.65000000,89.16000000,263950.17000000,1778111999999,23557653.94144000,76806,122237.01000000,10911458.09934000,0
1778112000000,89.16000000,89.27000000,87.63000000,87.75000000,335206.37300000,1778126399999,29574644.34374000,120695,162502.99100000,14338685.02278000,0
1778126400000,87.75000000,90.44000000,87.69000000,90.16000000,578644.42000000,1778140799999,51579758.85046000,126538,329268.18800000,29374930.33829000,0
1778140800000,90.17000000,90.27000000,88.76000000,89.57000000,463543.63800000,1778155199999,41478853.72819000,125979,237359.70400000,21246310.08979000,0
1778155200000,89.56000000,90.10000000,87.79000000,88.32000000,787879.49000000,1778169599999,69983363.14192000,216392,404133.02600000,35926485.35431000,0
1778169600000,88.32000000,89.05000000,87.96000000,88.45000000,388762.63500000,1778183999999,34403882.66696000,147603,183035.01800000,16203779.38199000,0
1778184000000,88.45000000,88.88000000,87.67000000,88.42000000,338143.94500000,1778198399999,29777782.96226000,92343,145448.72400000,12811479.67365000,0
1778198400000,88.43000000,88.65000000,87.60000000,88.22000000,274109.01500000,1778212799999,24150104.34539000,93216,141717.45000000,12487094.27452000,0
1778212800000,88.23000000,88.42000000,87.65000000,88.22000000,340406.88900000,1778227199999,29975054.15545000,92378,146807.69700000,12932028.10589000,0
1778227200000,88.23000000,89.10000000,88.01000000,88.64000000,407490.55700000,1778241599999,36053312.64960000,86158,222687.14900000,19704755.31430000,0
1778241600000,88.64000000,89.60000000,88.01000000,89.59000000,400869.86600000,1778255999999,35597369.00143000,156966,206506.89400000,18343356.61527000,0
1778256000000,89.60000000,92.80000000,89.34000000,92.60000000,887232.36100000,1778270399999,81105226.56870000,255668,535069.54500000,48902244.96410000,0
1778270400000,92.61000000,92.71000000,91.73000000,92.01000000,334326.17100000,1778284799999,30829143.50768000,95733,166335.97400000,15340802.11017000,0
1778284800000,92.02000000,93.91000000,91.85000000,93.64000000,576427.73200000,1778299199999,53757739.19212000,146856,322150.57200000,30033783.05809000,0
1778299200000,93.65000000,94.17000000,92.84000000,93.76000000,496098.36200000,1778313599999,46439294.64771000,138926,267041.61200000,25003585.33224000,0
1778313600000,93.76000000,93.95000000,93.05000000,93.62000000,267175.42500000,1778327999999,24977414.65582000,83325,137351.74600000,12841315.05219000,0
1778328000000,93.61000000,93.74000000,92.39000000,93.01000000,288521.50600000,1778342399999,26843099.83948000,96113,134595.68100000,12524510.22175000,0
1778342400000,93.01000000,93.65000000,92.69000000,93.51000000,234608.81100000,1778356799999,21854806.75541000,84747,129086.86200000,12027809.79962000,0
1778356800000,93.51000000,93.56000000,93.05000000,93.13000000,111440.86000000,1778371199999,10400979.79887000,41588,67496.52300000,6300175.64092000,0
1778371200000,93.12000000,93.51000000,92.60000000,93.42000000,312003.75100000,1778385599999,29045093.65362000,74854,156425.28500000,14560064.68503000,0
1778385600000,93.41000000,93.63000000,93.24000000,93.46000000,148136.22700000,1778399999999,13839899.46180000,43894,86104.50700000,8044602.08719000,0
1778400000000,93.46000000,94.80000000,92.91000000,93.55000000,511703.37400000,1778414399999,48059352.91681000,113055,275720.15700000,25901146.72893000,0
1778414400000,93.56000000,94.73000000,93.20000000,94.53000000,320850.53100000,1778428799999,30136986.65714000,94488,177579.49500000,16681059.37234000,0
1778428800000,94.53000000,97.00000000,94.18000000,96.47000000,655333.72900000,1778443199999,62762268.29262000,189190,381745.70400000,36572517.00341000,0
1778443200000,96.47000000,96.86000000,93.43000000,96.47000000,611141.38300000,1778457599999,58336972.10310000,279639,302234.98000000,28889133.40986000,0
1778457600000,96.46000000,96.67000000,94.46000000,94.76000000,667426.52600000,1778471999999,63821396.47396000,208982,310816.94200000,29724231.32017000,0
1778472000000,94.76000000,96.16000000,94.43000000,95.33000000,317251.40800000,1778486399999,30259845.37294000,99773,168946.67100000,16116396.39967000,0
1778486400000,95.34000000,95.57000000,94.58000000,95.25000000,389420.94100000,1778500799999,37041870.21279000,96598,176503.53000000,16795427.80725000,0
1778500800000,95.26000000,96.80000000,94.30000000,96.80000000,749651.41100000,1778515199999,71462646.24496000,243994,396294.40900000,37796616.69606000,0
1778515200000,96.79000000,98.39000000,96.50000000,98.19000000,694124.81100000,1778529599999,67710754.51097000,255817,403689.98700000,39384776.74346000,0
1778529600000,98.19000000,98.41000000,97.10000000,97.37000000,260174.86800000,1778543999999,25402869.31066000,100014,122608.03200000,11975317.23883000,0
1778544000000,97.37000000,97.68000000,95.54000000,96.14000000,531025.29100000,1778558399999,51296118.22794000,132930,265988.66100000,25696452.21950000,0
1778558400000,96.14000000,97.00000000,95.82000000,96.05000000,258227.35500000,1778572799999,24878907.01306000,82418,116018.61700000,11179807.07264000,0
1778572800000,96.05000000,96.15000000,94.60000000,94.98000000,617423.63800000,1778587199999,58914119.25736000,135008,307282.94700000,29319353.36008000,0
1778587200000,94.97000000,95.56000000,93.55000000,93.85000000,788159.26100000,1778601599999,74606303.06415000,238314,344869.17800000,32671295.99926000,0
1778601600000,93.85000000,95.01000000,93.60000000,94.92000000,452976.88400000,1778615999999,42741334.51153000,116734,248544.90800000,23456635.45768000,0
1778616000000,94.92000000,95.05000000,94.23000000,94.28000000,162224.93000000,1778630399999,15360709.26196000,50190,79289.71200000,7510275.42721000,0
1778630400000,94.28000000,95.59000000,94.05000000,95.56000000,347495.28600000,1778644799999,33001252.65934000,103554,199478.71900000,18943652.33492000,0
1778644800000,95.56000000,95.99000000,94.88000000,95.14000000,307365.71600000,1778659199999,29331578.38465000,68678,150031.59300000,14320261.64301000,0
1778659200000,95.14000000,95.89000000,94.25000000,94.33000000,442947.46300000,1778673599999,42128681.98941000,111796,231045.69400000,21976719.18980000,0
1778673600000,94.33000000,94.64000000,90.27000000,90.43000000,1235684.77200000,1778687999999,114075718.57977000,340579,574344.08400000,53030643.83700000,0
1778688000000,90.43000000,91.41000000,90.41000000,90.96000000,587067.16700000,1778702399999,53377248.39668000,144987,293882.18800000,26722361.02115000,0
1778702400000,90.95000000,91.35000000,90.64000000,91.17000000,272011.39800000,1778716799999,24769662.89240000,76722,123046.86300000,11206204.55288000,0
1778716800000,91.17000000,91.42000000,89.82000000,89.93000000,422008.90300000,1778731199999,38256506.59490000,116265,176558.21400000,16007150.20509000,0
1778731200000,89.93000000,92.02000000,89.86000000,90.88000000,437427.86300000,1778745599999,39833067.82342000,100158,217775.63100000,19828387.95239000,0
1778745600000,90.88000000,91.12000000,90.67000000,91.05000000,61956.45900000,1778759999999,5634582.80685000,10495,25222.42000000,2293923.02443000,0
